STCODE,STNAME,DIST,DISTNAME,YEAR,RICE_TAI,WHT_TAI,SORG_KAI,SORG_RAI,SORG_TAI,PMLT_TAI,MAIZ_TAI,FMLT_TAI,BRLY_TAI,CPEA_TAI,PPEA_TAI,MPUL_TAI,GNUT_TAI,SESA_TAI,RM_TAI,LINS_TAI,SCAN_TAI,COTN_TAI,TFV_TAI
2,Bihar,901,Champaran,1966,100.00,15.00,0.00,0.00,0.00,0.00,0.00,0.00,4.17,0.00,0.00,1.87,0.00,0.00,0.00,0.00,2.00,0.00,1.66
2,Bihar,901,Champaran,1967,103.00,15.00,0.00,0.00,0.00,0.00,0.00,0.00,4.83,0.00,0.00,0.71,0.00,0.00,0.00,0.00,1.00,0.00,1.50
2,Bihar,901,Champaran,1968,113.00,39.00,0.00,0.00,0.00,0.00,1.00,0.00,3.95,0.00,0.00,0.16,0.00,0.00,0.00,0.00,2.00,0.00,2.76
2,Bihar,901,Champaran,1969,114.00,55.00,0.00,0.00,0.00,0.00,3.00,0.00,4.08,0.00,0.00,0.69,0.00,0.00,0.00,0.00,2.00,0.00,2.57
2,Bihar,901,Champaran,1970,113.00,75.00,0.00,0.00,0.00,0.00,1.00,0.00,4.49,0.00,0.00,1.07,0.00,0.00,1.00,0.00,2.00,0.00,3.15
2,Bihar,901,Champaran,1971,112.00,73.00,0.00,0.00,0.00,0.00,2.00,0.00,4.01,0.00,0.00,1.85,0.00,0.00,1.00,0.00,1.00,0.00,3.56
2,Bihar,901,Champaran,1972,123.00,91.00,0.00,0.00,0.00,0.00,3.00,0.00,4.47,0.00,0.00,0.29,0.00,0.00,0.00,0.00,3.00,0.00,3.61
2,Bihar,901,Champaran,1973,131.00,65.00,0.00,0.00,0.00,0.00,5.00,0.00,3.20,0.00,0.00,0.19,0.00,0.00,1.00,0.00,3.00,0.00,3.48
2,Bihar,901,Champaran,1974,118.00,72.00,0.00,0.00,0.00,0.00,6.00,0.00,3.33,0.00,0.00,0.41,0.00,0.00,0.00,0.00,2.00,0.00,4.64
2,Bihar,901,Champaran,1975,127.00,99.00,0.00,0.00,0.00,0.00,11.00,0.00,2.56,0.00,0.00,0.65,0.00,0.00,0.00,0.00,2.00,0.00,5.24
2,Bihar,901,Champaran,1976,141.00,121.00,0.00,0.00,0.00,0.00,13.00,0.00,2.51,0.00,0.00,1.76,0.00,0.00,0.00,0.00,2.00,0.00,5.18
2,Bihar,901,Champaran,1977,155.00,97.00,0.00,0.00,0.00,0.00,15.00,0.00,2.22,1.00,0.00,0.87,0.00,0.00,0.00,0.00,3.00,0.00,6.32
2,Bihar,901,Champaran,1978,139.00,102.00,1.00,0.00,1.00,0.00,22.00,0.00,2.21,0.00,0.00,1.33,0.00,0.00,1.00,0.00,3.00,0.00,7.19
2,Bihar,901,Champaran,1979,139.50,100.00,0.00,0.00,0.00,0.00,15.00,0.00,1.92,1.00,0.00,0.38,0.00,0.00,1.00,0.00,3.00,0.00,7.24
2,Bihar,901,Champaran,1980,144.00,99.00,0.00,0.00,0.00,0.00,16.00,0.00,1.19,0.00,0.00,0.30,0.00,0.00,0.00,0.00,4.00,0.00,6.74
2,Bihar,901,Champaran,1981,139.00,92.00,0.00,0.00,0.00,0.00,19.00,0.00,0.62,0.00,0.00,0.73,0.00,0.00,0.00,0.00,3.00,0.00,6.95
2,Bihar,901,Champaran,1982,139.00,94.00,0.00,0.00,0.00,0.00,22.00,0.00,0.67,0.00,0.00,0.91,0.00,0.00,0.00,0.00,4.00,0.00,6.70
2,Bihar,901,Champaran,1983,152.00,102.00,0.00,0.00,0.00,0.00,19.00,0.00,0.64,0.00,0.00,0.49,0.00,0.00,0.00,0.00,2.00,0.00,6.44
2,Bihar,901,Champaran,1984,152.00,106.00,0.00,0.00,0.00,0.00,18.00,0.00,0.42,0.00,0.00,0.27,0.00,0.00,0.00,0.00,2.00,0.00,7.30
2,Bihar,901,Champaran,1985,150.00,116.00,0.00,0.00,0.00,0.00,17.00,0.00,0.20,0.00,0.00,0.25,0.00,0.00,0.00,0.00,2.00,0.00,7.58
2,Bihar,901,Champaran,1986,148.00,110.00,0.00,0.00,0.00,0.00,15.00,0.00,0.20,0.00,0.00,0.10,0.00,0.00,0.00,0.00,3.00,0.00,8.61
2,Bihar,901,Champaran,1987,127.00,122.00,0.00,0.00,0.00,0.00,18.00,0.00,0.07,0.00,0.00,0.36,0.00,0.00,0.00,0.00,5.00,0.00,7.21
2,Bihar,901,Champaran,1988,142.00,137.00,0.00,0.00,0.00,0.00,22.00,0.00,0.12,0.07,0.00,0.37,0.00,0.00,0.00,0.00,6.00,0.00,7.41
2,Bihar,901,Champaran,1989,135.00,134.00,0.00,0.00,0.00,0.00,22.00,0.00,0.03,0.05,0.00,1.23,0.00,0.00,0.00,0.00,10.00,0.00,8.72
2,Bihar,901,Champaran,1990,108.74,120.03,0.00,0.00,0.00,0.00,35.29,0.00,0.00,0.02,0.00,0.40,0.00,0.00,0.00,0.00,3.40,0.00,4.10
2,Bihar,901,Champaran,1991,142.81,141.32,0.00,0.00,0.00,0.00,20.21,0.00,0.00,0.61,0.00,0.31,0.00,0.00,0.00,0.00,2.67,0.00,4.33
2,Bihar,901,Champaran,1992,142.95,172.62,0.00,0.00,0.00,0.00,19.60,0.00,0.00,0.36,0.00,0.13,0.00,0.00,0.00,0.00,3.91,0.00,4.21
2,Bihar,901,Champaran,1993,159.00,150.60,0.00,0.00,0.00,0.00,18.59,0.00,0.00,0.02,0.00,-1.00,0.00,0.00,0.00,0.00,3.82,0.00,5.94
2,Bihar,901,Champaran,1994,139.11,131.34,0.00,0.00,0.00,0.00,20.49,0.00,0.00,0.38,0.00,-1.00,0.00,0.00,0.00,0.00,3.00,0.00,4.46
2,Bihar,901,Champaran,1995,216.01,183.45,-1.00,-1.00,-1.00,-1.00,41.99,-1.00,-1.00,0.11,-1.00,-1.00,-1.00,-1.00,-1.00,-1.00,13.13,-1.00,14.22
2,Bihar,901,Champaran,1996,212.67,188.66,-1.00,-1.00,-1.00,-1.00,60.16,-1.00,-1.00,0.00,-1.00,-1.00,-1.00,-1.00,-1.00,-1.00,18.41,-1.00,16.74
2,Bihar,901,Champaran,1998,182.81,159.36,0.00,0.00,0.00,0.00,24.91,0.07,0.09,0.04,0.00,0.20,0.00,0.03,1.00,0.28,28.22,0.00,23.78
2,Bihar,901,Champaran,1999,166.05,169.49,0.00,0.00,0.00,0.00,25.66,0.06,0.26,0.00,0.00,0.31,0.00,0.00,0.95,0.30,22.33,0.00,23.98
2,Bihar,901,Champaran,2000,168.29,173.63,0.00,0.00,0.00,0.00,25.62,0.04,1.05,0.00,0.00,1.44,0.00,0.00,0.12,0.00,22.59,0.00,23.65
2,Bihar,901,Champaran,2001,135.76,169.19,0.00,0.00,0.00,0.00,24.18,0.07,0.65,0.00,0.00,0.05,0.00,0.00,0.13,0.03,30.76,0.00,13.37
2,Bihar,901,Champaran,2002,145.63,125.93,0.00,0.00,0.00,0.00,21.13,0.01,0.03,0.00,0.02,0.05,0.00,0.00,0.13,0.00,20.93,0.00,22.79
2,Bihar,901,Champaran,2003,133.33,131.34,0.00,0.00,0.00,0.00,23.61,0.01,0.00,0.19,0.00,0.00,0.00,0.00,0.08,0.00,20.98,0.00,22.46
2,Bihar,901,Champaran,2004,192.39,175.71,0.00,0.00,0.00,0.00,53.80,0.00,0.02,0.16,0.00,0.14,0.00,0.05,1.56,0.04,21.75,0.00,29.61
2,Bihar,901,Champaran,2005,141.08,140.16,0.00,0.00,0.00,0.00,23.19,0.00,0.02,0.00,0.00,0.11,0.00,0.05,0.27,0.18,22.21,0.00,23.08
2,Bihar,901,Champaran,2006,149.35,143.62,0.00,0.00,0.00,0.00,22.84,0.00,0.02,0.11,0.00,0.13,0.00,0.00,0.28,0.17,23.19,0.00,23.86
2,Bihar,901,Champaran,2007,204.93,186.40,0.00,0.00,0.00,0.00,64.82,0.03,0.41,0.11,0.00,0.60,0.00,0.01,0.72,0.17,-1.00,0.00,31.67
2,Bihar,901,Champaran,2008,178.76,183.59,0.00,0.00,0.00,0.00,58.08,0.00,0.44,0.11,0.00,0.76,0.00,0.00,0.93,0.16,-1.00,0.00,29.90
2,Bihar,901,Champaran,2009,194.22,177.41,0.00,0.00,0.00,0.00,66.63,0.02,0.41,0.12,0.00,0.76,0.00,0.03,0.56,0.01,-1.00,0.00,30.60
2,Bihar,901,Champaran,2010,138.73,173.55,0.00,0.00,0.00,-1.00,55.65,0.00,-1.00,0.00,0.00,0.05,0.00,0.00,0.42,0.00,62.00,-1.00,29.57
2,Bihar,901,Champaran,2011,138.73,173.55,0.00,0.00,0.00,0.00,55.65,0.00,-1.00,0.00,0.00,-1.00,0.00,0.00,0.42,0.00,62.00,-1.00,-1.00
2,Bihar,902,Muzaffarpur,1966,8.00,4.00,0.00,0.00,0.00,0.00,0.00,0.00,1.32,0.00,0.00,0.19,0.00,0.00,0.00,0.00,0.00,0.00,6.79
2,Bihar,902,Muzaffarpur,1967,5.00,3.00,0.00,0.00,0.00,0.00,1.00,0.00,0.57,0.00,0.00,0.10,0.00,0.00,0.00,0.00,0.00,0.00,6.68
2,Bihar,902,Muzaffarpur,1968,5.00,8.00,0.00,0.00,0.00,0.00,2.00,0.00,0.48,0.00,0.00,0.15,0.00,0.00,0.00,0.00,0.00,0.00,7.04
2,Bihar,902,Muzaffarpur,1969,5.00,15.00,0.00,0.00,0.00,0.00,5.00,0.00,0.77,0.00,0.00,0.14,0.00,0.00,0.00,0.00,0.00,0.00,7.97
2,Bihar,902,Muzaffarpur,1970,7.00,27.00,0.00,0.00,0.00,0.00,5.00,0.00,0.64,0.00,0.00,0.11,0.00,0.00,0.00,0.00,0.00,0.00,8.31
2,Bihar,902,Muzaffarpur,1971,5.00,28.00,0.00,0.00,0.00,0.00,5.00,0.00,1.05,0.00,0.00,0.20,0.00,0.00,0.00,0.00,0.00,0.00,8.43
2,Bihar,902,Muzaffarpur,1972,12.00,33.00,0.00,0.00,0.00,0.00,9.00,0.00,0.91,0.00,0.00,0.06,0.00,0.00,0.00,0.00,0.00,0.00,8.53
2,Bihar,902,Muzaffarpur,1973,10.00,37.00,0.00,0.00,0.00,0.00,10.00,0.00,1.08,0.00,0.00,0.13,0.00,0.00,0.00,0.00,1.00,0.00,10.18
2,Bihar,902,Muzaffarpur,1974,8.00,55.00,0.00,0.00,0.00,0.00,13.00,0.00,0.87,0.00,0.00,0.62,0.00,0.00,0.00,0.00,0.00,0.00,10.76
2,Bihar,902,Muzaffarpur,1975,13.00,95.00,0.00,0.00,0.00,0.00,11.00,0.00,0.88,0.00,0.00,0.30,0.00,0.00,0.00,0.00,0.00,0.00,12.04
2,Bihar,902,Muzaffarpur,1976,26.00,104.00,0.00,0.00,0.00,0.00,29.00,1.00,1.13,0.00,0.00,0.61,0.00,0.00,0.00,0.00,0.00,0.00,13.64
2,Bihar,902,Muzaffarpur,1977,38.00,84.00,0.00,0.00,0.00,0.00,30.00,1.00,1.18,0.00,0.00,0.59,0.00,0.00,0.00,0.00,1.00,0.00,14.08
2,Bihar,902,Muzaffarpur,1978,25.00,86.00,0.00,0.00,0.00,0.00,32.00,1.00,0.51,0.00,0.00,0.40,0.00,0.00,0.00,0.00,1.00,0.00,14.22
2,Bihar,902,Muzaffarpur,1979,21.00,80.00,0.00,0.00,0.00,0.00,33.00,0.00,0.40,0.00,0.00,0.25,0.00,0.00,0.00,0.00,1.00,0.00,14.64
2,Bihar,902,Muzaffarpur,1980,16.00,80.00,0.00,0.00,0.00,0.00,33.00,0.00,0.50,0.00,0.00,0.26,0.00,0.00,0.00,0.00,0.00,0.00,15.40
2,Bihar,902,Muzaffarpur,1981,18.00,79.00,0.00,0.00,0.00,0.00,36.00,0.00,0.15,0.00,0.00,0.18,0.00,0.00,0.00,0.00,0.00,0.00,15.68
2,Bihar,902,Muzaffarpur,1982,23.00,91.00,0.00,0.00,0.00,0.00,42.00,1.00,0.51,0.00,0.00,0.28,0.00,0.00,0.00,0.00,0.00,0.00,18.07
2,Bihar,902,Muzaffarpur,1983,27.00,99.00,0.00,0.00,0.00,0.00,39.00,0.00,0.45,0.00,0.00,0.55,0.00,0.00,0.00,0.00,0.00,0.00,17.98
2,Bihar,902,Muzaffarpur,1984,23.00,103.00,0.00,0.00,0.00,0.00,32.00,0.00,0.47,0.00,0.00,0.28,0.00,0.00,1.00,0.00,0.00,0.00,18.71
2,Bihar,902,Muzaffarpur,1985,17.00,115.00,0.00,0.00,0.00,0.00,31.00,0.00,0.80,2.00,0.00,1.88,0.00,0.00,0.00,0.00,0.00,0.00,21.09
2,Bihar,902,Muzaffarpur,1986,16.00,118.00,0.00,0.00,0.00,0.00,32.00,0.00,0.19,0.00,0.00,0.57,0.00,0.00,0.00,0.00,0.00,0.00,19.38
2,Bihar,902,Muzaffarpur,1987,13.00,128.00,0.00,0.00,0.00,0.00,39.00,0.00,0.31,0.00,0.00,0.37,0.00,0.00,1.00,0.00,0.00,0.00,21.56
2,Bihar,902,Muzaffarpur,1988,20.00,140.00,0.00,0.00,0.00,0.00,40.00,0.00,0.24,0.09,0.00,0.73,0.00,0.00,0.00,0.00,0.00,0.00,23.55
2,Bihar,902,Muzaffarpur,1989,31.00,135.00,0.00,0.00,0.00,0.00,36.00,0.00,0.69,0.14,0.00,0.48,0.00,0.00,1.00,0.00,0.00,0.00,22.55
2,Bihar,902,Muzaffarpur,1990,17.31,131.94,0.00,0.00,0.00,0.00,35.87,0.00,0.00,0.02,0.00,3.97,0.00,0.00,0.00,0.00,0.11,0.00,9.92
2,Bihar,902,Muzaffarpur,1991,23.94,132.85,0.00,0.00,0.00,0.00,36.55,0.00,0.00,0.07,0.00,1.09,0.00,0.00,0.00,0.00,0.39,0.00,10.37
2,Bihar,902,Muzaffarpur,1992,21.47,133.27,0.00,0.00,0.00,0.00,35.19,0.00,0.00,0.05,0.00,1.54,0.00,0.00,0.00,0.00,0.27,0.00,11.98
2,Bihar,902,Muzaffarpur,1993,25.63,144.46,0.00,0.00,0.00,0.00,33.35,0.00,0.00,0.06,0.00,-1.00,0.00,0.00,0.00,0.00,0.42,0.00,12.47
2,Bihar,902,Muzaffarpur,1994,34.20,149.91,0.00,0.00,0.00,0.00,31.31,0.00,0.00,0.11,0.00,-1.00,0.00,0.00,0.00,0.00,0.22,0.00,11.10
2,Bihar,902,Muzaffarpur,1995,32.35,152.62,-1.00,-1.00,-1.00,-1.00,32.85,-1.00,-1.00,0.44,-1.00,-1.00,-1.00,-1.00,-1.00,-1.00,0.27,-1.00,26.02
2,Bihar,902,Muzaffarpur,1996,31.57,151.06,-1.00,-1.00,-1.00,-1.00,37.68,-1.00,-1.00,0.12,-1.00,-1.00,-1.00,-1.00,-1.00,-1.00,2.64,-1.00,28.26
2,Bihar,902,Muzaffarpur,1998,33.79,155.85,0.00,0.00,0.00,0.00,44.76,0.26,0.14,0.04,0.08,1.32,0.00,0.02,2.21,0.01,0.58,0.00,24.16
2,Bihar,902,Muzaffarpur,1999,28.26,170.16,0.00,0.00,0.00,0.00,42.16,0.01,0.37,0.04,0.07,1.02,0.00,0.02,1.67,0.02,0.64,0.00,26.77
2,Bihar,902,Muzaffarpur,2000,34.60,152.40,0.00,0.00,0.00,0.00,45.15,0.02,0.17,0.03,0.08,1.15,0.00,0.02,2.48,0.04,0.54,0.00,28.52
2,Bihar,902,Muzaffarpur,2001,47.78,176.75,0.00,0.00,0.00,0.00,46.12,0.02,0.13,0.26,0.09,0.42,0.00,0.00,3.86,0.03,0.08,0.00,26.35
2,Bihar,902,Muzaffarpur,2002,40.71,176.08,0.11,0.00,0.11,0.00,44.73,0.04,0.12,0.03,0.10,0.09,0.00,0.00,2.47,0.03,0.02,0.00,27.58
2,Bihar,902,Muzaffarpur,2003,41.03,161.25,0.00,0.00,0.00,0.00,39.73,0.00,2.03,0.96,0.05,0.00,0.00,0.00,3.42,0.02,0.02,0.00,23.71
2,Bihar,902,Muzaffarpur,2004,29.72,179.07,0.00,0.00,0.00,0.00,41.19,0.03,0.35,1.16,0.05,0.44,0.00,0.00,3.14,0.06,0.05,0.00,28.69
2,Bihar,902,Muzaffarpur,2005,29.24,161.38,0.00,0.00,0.00,0.00,45.68,0.01,0.20,0.66,0.22,1.10,0.00,0.02,4.18,0.02,0.01,0.00,29.92
2,Bihar,902,Muzaffarpur,2006,35.49,177.49,0.00,0.00,0.00,0.00,41.80,0.01,0.05,4.01,0.06,0.67,0.00,0.03,3.37,0.06,0.02,0.00,27.62
2,Bihar,902,Muzaffarpur,2007,44.98,198.03,0.66,0.00,0.66,0.35,42.27,0.01,0.17,0.00,0.02,1.22,0.00,0.02,3.89,0.25,-1.00,0.00,27.66
2,Bihar,902,Muzaffarpur,2008,56.24,194.01,0.00,0.00,0.00,0.00,40.22,0.00,0.07,0.05,0.03,4.38,0.00,0.03,3.91,0.20,-1.00,0.00,32.93
2,Bihar,902,Muzaffarpur,2009,56.44,195.84,0.00,0.00,0.00,0.00,41.61,0.03,0.02,0.05,0.09,0.11,0.00,0.00,6.02,0.00,-1.00,0.00,33.77
2,Bihar,902,Muzaffarpur,2010,74.11,200.73,0.00,0.00,0.00,-1.00,47.08,0.00,-1.00,0.12,0.05,0.14,0.00,0.00,7.93,0.17,0.51,-1.00,32.47
2,Bihar,902,Muzaffarpur,2011,74.11,200.73,0.00,0.00,0.00,0.00,47.08,0.00,-1.00,0.12,0.05,-1.00,0.00,0.00,7.93,0.17,0.51,-1.00,-1.00
2,Bihar,903,Darbhanga,1966,21.00,3.00,0.00,0.00,0.00,0.00,1.00,0.00,0.50,0.00,0.00,0.12,0.00,0.00,0.00,0.00,0.00,0.00,4.47
2,Bihar,903,Darbhanga,1967,25.00,5.00,0.00,0.00,0.00,0.00,3.00,1.00,0.40,0.00,0.00,0.05,0.00,0.00,0.00,0.00,0.00,0.00,3.52
2,Bihar,903,Darbhanga,1968,24.00,23.00,0.00,0.00,0.00,0.00,2.00,1.00,0.39,0.00,0.00,0.08,0.00,0.00,0.00,0.00,0.00,0.00,5.28
2,Bihar,903,Darbhanga,1969,30.00,32.00,0.00,0.00,0.00,0.00,6.00,1.00,0.25,0.00,0.00,0.26,0.00,0.00,0.00,0.00,0.00,0.00,4.32
2,Bihar,903,Darbhanga,1970,25.00,40.00,0.00,0.00,0.00,0.00,9.00,1.00,0.49,0.00,0.00,0.12,0.00,0.00,0.00,0.00,0.00,0.00,5.05
2,Bihar,903,Darbhanga,1971,21.00,40.00,0.00,0.00,0.00,0.00,6.00,1.00,0.41,0.00,0.00,0.06,0.00,0.00,0.00,0.00,0.00,0.00,4.77
2,Bihar,903,Darbhanga,1972,21.00,34.00,0.00,0.00,0.00,0.00,8.00,0.00,0.13,0.00,0.00,0.09,0.00,0.00,0.00,0.00,0.00,0.00,4.67
2,Bihar,903,Darbhanga,1973,26.00,34.00,0.00,0.00,0.00,0.00,8.00,1.00,0.11,0.00,0.00,0.06,0.00,0.00,0.00,0.00,0.00,0.00,5.65
2,Bihar,903,Darbhanga,1974,20.00,48.00,0.00,0.00,0.00,0.00,10.00,0.00,0.15,0.00,0.00,0.26,0.00,0.00,0.00,0.00,0.00,0.00,5.98
2,Bihar,903,Darbhanga,1975,24.00,94.00,0.00,0.00,0.00,0.00,8.00,0.00,0.14,0.00,0.00,0.37,0.00,0.00,0.00,0.00,0.00,0.00,8.15
2,Bihar,903,Darbhanga,1976,46.00,92.00,0.00,0.00,0.00,0.00,25.00,0.00,0.06,0.00,0.00,0.16,0.00,0.00,0.00,0.00,0.00,0.00,9.67
2,Bihar,903,Darbhanga,1977,40.00,71.00,0.00,0.00,0.00,0.00,34.00,2.00,0.13,0.00,0.00,0.30,0.00,0.00,0.00,0.00,0.00,0.00,9.78
2,Bihar,903,Darbhanga,1978,36.00,69.00,0.00,0.00,0.00,0.00,30.00,1.00,0.05,0.00,0.00,0.34,0.00,0.00,0.00,0.00,0.00,0.00,9.69
2,Bihar,903,Darbhanga,1979,33.00,72.00,0.00,0.00,0.00,0.00,30.00,1.00,0.03,0.00,0.00,0.67,0.00,0.00,0.00,0.00,0.00,0.00,9.73
2,Bihar,903,Darbhanga,1980,32.00,74.00,0.00,0.00,0.00,0.00,31.00,0.00,0.02,0.00,0.00,0.63,0.00,0.00,0.00,0.00,0.00,0.00,10.86
2,Bihar,903,Darbhanga,1981,30.00,69.00,0.00,0.00,0.00,0.00,35.00,0.00,0.04,0.00,0.00,0.49,0.00,0.00,0.00,0.00,0.00,0.00,10.24
2,Bihar,903,Darbhanga,1982,30.00,75.00,0.00,0.00,0.00,0.00,38.00,0.00,0.04,0.00,0.00,0.67,0.00,0.00,0.00,0.00,0.00,0.00,9.64
2,Bihar,903,Darbhanga,1983,37.00,85.00,0.00,0.00,0.00,0.00,35.00,0.00,0.06,0.00,0.00,0.49,0.00,0.00,1.00,0.00,0.00,0.00,11.68
2,Bihar,903,Darbhanga,1984,41.00,91.00,0.00,0.00,0.00,0.00,34.00,0.00,0.03,0.00,0.00,0.45,0.00,0.00,0.00,0.00,0.00,0.00,13.13
2,Bihar,903,Darbhanga,1985,40.00,84.00,0.00,0.00,0.00,0.00,29.00,0.00,0.09,0.00,0.00,0.75,0.00,0.00,0.00,0.00,0.00,0.00,11.32
2,Bihar,903,Darbhanga,1986,36.00,89.00,0.00,0.00,0.00,0.00,30.00,0.00,0.24,0.00,0.00,0.66,0.00,0.00,1.00,0.00,0.00,0.00,10.31
2,Bihar,903,Darbhanga,1987,31.00,111.00,0.00,0.00,0.00,0.00,32.00,0.00,0.08,0.00,0.00,0.85,0.00,0.00,0.00,0.00,0.00,0.00,13.02
2,Bihar,903,Darbhanga,1988,35.00,122.00,0.00,0.00,0.00,0.00,36.00,0.00,0.06,0.25,0.00,1.02,0.00,0.00,1.00,0.00,0.00,0.00,15.46
2,Bihar,903,Darbhanga,1989,40.00,121.00,0.00,0.00,0.00,0.00,45.00,0.00,0.05,0.29,0.00,0.73,0.00,0.00,1.00,0.00,0.00,0.00,16.75
2,Bihar,903,Darbhanga,1990,49.57,120.49,0.00,0.00,0.00,0.00,43.70,0.00,0.00,0.76,0.00,0.59,0.00,0.00,0.00,0.00,0.12,0.00,6.96
2,Bihar,903,Darbhanga,1991,51.26,130.93,0.00,0.00,0.00,0.00,45.37,0.00,0.00,0.22,0.00,0.38,0.00,0.00,0.00,0.00,0.35,0.00,7.41
2,Bihar,903,Darbhanga,1992,40.57,127.07,0.00,0.00,0.00,0.00,43.42,0.00,0.00,0.23,0.00,0.37,0.00,0.00,0.00,0.00,0.25,0.00,6.39
2,Bihar,903,Darbhanga,1993,90.83,142.38,0.00,0.00,0.00,0.00,45.30,0.00,0.00,0.24,0.00,-1.00,0.00,0.00,0.00,0.00,0.94,0.00,6.90
2,Bihar,903,Darbhanga,1994,65.62,160.36,0.00,0.00,0.00,0.00,46.38,0.00,0.00,0.32,0.00,-1.00,0.00,0.00,0.00,0.00,0.00,0.00,8.25
2,Bihar,903,Darbhanga,1995,63.96,154.27,-1.00,-1.00,-1.00,-1.00,42.27,-1.00,-1.00,0.02,-1.00,-1.00,-1.00,-1.00,-1.00,-1.00,0.01,-1.00,24.79
2,Bihar,903,Darbhanga,1996,65.76,146.25,-1.00,-1.00,-1.00,-1.00,41.78,-1.00,-1.00,0.04,-1.00,-1.00,-1.00,-1.00,-1.00,-1.00,0.00,-1.00,22.46
2,Bihar,903,Darbhanga,1998,66.71,149.07,0.00,0.00,0.00,0.00,39.64,0.07,0.01,0.00,0.01,0.37,0.00,0.02,1.68,0.02,0.01,0.00,22.89
2,Bihar,903,Darbhanga,1999,70.56,156.24,0.00,0.00,0.00,0.00,39.19,0.75,0.02,0.03,0.00,0.27,0.00,0.06,2.82,0.08,0.00,0.00,25.42
2,Bihar,903,Darbhanga,2000,76.40,163.46,0.00,0.00,0.00,0.00,39.52,0.14,0.01,0.04,0.00,1.08,0.00,0.01,3.01,0.33,0.51,0.00,27.06
2,Bihar,903,Darbhanga,2001,77.59,160.37,0.00,0.00,0.00,0.00,39.12,0.08,0.00,0.00,0.00,1.98,0.00,0.02,2.33,0.00,0.03,0.00,26.33
2,Bihar,903,Darbhanga,2002,80.61,173.51,0.00,0.00,0.00,0.00,37.37,0.25,0.06,0.31,0.02,0.11,0.00,0.01,2.75,0.01,0.06,0.00,35.50
2,Bihar,903,Darbhanga,2003,92.48,177.44,0.00,0.00,0.00,0.00,38.58,0.21,0.02,1.18,0.03,0.03,0.00,0.00,2.89,0.09,0.02,0.00,33.30
2,Bihar,903,Darbhanga,2004,86.83,187.36,0.00,0.00,0.00,0.00,39.85,0.38,0.00,0.22,0.04,0.80,0.00,0.01,3.35,0.04,0.02,0.00,33.02
2,Bihar,903,Darbhanga,2005,92.67,177.98,0.00,0.00,0.00,0.00,41.71,0.24,0.00,0.24,0.03,0.97,0.00,0.01,3.75,0.02,0.03,0.00,33.88
2,Bihar,903,Darbhanga,2006,88.89,175.85,0.00,0.00,0.00,0.00,42.82,0.48,0.00,0.22,0.00,0.37,0.00,0.00,3.47,0.00,0.02,0.00,31.72
2,Bihar,903,Darbhanga,2007,100.80,195.02,0.08,0.00,0.08,0.00,43.21,0.32,0.01,0.16,0.00,0.42,0.00,0.08,3.74,0.01,-1.00,0.00,32.71
2,Bihar,903,Darbhanga,2008,130.14,209.17,0.08,0.00,0.08,0.00,55.83,0.20,0.05,0.07,0.07,2.62,0.00,0.09,4.73,0.09,-1.00,0.00,34.10
2,Bihar,903,Darbhanga,2009,142.38,212.72,0.08,0.00,0.08,0.00,58.76,0.19,0.05,0.09,0.01,0.14,0.00,0.09,6.32,0.01,-1.00,0.00,34.87
2,Bihar,903,Darbhanga,2010,126.90,190.68,0.00,0.00,0.00,-1.00,61.52,0.16,-1.00,0.00,0.10,0.03,0.00,0.07,2.36,0.01,3.30,-1.00,31.51
2,Bihar,903,Darbhanga,2011,126.90,190.68,0.00,0.00,0.00,0.00,61.52,0.16,-1.00,0.00,0.10,-1.00,0.00,0.07,2.36,0.01,3.30,-1.00,-1.00
2,Bihar,904,Saharsha,1966,22.00,4.00,0.00,0.00,0.00,0.00,2.00,0.00,0.75,0.00,0.00,0.80,0.00,0.00,0.00,0.00,0.00,0.00,0.97
2,Bihar,904,Saharsha,1967,35.00,12.00,0.00,0.00,0.00,0.00,4.00,0.00,0.49,0.00,0.00,1.07,0.00,0.00,0.00,0.00,0.00,0.00,1.32
2,Bihar,904,Saharsha,1968,40.00,24.00,0.00,0.00,0.00,0.00,2.00,0.00,0.51,0.00,0.00,0.35,0.00,0.00,0.00,0.00,0.00,0.00,1.27
2,Bihar,904,Saharsha,1969,41.00,18.00,0.00,0.00,0.00,0.00,1.00,0.00,0.84,0.00,0.00,0.31,0.00,0.00,0.00,0.00,0.00,0.00,0.98
2,Bihar,904,Saharsha,1970,34.00,34.00,0.00,0.00,0.00,0.00,1.00,0.00,0.55,0.00,0.00,1.13,0.00,0.00,0.00,0.00,0.00,0.00,1.12
2,Bihar,904,Saharsha,1971,37.00,44.00,0.00,0.00,0.00,0.00,1.00,0.00,0.92,0.00,0.00,0.31,0.00,0.00,0.00,0.00,0.00,0.00,1.55
2,Bihar,904,Saharsha,1972,44.00,53.00,0.00,0.00,0.00,0.00,2.00,0.00,0.45,0.00,0.00,0.93,0.00,0.00,0.00,0.00,0.00,0.00,1.34
2,Bihar,904,Saharsha,1973,39.00,28.00,0.00,0.00,0.00,0.00,6.00,0.00,0.24,0.00,0.00,0.06,0.00,0.00,0.00,0.00,0.00,0.00,1.57
2,Bihar,904,Saharsha,1974,38.00,49.00,0.00,0.00,0.00,0.00,11.00,0.00,0.34,0.00,0.00,0.56,0.00,0.00,0.00,0.00,0.00,0.00,2.07
2,Bihar,904,Saharsha,1975,46.00,66.00,0.00,0.00,0.00,0.00,13.00,0.00,0.22,0.00,0.00,0.12,0.00,0.00,0.00,0.00,0.00,0.00,2.84
2,Bihar,904,Saharsha,1976,59.00,74.00,0.00,0.00,0.00,0.00,16.00,0.00,0.36,0.00,0.00,1.28,0.00,0.00,0.00,0.00,0.00,0.00,3.23
2,Bihar,904,Saharsha,1977,71.00,57.00,0.00,0.00,0.00,0.00,18.00,0.00,0.05,1.00,0.00,0.35,0.00,0.00,0.00,0.00,0.00,0.00,3.28
2,Bihar,904,Saharsha,1978,71.00,54.00,0.00,0.00,0.00,0.00,18.00,0.00,0.06,1.00,0.00,0.27,0.00,0.00,0.00,0.00,0.00,0.00,3.55
2,Bihar,904,Saharsha,1979,66.40,59.00,0.00,0.00,0.00,0.00,22.00,0.00,0.04,1.00,0.00,0.38,0.00,0.00,0.00,0.00,0.00,0.00,4.07
2,Bihar,904,Saharsha,1980,63.00,51.00,0.00,0.00,0.00,0.00,18.00,1.00,0.05,0.00,0.00,3.19,0.00,0.00,0.00,0.00,0.00,0.00,3.48
2,Bihar,904,Saharsha,1981,61.00,50.00,0.00,0.00,0.00,0.00,23.00,0.00,0.11,0.00,0.00,0.40,0.00,0.00,0.00,0.00,0.00,0.00,3.33
2,Bihar,904,Saharsha,1982,53.00,70.00,0.00,0.00,0.00,0.00,32.00,0.00,0.04,0.00,0.00,0.54,0.00,0.00,1.00,0.00,0.00,0.00,4.44
2,Bihar,904,Saharsha,1983,67.00,84.00,0.00,0.00,0.00,0.00,27.00,0.00,0.04,0.00,0.00,0.16,0.00,0.00,1.00,0.00,0.00,0.00,4.82
2,Bihar,904,Saharsha,1984,52.00,76.00,0.00,0.00,0.00,0.00,28.00,0.00,0.11,0.00,0.00,0.12,0.00,0.00,1.00,0.00,0.00,0.00,4.62
2,Bihar,904,Saharsha,1985,67.00,68.00,0.00,0.00,0.00,0.00,31.00,0.00,0.08,0.00,0.00,0.07,0.00,0.00,1.00,0.00,0.00,0.00,2.88
2,Bihar,904,Saharsha,1986,65.00,71.00,0.00,0.00,0.00,0.00,29.00,0.00,0.07,0.00,0.00,0.05,0.00,0.00,0.00,0.00,0.00,0.00,4.45
2,Bihar,904,Saharsha,1987,46.00,61.00,0.00,0.00,0.00,0.00,39.00,0.00,0.06,0.00,0.00,0.02,0.00,0.00,0.00,0.00,0.00,0.00,5.20
2,Bihar,904,Saharsha,1988,73.00,71.07,0.00,0.00,0.00,0.00,51.00,0.00,0.01,0.06,0.00,0.29,0.00,0.00,0.00,0.00,0.00,0.00,5.28
2,Bihar,904,Saharsha,1989,74.00,72.13,0.00,0.00,0.00,0.00,43.00,0.00,0.06,0.04,0.00,0.10,0.00,0.00,0.00,0.00,0.00,0.00,6.69
2,Bihar,904,Saharsha,1990,80.89,70.01,0.00,0.00,0.00,0.00,36.72,0.00,0.00,0.03,0.00,0.09,0.00,0.00,0.00,0.00,0.00,0.00,2.89
2,Bihar,904,Saharsha,1991,93.17,74.25,0.00,0.00,0.00,0.00,44.33,0.00,0.00,0.05,0.00,0.37,0.00,0.00,0.00,0.00,0.34,0.00,3.81
2,Bihar,904,Saharsha,1992,83.34,79.56,0.00,0.00,0.00,0.00,42.50,0.00,0.00,0.02,0.00,0.12,0.00,0.00,0.00,0.00,0.01,0.00,3.37
2,Bihar,904,Saharsha,1993,108.49,93.68,0.00,0.00,0.00,0.00,36.72,0.00,0.00,0.02,0.00,-1.00,0.00,0.00,0.00,0.00,0.00,0.00,3.78
2,Bihar,904,Saharsha,1994,113.07,85.23,0.00,0.00,0.00,0.00,45.57,0.00,0.00,0.34,0.00,-1.00,0.00,0.00,0.00,0.00,0.01,0.00,3.50
2,Bihar,904,Saharsa,1995,71.26,85.71,-1.00,-1.00,-1.00,-1.00,20.40,-1.00,-1.00,0.00,-1.00,-1.00,-1.00,-1.00,-1.00,-1.00,0.06,-1.00,5.32
2,Bihar,904,Saharsa,1996,83.05,88.86,-1.00,-1.00,-1.00,-1.00,27.74,-1.00,-1.00,0.03,-1.00,-1.00,-1.00,-1.00,-1.00,-1.00,0.00,-1.00,9.11
2,Bihar,904,Saharsa,1998,151.88,90.62,0.00,0.00,0.00,0.00,66.24,0.00,0.00,0.00,0.00,0.59,0.00,0.00,1.41,0.06,0.45,0.00,13.21
2,Bihar,904,Saharsa,1999,144.36,99.27,0.00,0.00,0.00,0.00,69.67,0.05,0.07,0.00,0.00,0.34,0.00,0.00,1.37,0.00,0.02,0.00,13.49
2,Bihar,904,Saharsa,2000,155.31,97.59,0.00,0.00,0.00,0.00,68.35,0.08,0.01,0.00,0.00,0.00,0.00,0.00,0.98,0.05,0.01,0.00,12.99
2,Bihar,904,Saharsa,2001,154.61,92.45,0.00,0.00,0.00,0.00,62.16,0.00,0.00,0.00,0.00,0.33,0.00,0.00,1.38,0.03,0.11,0.00,13.10
2,Bihar,904,Saharsa,2002,151.36,92.39,0.08,0.00,0.08,0.01,60.75,0.00,0.01,0.00,0.00,0.07,0.00,0.00,2.37,0.06,0.08,0.00,16.41
2,Bihar,904,Saharsa,2003,152.60,91.60,0.00,0.00,0.00,0.00,62.78,0.00,0.00,0.00,0.00,0.05,0.00,0.00,1.51,0.01,0.02,0.00,15.78
2,Bihar,904,Saharsa,2004,91.45,94.92,0.00,0.00,0.00,0.10,29.60,0.22,0.00,0.00,0.00,0.06,0.00,0.00,0.50,0.00,0.02,0.00,10.77
2,Bihar,904,Saharsa,2005,148.29,92.57,0.00,0.00,0.00,0.18,65.40,0.04,0.17,0.00,0.00,0.02,0.00,0.03,1.78,0.03,0.08,0.00,14.80
2,Bihar,904,Saharsa,2006,146.54,86.40,0.00,0.00,0.00,0.12,69.00,0.18,0.00,0.00,0.00,0.52,0.00,0.00,1.03,0.04,0.03,0.00,19.41
2,Bihar,904,Saharsa,2007,91.35,87.84,0.00,0.00,0.00,0.00,33.26,0.06,0.00,0.02,0.00,0.10,0.00,0.00,0.82,0.01,-1.00,0.00,11.40
2,Bihar,904,Saharsa,2008,88.52,74.84,0.02,0.00,0.02,0.00,35.05,0.01,0.00,0.00,0.00,0.12,0.00,0.00,0.44,0.01,-1.00,0.00,7.68
2,Bihar,904,Saharsa,2009,99.19,83.48,0.00,0.00,0.00,0.00,35.23,0.00,0.00,0.00,0.00,0.00,0.02,0.04,0.55,0.02,-1.00,0.00,10.64
2,Bihar,904,Saharsa,2010,97.30,88.76,0.00,0.00,0.00,-1.00,46.57,0.00,-1.00,0.00,0.00,0.02,0.00,0.00,0.59,0.06,0.08,-1.00,11.91
2,Bihar,904,Saharsa,2011,97.30,88.76,0.00,0.00,0.00,0.00,46.57,0.00,-1.00,0.00,0.00,-1.00,0.00,0.00,0.59,0.06,0.08,-1.00,-1.00
2,Bihar,905,Purnea,1966,21.00,5.00,0.00,0.00,0.00,0.00,1.00,0.00,0.62,0.00,0.00,0.54,0.00,0.00,0.00,0.00,0.00,0.00,0.52
2,Bihar,905,Purnea,1967,42.00,14.00,0.00,0.00,0.00,0.00,1.00,0.00,0.72,0.00,0.00,0.42,0.00,0.00,0.00,0.00,0.00,0.00,1.27
2,Bihar,905,Purnea,1968,59.00,33.00,0.00,0.00,0.00,0.00,2.00,0.00,0.83,0.00,0.00,0.52,0.00,0.00,0.00,0.00,0.00,0.00,1.23
2,Bihar,905,Purnea,1969,50.00,27.00,0.00,0.00,0.00,0.00,1.00,0.00,0.81,0.00,0.00,0.19,0.00,0.00,0.00,0.00,0.00,0.00,1.10
2,Bihar,905,Purnea,1970,53.00,37.00,0.00,0.00,0.00,0.00,1.00,0.00,0.88,0.00,0.00,0.02,0.00,0.00,0.00,0.00,0.00,0.00,1.05
2,Bihar,905,Purnea,1971,49.00,40.00,0.00,0.00,0.00,0.00,1.00,0.00,1.01,0.00,0.00,0.95,0.00,0.00,0.00,0.00,0.00,0.00,1.08
2,Bihar,905,Purnea,1972,55.00,48.00,0.00,0.00,0.00,0.00,2.00,0.00,0.59,0.00,0.00,0.20,0.00,0.00,0.00,0.00,0.00,0.00,1.11
2,Bihar,905,Purnea,1973,43.00,32.00,0.00,0.00,0.00,0.00,6.00,0.00,0.30,0.00,0.00,0.35,0.00,0.00,0.00,0.00,0.00,0.00,1.68
2,Bihar,905,Purnea,1974,41.00,42.00,0.00,0.00,0.00,0.00,8.00,0.00,0.34,0.00,0.00,0.17,0.00,0.00,0.00,0.00,0.00,0.00,1.96
2,Bihar,905,Purnea,1975,49.00,58.00,0.00,0.00,0.00,0.00,18.00,0.00,0.34,0.00,0.00,0.43,0.00,0.00,0.00,0.00,0.00,0.00,2.23
2,Bihar,905,Purnea,1976,51.00,74.00,0.00,0.00,0.00,0.00,19.00,0.00,0.28,0.00,0.00,0.34,0.00,0.00,0.00,0.00,0.00,1.00,2.91
2,Bihar,905,Purnea,1977,69.00,77.00,0.00,0.00,0.00,0.00,16.00,0.00,0.21,0.00,0.00,0.40,0.00,0.00,0.00,0.00,0.00,0.00,2.96
2,Bihar,905,Purnea,1978,73.00,69.00,0.00,0.00,0.00,0.00,16.00,0.00,0.16,0.00,0.00,0.22,0.00,0.00,0.00,0.00,0.00,0.00,2.93
2,Bihar,905,Purnea,1979,59.00,61.00,0.00,0.00,0.00,0.00,18.00,0.00,0.21,2.00,0.00,0.29,0.00,0.00,0.00,0.00,0.00,0.00,3.11
2,Bihar,905,Purnea,1980,66.00,70.00,0.00,0.00,0.00,0.00,23.00,0.00,0.17,0.00,0.00,0.13,0.00,0.00,0.00,0.00,0.00,0.00,3.32
2,Bihar,905,Purnea,1981,65.00,62.00,0.00,0.00,0.00,0.00,24.00,0.00,0.14,0.00,0.00,0.57,0.00,0.00,0.00,0.00,0.00,0.00,2.78
2,Bihar,905,Purnea,1982,65.00,80.00,0.00,0.00,0.00,0.00,25.00,0.00,0.11,0.00,0.00,0.09,0.00,0.00,0.00,0.00,0.00,0.00,3.17
2,Bihar,905,Purnea,1983,82.00,106.00,0.00,0.00,0.00,0.00,14.00,0.00,0.16,0.00,0.00,0.22,0.00,0.00,0.00,0.00,0.00,0.00,3.27
2,Bihar,905,Purnea,1984,64.00,116.00,0.00,0.00,0.00,0.00,16.00,0.00,0.16,0.00,0.00,0.08,0.00,0.00,1.00,0.00,0.00,0.00,4.36
2,Bihar,905,Purnea,1985,71.00,113.00,0.00,0.00,0.00,0.00,21.00,0.00,0.16,0.00,0.00,0.10,0.00,0.00,0.00,0.00,0.00,0.00,4.53
2,Bihar,905,Purnea,1986,70.00,101.00,0.00,0.00,0.00,0.00,22.00,0.00,0.07,0.00,0.00,0.29,0.00,0.00,0.00,0.00,0.00,0.00,5.61
2,Bihar,905,Purnea,1987,77.00,145.00,0.00,0.00,0.00,0.00,30.00,0.00,0.00,0.00,0.00,0.18,0.00,0.00,0.00,0.00,0.00,0.00,8.66
2,Bihar,905,Purnea,1988,97.00,122.00,0.00,0.00,0.00,0.00,31.00,0.00,0.08,0.06,0.00,0.46,0.00,0.00,1.00,0.00,0.00,0.00,8.46
2,Bihar,905,Purnea,1989,95.00,115.00,0.00,0.00,0.00,0.00,30.00,0.00,0.11,0.56,0.00,0.10,0.00,0.00,1.00,0.00,0.00,0.00,8.98
2,Bihar,905,Purnea,1990,104.77,123.66,0.00,0.00,0.00,0.00,35.70,0.00,0.00,0.29,0.00,0.19,0.00,0.00,0.00,0.00,0.17,0.00,4.81
2,Bihar,905,Purnea,1991,122.08,134.83,0.00,0.00,0.00,0.00,36.95,0.00,0.00,0.25,0.00,0.22,0.00,0.00,0.00,0.00,0.05,0.00,5.17
2,Bihar,905,Purnea,1992,108.53,149.73,0.00,0.00,0.00,0.00,43.27,0.00,0.00,0.25,0.00,0.72,0.00,0.00,0.00,0.00,0.07,0.00,6.52
2,Bihar,905,Purnea,1993,141.23,149.19,0.00,0.00,0.00,0.00,43.14,0.00,0.00,0.35,0.00,-1.00,0.00,0.00,0.00,0.00,0.00,0.00,8.23
2,Bihar,905,Purnea,1994,160.30,151.06,0.00,0.00,0.00,0.00,42.44,0.00,0.00,0.40,0.00,-1.00,0.00,0.00,0.00,0.00,0.02,0.00,7.59
2,Bihar,905,Purnia,1995,145.11,169.52,-1.00,-1.00,-1.00,-1.00,47.30,-1.00,-1.00,0.31,-1.00,-1.00,-1.00,-1.00,-1.00,-1.00,0.00,-1.00,20.85
2,Bihar,905,Purnia,1996,157.86,152.25,-1.00,-1.00,-1.00,-1.00,51.50,-1.00,-1.00,0.31,-1.00,-1.00,-1.00,-1.00,-1.00,-1.00,0.00,-1.00,22.20
2,Bihar,905,Purnea,1998,165.22,138.79,0.00,0.00,0.00,0.00,50.14,0.00,0.02,0.02,0.04,0.09,0.00,0.00,5.33,0.56,0.00,0.00,23.04
2,Bihar,905,Purnea,1999,171.60,144.24,0.03,0.00,0.03,0.02,62.00,0.16,1.11,0.07,0.05,1.33,0.00,0.00,3.78,1.15,0.00,0.00,25.96
2,Bihar,905,Purnea,2000,157.36,152.94,0.00,0.00,0.00,0.00,59.06,0.01,0.00,4.97,2.55,0.59,0.00,0.00,8.14,0.30,0.48,0.00,27.94
2,Bihar,905,Purnea,2001,176.28,167.66,2.70,0.00,2.70,0.00,58.00,0.01,0.13,0.25,0.00,0.06,0.00,0.00,2.56,0.29,0.00,0.00,31.85
2,Bihar,905,Purnea,2002,183.50,169.29,0.00,0.00,0.00,0.00,60.06,0.10,0.00,0.04,0.00,0.28,0.00,0.01,2.95,0.24,0.02,0.00,31.17
2,Bihar,905,Purnea,2003,177.21,168.77,0.00,0.00,0.00,0.00,62.98,0.00,0.00,4.92,2.54,0.10,0.00,0.00,2.15,0.00,0.00,0.00,32.56
2,Bihar,905,Purnea,2004,168.84,155.27,0.13,0.00,0.13,0.00,68.25,0.00,0.03,5.25,0.00,0.07,0.00,0.00,2.25,0.00,0.00,0.00,35.46
2,Bihar,905,Purnea,2005,182.89,148.76,0.00,0.00,0.00,0.00,84.29,0.00,0.04,1.34,0.00,0.17,0.00,0.00,2.89,0.03,0.00,0.00,30.68
2,Bihar,905,Purnea,2006,196.43,139.37,0.00,0.00,0.00,0.00,81.07,0.00,0.00,0.22,0.00,0.99,0.00,0.00,4.26,0.02,0.14,0.00,33.96
2,Bihar,905,Purnea,2007,186.80,135.46,0.00,0.00,0.00,0.00,84.71,0.00,0.02,0.18,0.00,0.53,0.04,0.00,3.00,0.02,-1.00,0.00,36.93
2,Bihar,905,Purnea,2008,176.03,143.16,0.00,0.00,0.00,0.00,81.83,0.00,0.00,0.00,0.00,0.80,0.00,0.00,2.92,0.02,-1.00,0.00,34.33
2,Bihar,905,Purnea,2009,196.85,145.94,0.00,0.00,0.00,0.00,86.12,0.00,0.00,0.00,0.00,0.00,0.00,0.01,3.07,0.07,-1.00,0.00,33.91
2,Bihar,905,Purnea,2010,179.62,140.59,0.00,0.00,0.00,-1.00,91.47,0.00,-1.00,0.16,0.01,0.00,0.56,0.00,2.83,0.07,0.45,-1.00,32.75
2,Bihar,905,Purnea,2011,179.62,140.59,0.00,0.00,0.00,0.00,91.47,0.00,-1.00,0.16,0.01,-1.00,0.56,0.00,2.83,0.07,0.45,-1.00,-1.00
2,Bihar,906,Saran,1966,4.00,50.00,0.00,0.00,0.00,0.00,0.00,0.00,40.01,5.00,0.00,4.08,0.00,0.00,2.00,0.00,3.00,0.00,12.71
2,Bihar,906,Saran,1967,6.00,54.00,0.00,0.00,0.00,0.00,0.00,0.00,40.05,5.00,0.00,3.81,0.00,0.00,2.00,0.00,3.00,0.00,12.36
2,Bihar,906,Saran,1968,9.00,60.00,0.00,0.00,0.00,0.00,1.00,0.00,29.62,2.00,0.00,4.23,0.00,0.00,2.00,0.00,4.00,0.00,16.14
2,Bihar,906,Saran,1969,4.00,67.00,0.00,0.00,0.00,0.00,7.00,0.00,28.18,3.00,0.00,4.98,0.00,0.00,2.00,0.00,5.00,0.00,12.59
2,Bihar,906,Saran,1970,3.00,77.00,0.00,0.00,0.00,0.00,1.00,0.00,24.53,3.00,0.00,4.27,0.00,0.00,2.00,0.00,5.00,0.00,11.74
2,Bihar,906,Saran,1971,3.00,111.00,0.00,0.00,0.00,0.00,1.00,0.00,19.51,3.00,0.00,0.99,0.00,0.00,2.00,0.00,4.00,0.00,11.75
2,Bihar,906,Saran,1972,5.00,107.00,0.00,0.00,0.00,0.00,3.00,0.00,17.13,2.00,0.00,2.08,0.00,0.00,3.00,0.00,5.00,0.00,13.41
2,Bihar,906,Saran,1973,7.00,133.00,0.00,0.00,0.00,0.00,5.00,0.00,13.21,2.00,0.00,2.94,0.00,0.00,3.00,0.00,5.00,0.00,14.23
2,Bihar,906,Saran,1974,6.00,173.00,0.00,0.00,0.00,0.00,5.00,0.00,11.87,3.00,0.00,2.91,0.00,0.00,3.00,0.00,5.00,0.00,16.28
2,Bihar,906,Saran,1975,8.00,217.00,0.00,0.00,0.00,0.00,5.00,0.00,11.17,2.00,0.00,4.18,0.00,0.00,4.00,0.00,5.00,0.00,20.00
2,Bihar,906,Saran,1976,24.00,225.00,0.00,0.00,0.00,0.00,15.00,1.00,9.53,5.00,0.00,3.63,0.00,0.00,5.00,0.00,5.00,0.00,21.88
2,Bihar,906,Saran,1977,36.00,237.00,0.00,0.00,0.00,0.00,19.00,1.00,8.93,3.00,0.00,4.15,0.00,0.00,5.00,0.00,7.00,0.00,22.06
2,Bihar,906,Saran,1978,18.00,224.00,0.00,0.00,0.00,0.00,19.00,1.00,8.23,2.00,0.00,5.24,0.00,0.00,4.00,0.00,5.00,0.00,21.18
2,Bihar,906,Saran,1979,35.60,210.00,0.00,0.00,0.00,0.00,20.00,0.00,7.26,3.00,0.00,4.27,0.00,0.00,4.00,0.00,7.00,0.00,20.13
2,Bihar,906,Saran,1980,25.00,213.00,0.00,0.00,0.00,0.00,22.00,1.00,5.62,3.00,0.00,3.60,0.00,0.00,4.00,0.00,6.00,0.00,19.51
2,Bihar,906,Saran,1981,22.00,220.00,0.00,0.00,0.00,0.00,29.00,0.00,4.85,2.00,0.00,4.09,0.00,0.00,4.00,0.00,6.00,0.00,20.57
2,Bihar,906,Saran,1982,29.00,216.00,0.00,0.00,0.00,0.00,28.00,0.00,4.38,2.00,0.00,2.39,0.00,0.00,4.00,0.00,4.00,0.00,20.10
2,Bihar,906,Saran,1983,43.00,224.00,0.00,0.00,0.00,0.00,26.00,1.00,3.97,2.00,0.00,3.13,0.00,0.00,5.00,0.00,7.00,0.00,17.54
2,Bihar,906,Saran,1984,33.00,224.00,0.00,0.00,0.00,0.00,23.00,1.00,4.55,3.00,0.00,3.59,0.00,0.00,5.00,0.00,3.00,0.00,20.85
2,Bihar,906,Saran,1985,30.00,222.00,0.00,0.00,0.00,0.00,24.00,1.00,3.08,2.00,0.00,3.50,0.00,0.00,5.00,0.00,4.00,0.00,19.47
2,Bihar,906,Saran,1986,27.00,230.00,0.00,0.00,0.00,0.00,22.00,0.00,2.70,1.00,0.00,2.86,0.00,0.00,4.00,0.00,4.00,0.00,18.52
2,Bihar,906,Saran,1987,17.00,268.00,0.00,0.00,0.00,0.00,21.00,0.00,3.00,1.00,0.00,2.60,0.00,0.00,5.00,0.00,2.00,0.00,19.01
2,Bihar,906,Saran,1988,24.00,277.00,0.00,0.00,0.00,0.00,23.00,0.00,2.16,1.39,0.00,3.26,0.00,0.00,5.00,0.00,1.00,0.00,20.01
2,Bihar,906,Saran,1989,15.00,263.00,0.00,0.00,0.00,0.00,33.00,0.00,1.85,1.57,0.00,3.16,0.00,0.00,8.00,0.00,2.00,0.00,26.00
2,Bihar,906,Saran,1990,9.45,289.27,0.00,0.00,0.00,0.00,31.37,0.00,0.00,1.09,0.00,3.94,0.00,0.00,0.00,0.00,1.49,0.00,6.87
2,Bihar,906,Saran,1991,10.33,279.61,0.00,0.00,0.00,0.00,35.14,0.00,0.00,1.65,0.00,2.49,0.00,0.00,0.00,0.00,2.62,0.00,8.26
2,Bihar,906,Saran,1992,13.54,266.94,0.00,0.00,0.00,0.00,30.71,0.00,0.00,2.22,0.00,4.27,0.00,0.00,0.00,0.00,1.05,0.00,7.75
2,Bihar,906,Saran,1993,21.88,275.91,0.00,0.00,0.00,0.00,25.73,0.00,0.00,1.04,0.00,-1.00,0.00,0.00,0.00,0.00,0.81,0.00,7.36
2,Bihar,906,Saran,1994,34.44,270.31,0.00,0.00,0.00,0.00,28.93,0.00,0.00,0.69,0.00,-1.00,0.00,0.00,0.00,0.00,1.60,0.00,7.73
2,Bihar,906,Saran,1995,20.23,275.78,-1.00,-1.00,-1.00,-1.00,27.52,-1.00,-1.00,0.52,-1.00,-1.00,-1.00,-1.00,-1.00,-1.00,1.04,-1.00,22.66
2,Bihar,906,Saran,1996,14.27,276.86,-1.00,-1.00,-1.00,-1.00,25.75,-1.00,-1.00,0.37,-1.00,-1.00,-1.00,-1.00,-1.00,-1.00,1.08,-1.00,22.88
2,Bihar,906,Saran,1998,14.41,273.32,0.00,0.00,0.00,0.00,27.82,0.05,0.98,0.38,0.05,2.12,0.00,0.02,5.21,0.02,0.84,0.01,26.18
2,Bihar,906,Saran,1999,17.01,256.65,0.00,0.00,0.00,0.00,28.91,0.03,0.76,0.06,0.00,1.99,0.00,0.00,5.85,0.17,1.10,0.00,22.68
2,Bihar,906,Saran,2000,13.33,262.99,0.00,0.00,0.00,0.00,27.04,0.05,0.82,0.07,0.33,4.86,0.00,0.01,5.03,0.12,0.64,0.00,25.54
2,Bihar,906,Saran,2001,11.94,266.55,0.00,0.00,0.00,0.00,27.77,0.00,1.15,0.03,0.07,0.46,0.00,0.00,5.28,0.01,1.50,0.00,25.56
2,Bihar,906,Saran,2002,17.94,280.38,0.00,0.00,0.00,0.00,30.88,0.00,0.92,0.55,0.00,0.18,0.00,0.01,6.15,0.00,1.43,0.00,23.70
2,Bihar,906,Saran,2003,11.38,258.19,0.00,0.00,0.00,0.00,27.86,0.17,0.67,0.52,0.00,0.22,0.00,0.01,6.06,0.07,1.32,0.00,22.84
2,Bihar,906,Saran,2004,21.97,257.97,0.00,0.00,0.00,0.02,26.01,0.07,0.50,0.95,0.20,1.54,0.00,0.00,6.27,0.02,1.33,0.00,21.45
2,Bihar,906,Saran,2005,16.93,262.09,0.00,0.00,0.00,0.31,26.17,0.00,0.49,0.11,0.01,1.58,0.00,0.00,5.22,0.06,1.08,0.00,21.83
2,Bihar,906,Saran,2006,12.84,264.71,0.00,0.00,0.00,0.03,26.38,0.00,1.32,0.89,0.00,1.36,0.00,0.00,6.43,0.04,0.53,0.00,23.13
2,Bihar,906,Saran,2007,17.17,269.50,0.00,0.00,0.00,0.00,27.57,0.01,0.29,1.12,0.00,1.10,0.00,0.00,6.31,0.05,-1.00,0.00,22.58
2,Bihar,906,Saran,2008,17.62,267.38,0.00,0.00,0.00,0.00,27.38,0.00,0.24,0.08,0.00,1.02,0.00,0.00,5.47,0.05,-1.00,0.00,23.40
2,Bihar,906,Saran,2009,19.39,271.74,0.00,0.00,0.00,0.00,27.19,0.00,0.19,0.12,0.00,0.01,0.00,0.00,6.18,0.29,-1.00,0.00,22.88
2,Bihar,906,Saran,2010,27.07,255.00,0.00,0.00,0.00,-1.00,28.08,0.00,-1.00,0.01,0.00,0.00,0.00,0.00,6.69,0.01,7.73,-1.00,25.51
2,Bihar,906,Saran,2011,27.07,255.00,0.00,0.00,0.00,0.00,28.08,0.00,-1.00,0.01,0.00,-1.00,0.00,0.00,6.69,0.01,7.73,-1.00,-1.00
2,Bihar,907,Patna,1966,129.00,33.00,0.00,0.00,0.00,0.00,4.00,0.00,3.80,10.00,0.00,1.91,0.00,0.00,2.00,0.00,4.00,0.00,13.30
2,Bihar,907,Patna,1967,221.00,35.00,0.00,0.00,0.00,0.00,4.00,1.00,2.04,4.00,0.00,0.50,0.00,0.00,2.00,0.00,2.00,0.00,15.52
2,Bihar,907,Patna,1968,258.00,35.00,0.00,0.00,0.00,0.00,2.00,1.00,1.34,1.00,0.00,0.20,0.00,0.00,2.00,0.00,4.00,0.00,19.21
2,Bihar,907,Patna,1969,261.00,38.00,0.00,0.00,0.00,0.00,3.00,0.00,1.22,1.00,0.00,0.40,0.00,0.00,2.00,0.00,5.00,0.00,18.04
2,Bihar,907,Patna,1970,243.00,50.00,0.00,0.00,0.00,0.00,3.00,0.00,1.48,0.00,0.00,0.20,0.00,0.00,3.00,0.00,5.00,0.00,18.72
2,Bihar,907,Patna,1971,188.00,67.00,0.00,0.00,0.00,0.00,2.00,0.00,1.32,0.00,0.00,0.78,0.00,0.00,2.00,0.00,3.00,0.00,16.22
2,Bihar,907,Patna,1972,213.00,60.00,0.00,0.00,0.00,0.00,4.00,0.00,0.78,1.00,0.00,1.16,0.00,0.00,2.00,0.00,3.00,0.00,19.70
2,Bihar,907,Patna,1973,240.00,57.00,0.00,0.00,0.00,0.00,4.00,0.00,0.81,0.00,0.00,0.24,0.00,0.00,2.00,0.00,2.00,0.00,18.22
2,Bihar,907,Patna,1974,269.00,73.00,0.00,0.00,0.00,0.00,7.00,0.00,0.78,0.00,0.00,0.53,0.00,0.00,2.00,0.00,3.00,0.00,18.14
2,Bihar,907,Patna,1975,232.00,80.00,0.00,0.00,0.00,0.00,7.00,0.00,0.74,0.00,0.00,0.47,0.00,0.00,2.00,0.00,2.00,0.00,20.30
2,Bihar,907,Patna,1976,244.00,109.00,0.00,0.00,0.00,0.00,11.00,0.00,0.92,0.00,0.00,0.64,0.00,0.00,3.00,0.00,2.00,0.00,22.65
2,Bihar,907,Patna,1977,266.00,105.00,0.00,0.00,0.00,0.00,9.00,0.00,0.73,0.00,0.00,0.34,0.00,0.00,2.00,0.00,2.00,0.00,22.05
2,Bihar,907,Patna,1978,240.00,98.00,0.00,0.00,0.00,0.00,10.00,0.00,0.81,0.00,0.00,0.45,0.00,0.00,2.00,0.00,2.00,0.00,18.37
2,Bihar,907,Patna,1979,231.00,91.00,0.00,0.00,0.00,0.00,9.00,0.00,0.53,0.00,0.00,0.85,0.00,0.00,2.00,0.00,2.00,0.00,15.82
2,Bihar,907,Patna,1980,257.00,102.00,0.00,0.00,0.00,0.00,9.00,0.00,0.61,0.00,0.00,0.38,0.00,0.00,2.00,0.00,2.00,0.00,13.36
2,Bihar,907,Patna,1981,267.00,99.00,0.00,0.00,0.00,0.00,9.00,0.00,0.49,0.00,0.00,0.32,0.00,0.00,2.00,0.00,2.00,0.00,13.90
2,Bihar,907,Patna,1982,136.00,108.00,0.00,0.00,0.00,0.00,10.00,0.00,0.56,0.00,0.00,0.52,0.00,0.00,3.00,0.00,2.00,0.00,13.92
2,Bihar,907,Patna,1983,189.00,124.00,0.00,0.00,0.00,0.00,9.00,0.00,0.69,0.00,0.00,0.71,0.00,0.00,3.00,0.00,2.00,0.00,13.50
2,Bihar,907,Patna,1984,228.00,121.00,0.00,0.00,0.00,0.00,8.00,0.00,0.43,0.00,0.00,0.60,0.00,0.00,2.00,0.00,1.00,0.00,10.83
2,Bihar,907,Patna,1985,259.00,113.00,0.00,0.00,0.00,0.00,6.00,0.00,0.47,0.00,0.00,0.65,0.00,0.00,2.00,0.00,1.00,0.00,12.36
2,Bihar,907,Patna,1986,240.00,117.00,0.00,0.00,0.00,0.00,6.00,0.00,0.38,0.00,0.00,0.64,0.00,0.00,2.00,0.00,2.00,0.00,11.75
2,Bihar,907,Patna,1987,218.00,135.00,0.00,0.00,0.00,0.00,7.00,0.00,0.33,0.00,0.00,0.48,0.00,0.00,3.00,0.00,1.00,0.00,13.75
2,Bihar,907,Patna,1988,254.00,142.00,0.00,0.00,0.00,0.00,7.00,0.00,0.18,0.44,0.00,0.68,0.00,0.00,3.00,0.00,1.00,0.00,12.50
2,Bihar,907,Patna,1989,258.00,128.00,0.00,0.00,0.00,0.00,6.00,0.00,0.27,0.25,0.00,0.45,0.00,0.00,2.00,0.00,1.00,0.00,13.32
2,Bihar,907,Patna,1990,243.12,130.34,0.00,0.00,0.00,0.00,7.16,0.00,0.00,0.43,0.00,0.30,0.00,0.00,0.00,0.00,0.93,0.00,4.48
2,Bihar,907,Patna,1991,223.94,131.59,0.00,0.00,0.00,0.00,6.76,0.00,0.00,0.46,0.00,0.32,0.00,0.00,0.00,0.00,0.73,0.00,4.62
2,Bihar,907,Patna,1992,197.68,122.68,0.00,0.00,0.00,0.00,7.50,0.00,0.00,0.18,0.00,0.77,0.00,0.00,0.00,0.00,0.74,0.00,4.11
2,Bihar,907,Patna,1993,167.11,141.66,0.00,0.00,0.00,0.00,5.25,0.00,0.00,0.06,0.00,-1.00,0.00,0.00,0.00,0.00,0.66,0.00,4.78
2,Bihar,907,Patna,1994,220.95,144.59,0.00,0.00,0.00,0.00,6.09,0.00,0.00,0.11,0.00,-1.00,0.00,0.00,0.00,0.00,0.59,0.00,6.30
2,Bihar,907,Patna,1995,233.66,138.46,-1.00,-1.00,-1.00,-1.00,7.67,-1.00,-1.00,1.44,-1.00,-1.00,-1.00,-1.00,-1.00,-1.00,0.73,-1.00,12.66
2,Bihar,907,Patna,1996,239.09,135.83,-1.00,-1.00,-1.00,-1.00,7.03,-1.00,-1.00,0.03,-1.00,-1.00,-1.00,-1.00,-1.00,-1.00,0.49,-1.00,15.86
2,Bihar,907,Patna,1998,225.07,140.24,0.01,0.00,0.01,0.00,5.51,0.00,0.01,0.12,0.14,0.56,0.00,0.00,2.63,0.00,0.43,0.00,21.44
2,Bihar,907,Patna,1999,242.45,148.29,0.00,0.00,0.00,0.00,12.48,0.00,0.02,0.12,0.03,1.61,0.00,0.00,2.63,0.00,0.54,0.00,19.04
2,Bihar,907,Patna,2000,223.18,144.47,0.00,0.00,0.00,0.00,5.65,0.00,0.13,0.14,0.28,0.70,0.00,0.00,3.21,0.00,0.48,0.00,18.66
2,Bihar,907,Patna,2001,176.12,140.15,0.00,0.00,0.00,0.00,5.15,0.00,0.00,0.01,0.00,0.22,0.00,0.00,3.65,0.00,0.25,0.00,19.98
2,Bihar,907,Patna,2002,201.44,144.19,0.00,0.00,0.00,0.00,5.96,0.00,0.06,0.01,0.00,0.00,0.00,0.01,3.67,0.00,0.40,0.00,19.32
2,Bihar,907,Patna,2003,199.79,143.63,0.00,0.00,0.00,0.00,5.61,0.00,0.16,0.38,0.00,0.08,0.00,0.00,2.51,0.00,0.34,0.00,17.70
2,Bihar,907,Patna,2004,169.47,141.37,0.00,0.00,0.00,0.00,5.67,0.00,0.84,0.65,0.00,0.29,0.02,0.00,2.71,0.00,0.28,0.00,20.94
2,Bihar,907,Patna,2005,177.38,134.29,0.00,0.00,0.00,0.00,9.90,0.00,0.81,3.73,0.05,0.49,0.05,0.00,2.85,0.00,0.32,0.00,17.90
2,Bihar,907,Patna,2006,183.78,134.77,0.00,0.00,0.00,0.00,7.92,0.00,0.13,2.05,0.00,0.80,0.00,0.07,2.56,0.05,0.23,0.00,19.70
2,Bihar,907,Patna,2007,176.08,126.76,0.00,0.00,0.00,0.00,7.83,0.00,0.34,1.62,0.00,1.17,0.03,0.07,3.46,0.02,-1.00,0.00,18.31
2,Bihar,907,Patna,2008,193.21,125.58,0.00,0.00,0.00,0.00,5.31,0.02,0.02,1.66,0.00,0.86,0.00,0.00,3.35,0.00,-1.00,0.00,21.41
2,Bihar,907,Patna,2009,106.47,142.21,0.00,0.00,0.00,0.00,4.93,0.03,0.00,0.96,0.00,0.00,0.00,0.00,3.82,0.00,-1.00,0.00,22.25
2,Bihar,907,Patna,2010,114.62,129.89,0.00,0.00,0.00,-1.00,7.98,0.02,-1.00,1.26,0.35,0.00,0.01,0.05,2.11,1.69,1.20,-1.00,23.97
2,Bihar,907,Patna,2011,114.62,129.89,0.00,0.00,0.00,0.00,7.98,0.02,-1.00,1.26,0.35,-1.00,0.01,0.05,2.11,1.69,1.20,-1.00,-1.00
2,Bihar,908,Mungher,1966,76.00,13.00,0.00,0.00,0.00,0.00,1.00,0.00,2.68,4.00,0.00,0.31,0.00,0.00,0.00,0.00,1.00,0.00,3.40
2,Bihar,908,Mungher,1967,109.00,10.00,0.00,0.00,0.00,0.00,0.00,0.00,1.73,3.00,0.00,2.14,0.00,0.00,0.00,0.00,1.00,0.00,4.31
2,Bihar,908,Mungher,1968,126.00,17.00,0.00,0.00,0.00,0.00,0.00,0.00,1.31,2.00,0.00,0.48,0.00,0.00,0.00,0.00,1.00,0.00,5.71
2,Bihar,908,Mungher,1969,127.00,23.00,0.00,0.00,0.00,0.00,0.00,0.00,2.06,1.00,0.00,0.41,0.00,0.00,0.00,0.00,2.00,0.00,4.62
2,Bihar,908,Mungher,1970,80.00,31.00,0.00,0.00,0.00,0.00,2.00,0.00,1.19,1.00,0.00,0.99,0.00,0.00,0.00,0.00,2.00,0.00,4.47
2,Bihar,908,Mungher,1971,111.00,45.00,0.00,0.00,0.00,0.00,2.00,0.00,1.31,1.00,0.00,0.27,0.00,0.00,0.00,0.00,2.00,0.00,4.44
2,Bihar,908,Mungher,1972,78.00,56.00,0.00,0.00,0.00,0.00,5.00,0.00,1.14,1.00,0.00,0.38,0.00,0.00,0.00,0.00,1.00,0.00,5.87
2,Bihar,908,Mungher,1973,101.00,63.00,0.00,0.00,0.00,0.00,7.00,0.00,1.76,2.00,0.00,3.65,0.00,0.00,0.00,0.00,1.00,0.00,5.67
2,Bihar,908,Mungher,1974,94.00,69.00,0.00,0.00,0.00,0.00,5.00,0.00,1.10,1.00,0.00,0.04,0.00,0.00,0.00,0.00,2.00,0.00,6.16
2,Bihar,908,Mungher,1975,97.00,81.00,0.00,0.00,0.00,0.00,6.00,0.00,1.35,1.00,0.00,0.29,0.00,0.00,0.00,0.00,1.00,0.00,7.10
2,Bihar,908,Mungher,1976,77.00,102.00,0.00,0.00,0.00,0.00,16.00,0.00,0.85,1.00,0.00,0.07,0.00,0.00,0.00,0.00,2.00,0.00,8.06
2,Bihar,908,Mungher,1977,104.00,97.00,0.00,0.00,0.00,0.00,17.00,0.00,0.70,1.00,0.00,0.30,0.00,0.00,0.00,0.00,2.00,0.00,8.08
2,Bihar,908,Mungher,1978,96.00,110.00,0.00,0.00,0.00,0.00,20.00,0.00,0.72,1.00,0.00,0.19,0.00,0.00,0.00,0.00,1.00,0.00,8.27
2,Bihar,908,Mungher,1979,108.00,95.00,0.00,0.00,0.00,0.00,28.00,0.00,0.74,0.00,0.00,0.70,0.00,0.00,1.00,0.00,2.00,0.00,7.76
2,Bihar,908,Mungher,1980,93.00,105.00,1.00,0.00,1.00,0.00,24.00,0.00,0.72,1.00,0.00,0.30,0.00,0.00,1.00,0.00,1.00,0.00,7.57
2,Bihar,908,Mungher,1981,95.00,95.00,0.00,0.00,0.00,0.00,33.00,0.00,0.46,0.00,0.00,1.09,0.00,0.00,1.00,0.00,2.00,0.00,7.32
2,Bihar,908,Mungher,1982,78.00,100.00,0.00,0.00,0.00,0.00,33.00,0.00,0.54,0.00,0.00,0.81,0.00,0.00,0.00,0.00,1.00,0.00,7.02
2,Bihar,908,Mungher,1983,82.00,116.00,0.00,0.00,0.00,0.00,33.00,0.00,0.69,1.00,0.00,0.17,0.00,0.00,0.00,0.00,2.00,0.00,8.37
2,Bihar,908,Mungher,1984,105.00,112.00,0.00,0.00,0.00,0.00,28.00,0.00,0.26,0.00,0.00,1.47,0.00,0.00,0.00,0.00,1.00,0.00,8.36
2,Bihar,908,Mungher,1985,111.00,112.00,0.00,0.00,0.00,0.00,30.00,0.00,0.28,0.00,0.00,0.75,0.00,0.00,1.00,0.00,1.00,0.00,5.54
2,Bihar,908,Mungher,1986,105.00,106.00,0.00,0.00,0.00,0.00,25.00,0.00,0.11,3.00,0.00,1.14,0.00,0.00,0.00,0.00,1.00,0.00,7.62
2,Bihar,908,Mungher,1987,108.00,132.00,0.00,0.00,0.00,0.00,32.00,0.00,0.10,1.00,0.00,0.24,0.00,0.00,1.00,0.00,1.00,0.00,7.79
2,Bihar,908,Mungher,1988,105.00,139.00,0.00,0.00,0.00,0.00,42.00,0.00,0.29,0.36,0.00,0.99,0.00,0.00,1.00,0.00,1.00,0.00,9.36
2,Bihar,908,Mungher,1989,103.00,118.00,0.00,0.00,0.00,0.00,53.00,0.00,0.15,0.18,0.00,1.13,0.00,0.00,3.00,0.00,1.00,0.00,13.13
2,Bihar,908,Mungher,1990,106.56,121.80,0.00,0.00,0.00,0.00,48.42,0.00,0.00,0.74,0.00,1.64,0.00,0.00,0.00,0.00,0.88,0.00,4.47
2,Bihar,908,Mungher,1991,93.68,124.31,0.00,0.00,0.00,0.00,57.39,0.00,0.00,0.47,0.00,0.67,0.00,0.00,0.00,0.00,0.61,0.00,5.60
2,Bihar,908,Mungher,1992,79.46,117.58,0.00,0.00,0.00,0.00,56.46,0.00,0.00,0.28,0.00,0.71,0.00,0.00,0.00,0.00,0.57,0.00,6.14
2,Bihar,908,Mungher,1993,67.99,134.68,0.00,0.00,0.00,0.00,54.21,0.00,0.00,0.20,0.00,-1.00,0.00,0.00,0.00,0.00,0.48,0.00,6.19
2,Bihar,908,Mungher,1994,68.64,149.07,0.00,0.00,0.00,0.00,62.12,0.00,0.00,0.13,0.00,-1.00,0.00,0.00,0.00,0.00,0.43,0.00,6.47
2,Bihar,908,Munger,1995,93.46,129.24,-1.00,-1.00,-1.00,-1.00,52.60,-1.00,-1.00,0.19,-1.00,-1.00,-1.00,-1.00,-1.00,-1.00,0.77,-1.00,17.39
2,Bihar,908,Munger,1996,113.93,118.49,-1.00,-1.00,-1.00,-1.00,58.78,-1.00,-1.00,0.15,-1.00,-1.00,-1.00,-1.00,-1.00,-1.00,0.58,-1.00,16.17
2,Bihar,908,Monghyr,1998,123.14,137.23,0.12,0.00,0.12,0.00,52.01,0.00,0.07,0.48,0.06,1.22,0.00,0.01,6.28,0.01,1.20,0.00,18.78
2,Bihar,908,Monghyr,1999,111.99,147.25,0.00,0.00,0.00,0.00,58.37,0.00,0.10,0.41,0.00,1.67,0.02,0.00,4.31,0.00,0.83,0.00,16.13
2,Bihar,908,Monghyr,2000,106.90,148.99,0.00,0.00,0.00,0.00,57.52,0.00,0.09,0.35,0.09,0.70,0.00,0.00,4.71,0.00,0.86,0.00,12.86
2,Bihar,908,Monghyr,2001,94.25,144.16,0.00,0.00,0.00,0.00,56.00,0.04,0.04,0.17,0.02,1.32,0.00,0.00,4.28,0.00,0.93,0.00,13.69
2,Bihar,908,Monghyr,2002,115.25,148.93,0.00,0.00,0.00,0.00,57.47,0.00,0.30,0.52,0.03,0.07,0.00,0.01,6.72,0.01,0.66,0.00,12.52
2,Bihar,908,Monghyr,2003,117.27,156.53,0.03,0.00,0.03,0.00,58.92,0.00,0.34,0.25,0.00,0.03,0.00,0.00,6.87,0.03,0.54,0.00,13.89
2,Bihar,908,Munger,2004,85.70,140.36,0.00,0.00,0.00,0.00,60.92,0.00,0.27,0.22,0.03,0.91,0.00,0.00,6.19,0.02,0.57,0.00,13.14
2,Bihar,908,Munger,2005,101.80,136.29,0.00,0.00,0.00,0.00,60.84,0.00,0.04,0.10,0.00,0.67,0.00,0.00,6.76,0.05,0.34,0.00,14.76
2,Bihar,908,Munger,2006,114.00,145.03,0.00,0.00,0.00,0.00,63.95,0.00,0.07,0.04,0.00,0.69,0.00,0.00,6.98,0.00,0.27,0.00,14.98
2,Bihar,908,Mungair,2007,123.31,143.70,0.00,0.00,0.00,0.00,63.03,0.00,0.06,0.01,0.23,0.65,0.00,0.05,7.07,0.00,-1.00,0.00,15.87
2,Bihar,908,Mungair,2008,125.06,145.91,0.02,0.00,0.02,0.00,59.97,0.00,0.09,0.03,0.00,1.58,0.00,0.05,6.75,0.00,-1.00,0.00,11.19
2,Bihar,908,Mungair,2009,103.92,145.15,0.06,0.00,0.06,0.00,62.38,0.00,0.06,0.15,0.00,0.00,0.00,0.00,8.76,0.05,-1.00,0.00,16.37
2,Bihar,908,Monghyr,2010,62.84,164.12,0.02,0.00,0.02,-1.00,61.03,0.00,-1.00,0.06,0.02,0.00,0.00,0.02,11.60,0.00,4.43,-1.00,15.71
2,Bihar,908,Monghyr,2011,62.84,164.12,0.02,0.00,0.02,0.00,61.03,0.00,-1.00,0.06,0.02,-1.00,0.00,0.02,11.60,0.00,4.43,-1.00,-1.00
2,Bihar,909,Bhagalpur,1966,120.00,4.00,0.00,0.00,0.00,0.00,0.00,0.00,2.16,2.00,0.00,0.57,0.00,0.00,0.00,0.00,2.00,0.00,3.54
2,Bihar,909,Bhagalpur,1967,128.00,2.00,0.00,0.00,0.00,0.00,0.00,0.00,1.42,2.00,0.00,0.39,0.00,0.00,0.00,0.00,2.00,0.00,3.76
2,Bihar,909,Bhagalpur,1968,127.00,6.00,0.00,0.00,0.00,0.00,0.00,0.00,1.02,1.00,0.00,0.05,0.00,0.00,0.00,0.00,2.00,0.00,3.88
2,Bihar,909,Bhagalpur,1969,133.00,5.00,0.00,0.00,0.00,0.00,1.00,0.00,0.90,1.00,0.00,0.03,0.00,0.00,0.00,0.00,2.00,0.00,4.11
2,Bihar,909,Bhagalpur,1970,129.00,6.00,0.00,0.00,0.00,0.00,1.00,0.00,0.94,1.00,0.00,0.04,0.00,0.00,0.00,0.00,2.00,0.00,3.88
2,Bihar,909,Bhagalpur,1971,127.00,9.00,0.00,0.00,0.00,0.00,0.00,0.00,0.97,0.00,0.00,0.01,0.00,0.00,0.00,0.00,2.00,0.00,4.23
2,Bihar,909,Bhagalpur,1972,126.00,11.00,0.00,0.00,0.00,0.00,1.00,0.00,0.88,0.00,0.00,0.01,0.00,0.00,0.00,0.00,1.00,0.00,4.41
2,Bihar,909,Bhagalpur,1973,128.00,15.00,0.00,0.00,0.00,0.00,1.00,0.00,0.72,0.00,0.00,0.01,0.00,0.00,0.00,0.00,2.00,0.00,4.40
2,Bihar,909,Bhagalpur,1974,119.00,16.00,0.00,0.00,0.00,0.00,2.00,0.00,0.97,1.00,0.00,0.08,0.00,0.00,0.00,0.00,2.00,0.00,4.58
2,Bihar,909,Bhagalpur,1975,122.00,24.00,0.00,0.00,0.00,0.00,3.00,0.00,1.38,1.00,0.00,0.15,0.00,0.00,0.00,0.00,1.00,0.00,4.91
2,Bihar,909,Bhagalpur,1976,100.00,29.00,0.00,0.00,0.00,0.00,5.00,0.00,1.42,1.00,0.00,0.02,0.00,0.00,0.00,0.00,1.00,0.00,5.74
2,Bihar,909,Bhagalpur,1977,114.00,30.00,0.00,0.00,0.00,0.00,6.00,0.00,0.92,2.00,0.00,0.62,0.00,0.00,0.00,0.00,1.00,0.00,5.51
2,Bihar,909,Bhagalpur,1978,114.00,28.00,0.00,0.00,0.00,0.00,6.00,0.00,1.07,1.00,0.00,0.82,0.00,0.00,0.00,0.00,2.00,0.00,4.61
2,Bihar,909,Bhagalpur,1979,110.00,23.00,0.00,0.00,0.00,0.00,5.00,0.00,1.09,1.00,0.00,0.53,0.00,0.00,0.00,0.00,1.00,0.00,5.17
2,Bihar,909,Bhagalpur,1980,114.00,26.00,0.00,0.00,0.00,0.00,8.00,0.00,0.94,1.00,0.00,1.25,0.00,0.00,0.00,0.00,1.00,0.00,6.30
2,Bihar,909,Bhagalpur,1981,115.00,25.00,0.00,0.00,0.00,0.00,7.00,0.00,0.61,0.00,0.00,0.33,0.00,0.00,0.00,0.00,1.00,0.00,6.47
2,Bihar,909,Bhagalpur,1982,104.00,25.00,0.00,0.00,0.00,0.00,8.00,0.00,2.28,1.00,0.00,0.03,0.00,0.00,0.00,0.00,1.00,0.00,5.52
2,Bihar,909,Bhagalpur,1983,106.00,34.00,0.00,0.00,0.00,0.00,9.00,0.00,0.05,0.00,0.00,0.60,0.00,0.00,0.00,0.00,1.00,0.00,4.67
2,Bihar,909,Bhagalpur,1984,116.00,34.00,0.00,0.00,0.00,0.00,8.00,0.00,0.21,1.00,0.00,0.04,0.00,0.00,0.00,0.00,1.00,0.00,5.72
2,Bihar,909,Bhagalpur,1985,111.00,35.00,0.00,0.00,0.00,0.00,9.00,0.00,0.50,0.00,0.00,0.75,0.00,0.00,0.00,0.00,1.00,0.00,6.43
2,Bihar,909,Bhagalpur,1986,127.00,35.00,0.00,0.00,0.00,0.00,9.00,0.00,0.67,1.00,0.00,0.08,0.00,0.00,0.00,0.00,1.00,0.00,7.29
2,Bihar,909,Bhagalpur,1987,112.00,42.00,0.00,0.00,0.00,0.00,8.00,0.00,0.65,1.00,0.00,0.08,0.00,0.00,0.00,0.00,3.00,0.00,6.36
2,Bihar,909,Bhagalpur,1988,116.00,38.00,0.00,0.00,0.00,0.00,10.00,0.00,0.69,0.49,0.00,0.82,0.00,0.00,0.00,0.00,1.00,0.00,7.26
2,Bihar,909,Bhagalpur,1989,110.00,33.00,0.00,0.00,0.00,0.00,9.00,0.00,0.64,0.41,0.00,0.64,0.00,0.00,0.00,0.00,1.00,0.00,6.74
2,Bihar,909,Bhagalpur,1990,110.41,33.32,0.00,0.00,0.00,0.00,8.98,0.00,0.00,0.41,0.00,0.35,0.00,0.00,0.00,0.00,1.15,0.00,2.86
2,Bihar,909,Bhagalpur,1991,11.38,35.83,0.00,0.00,0.00,0.00,9.54,0.00,0.00,0.49,0.00,0.27,0.00,0.00,0.00,0.00,1.00,0.00,2.47
2,Bihar,909,Bhagalpur,1992,101.70,31.30,0.00,0.00,0.00,0.00,9.88,0.00,0.00,0.38,0.00,0.42,0.00,0.00,0.00,0.00,0.91,0.00,2.54
2,Bihar,909,Bhagalpur,1993,94.05,38.85,0.00,0.00,0.00,0.00,14.15,0.00,0.00,0.29,0.00,-1.00,0.00,0.00,0.00,0.00,0.76,0.00,3.49
2,Bihar,909,Bhagalpur,1994,98.91,35.25,0.00,0.00,0.00,0.00,10.29,0.00,0.00,1.23,0.00,-1.00,0.00,0.00,0.00,0.00,0.36,0.00,3.37
2,Bihar,909,Bhagalpur,1995,123.37,47.82,-1.00,-1.00,-1.00,-1.00,12.60,-1.00,-1.00,1.63,-1.00,-1.00,-1.00,-1.00,-1.00,-1.00,0.66,-1.00,8.10
2,Bihar,909,Bhagalpur,1996,109.50,48.11,-1.00,-1.00,-1.00,-1.00,20.01,-1.00,-1.00,0.53,-1.00,-1.00,-1.00,-1.00,-1.00,-1.00,0.99,-1.00,8.48
2,Bihar,909,Bhagalpur,1998,105.50,48.92,0.00,0.00,0.00,0.00,23.16,0.00,0.04,0.21,0.00,1.50,0.00,0.01,1.46,0.00,1.04,0.00,11.18
2,Bihar,909,Bhagalpur,1999,101.80,58.61,0.01,0.00,0.01,0.00,23.17,0.00,0.03,0.71,0.00,2.00,0.00,0.00,1.18,0.00,0.40,0.00,10.09
2,Bihar,909,Bhagalpur,2000,110.77,58.08,0.00,0.00,0.00,0.00,26.07,0.00,0.06,0.14,0.00,0.94,0.00,0.00,1.51,0.00,0.47,0.00,8.89
2,Bihar,909,Bhagalpur,2001,97.32,51.04,0.01,0.00,0.01,0.00,22.43,0.00,0.04,0.15,0.00,0.79,0.00,0.00,1.85,0.01,0.46,0.00,9.92
2,Bihar,909,Bhagalpur,2002,105.51,52.32,0.00,0.00,0.00,0.00,24.98,0.00,0.14,0.13,0.00,0.10,0.00,0.00,1.68,0.00,0.27,0.00,9.81
2,Bihar,909,Bhagalpur,2003,98.70,53.39,0.00,0.00,0.00,0.00,26.42,0.00,0.12,0.35,0.00,0.44,0.00,0.00,1.69,0.00,0.68,0.00,10.42
2,Bihar,909,Bhagalpur,2004,93.94,56.87,0.00,0.00,0.00,0.00,28.15,0.00,0.09,0.68,0.01,1.30,0.00,0.00,1.53,0.01,0.31,0.00,8.14
2,Bihar,909,Bhagalpur,2005,99.39,55.38,0.00,0.00,0.00,0.00,27.20,0.00,0.09,0.32,0.02,1.25,0.00,0.01,1.64,0.02,0.54,0.00,11.09
2,Bihar,909,Bhagalpur,2006,93.96,57.82,0.00,0.00,0.00,0.00,29.02,0.00,0.06,0.27,0.09,2.38,0.00,0.00,1.51,0.02,0.54,0.00,8.29
2,Bihar,909,Bhagalpur,2007,100.59,61.65,0.00,0.00,0.00,0.00,28.13,0.00,0.12,0.39,0.00,1.72,0.00,0.01,2.07,0.02,-1.00,0.00,9.74
2,Bihar,909,Bhagalpur,2008,100.02,57.09,0.00,0.00,0.00,0.00,24.18,0.00,0.08,0.34,0.03,1.54,0.00,0.03,1.71,0.01,-1.00,0.00,8.49
2,Bihar,909,Bhagalpur,2009,100.84,53.52,0.00,0.00,0.00,0.00,22.55,0.00,0.00,0.02,0.00,0.00,0.00,0.01,1.10,0.00,-1.00,0.00,8.55
2,Bihar,909,Bhagalpur,2010,80.76,48.74,0.00,0.00,0.00,-1.00,25.72,0.00,-1.00,0.10,0.00,0.32,0.00,0.00,1.07,0.00,1.27,-1.00,8.03
2,Bihar,909,Bhagalpur,2011,80.76,48.74,0.00,0.00,0.00,0.00,25.72,0.00,-1.00,0.10,0.00,-1.00,0.00,0.00,1.07,0.00,1.27,-1.00,-1.00
2,Bihar,910,Santhal Paragana,1966,63.00,5.00,0.00,0.00,0.00,0.00,0.00,0.00,1.51,1.00,0.00,0.09,0.00,0.00,0.00,0.00,0.00,0.00,5.49
2,Bihar,910,Santhal Paragana,1967,60.00,3.00,0.00,0.00,0.00,0.00,0.00,0.00,1.28,1.00,0.00,0.25,0.00,0.00,0.00,0.00,0.00,0.00,4.08
2,Bihar,910,Santhal Paragana,1968,65.00,3.00,0.00,0.00,0.00,0.00,0.00,0.00,0.61,0.00,0.00,0.11,0.00,0.00,0.00,0.00,0.00,0.00,4.01
2,Bihar,910,Santhal Paragana,1969,48.00,3.00,0.00,0.00,0.00,0.00,0.00,0.00,0.44,0.00,0.00,0.02,0.00,0.00,0.00,0.00,1.00,0.00,2.84
2,Bihar,910,Santhal Paragana,1970,49.00,4.00,0.00,0.00,0.00,0.00,0.00,0.00,0.56,0.00,0.00,0.04,0.00,0.00,0.00,0.00,0.00,0.00,3.00
2,Bihar,910,Santhal Paragana,1971,53.00,7.00,0.00,0.00,0.00,0.00,0.00,0.00,0.78,0.00,0.00,0.32,0.00,0.00,0.00,0.00,0.00,0.00,4.27
2,Bihar,910,Santhal Paragana,1972,35.00,8.00,0.00,0.00,0.00,0.00,0.00,0.00,0.34,0.00,0.00,0.16,0.00,0.00,0.00,0.00,0.00,0.00,3.92
2,Bihar,910,Santhal Paragana,1973,27.00,16.00,0.00,0.00,0.00,0.00,0.00,0.00,0.54,0.00,0.00,0.39,0.00,0.00,0.00,0.00,0.00,0.00,6.99
2,Bihar,910,Santhal Paragana,1974,34.00,23.00,0.00,0.00,0.00,0.00,0.00,0.00,0.59,0.00,0.00,0.22,0.00,0.00,0.00,0.00,0.00,0.00,8.39
2,Bihar,910,Santhal Paragana,1975,21.00,28.00,0.00,0.00,0.00,0.00,0.00,0.00,0.68,0.00,0.00,0.33,0.00,0.00,0.00,0.00,0.00,0.00,10.82
2,Bihar,910,Santhal Paragana,1976,22.00,24.00,0.00,0.00,0.00,0.00,1.00,0.00,0.46,0.00,0.00,0.29,0.00,0.00,0.00,0.00,0.00,0.00,8.44
2,Bihar,910,Santhal Paragana,1977,24.00,23.00,0.00,0.00,0.00,0.00,1.00,0.00,0.41,0.00,0.00,0.15,0.00,0.00,0.00,0.00,0.00,0.00,8.54
2,Bihar,910,Santhal Paragana,1978,19.00,22.00,0.00,0.00,0.00,0.00,1.00,0.00,0.29,0.00,0.00,0.30,0.00,0.00,0.00,0.00,0.00,0.00,7.89
2,Bihar,910,Santhal Paragana,1979,24.00,23.00,0.00,0.00,0.00,0.00,1.00,0.00,0.47,1.00,0.00,0.20,0.00,0.00,0.00,0.00,0.00,0.00,8.61
2,Bihar,910,Santhal Paragana,1980,35.00,23.00,0.00,0.00,0.00,0.00,2.00,0.00,0.53,1.00,0.00,0.32,0.00,0.00,0.00,0.00,0.00,0.00,8.88
2,Bihar,910,Santhal Paragana,1981,25.00,17.00,0.00,0.00,0.00,0.00,1.00,0.00,0.15,0.00,0.00,0.24,0.00,0.00,0.00,0.00,0.00,0.00,7.70
2,Bihar,910,Santhal Paragana,1982,20.00,20.00,0.00,0.00,0.00,0.00,2.00,0.00,0.22,0.00,0.00,0.73,0.00,0.00,0.00,0.00,0.00,0.00,8.30
2,Bihar,910,Santhal Paragana,1983,18.00,20.00,0.00,0.00,0.00,0.00,1.00,0.00,0.38,1.00,0.00,0.07,0.00,0.00,0.00,0.00,0.00,0.00,7.89
2,Bihar,910,Santhal Paragana,1984,21.00,19.00,0.00,0.00,0.00,0.00,1.00,0.00,0.13,0.00,0.00,0.52,0.00,0.00,0.00,0.00,0.00,0.00,8.24
2,Bihar,910,Santhal Paragana,1985,22.00,19.00,0.00,0.00,0.00,0.00,1.00,0.00,0.26,0.00,0.00,0.40,0.00,0.00,0.00,0.00,0.00,0.00,8.37
2,Bihar,910,Santhal Paragana,1986,22.00,17.00,0.00,0.00,0.00,0.00,1.00,0.00,0.20,0.00,0.00,0.50,0.00,0.00,1.00,0.00,0.00,0.00,7.55
2,Bihar,910,Santhal Paragana,1987,15.00,18.00,0.00,0.00,0.00,0.00,1.00,0.00,0.12,0.00,0.00,0.39,0.00,0.00,1.00,0.00,0.00,0.00,7.32
2,Bihar,910,Santhal Paragana,1988,17.00,15.00,0.00,0.00,0.00,0.00,1.00,0.00,0.10,0.12,0.00,0.18,0.00,0.00,1.00,0.00,0.00,0.00,7.12
2,Bihar,910,Santhal Paragana,1989,16.00,16.00,0.00,0.00,0.00,0.00,1.00,0.00,0.10,0.12,0.00,0.30,0.00,0.00,1.00,0.00,0.00,0.00,8.64
2,Bihar,910,Santhal Paragana,1990,9.96,16.27,0.00,0.00,0.00,0.00,1.02,0.00,0.00,0.09,0.00,0.03,0.00,0.00,0.00,0.00,0.07,0.00,3.14
2,Bihar,910,Santhal Paragana,1991,7.80,18.34,0.00,0.00,0.00,0.00,1.31,0.00,0.00,0.20,0.00,0.13,0.00,0.00,0.00,0.00,0.07,0.00,3.46
2,Bihar,910,Santhal Paragana,1992,10.25,18.77,0.00,0.00,0.00,0.00,1.35,0.00,0.00,0.11,0.00,0.11,0.00,0.00,0.00,0.00,0.05,0.00,3.59
2,Bihar,910,Santhal Paragana,1993,9.68,18.06,0.00,0.00,0.00,0.00,1.27,0.00,0.00,0.14,0.00,-1.00,0.00,0.00,0.00,0.00,0.06,0.00,3.69
2,Bihar,910,Santhal Paragana,1994,5.33,19.31,0.00,0.00,0.00,0.00,0.88,0.00,0.00,0.51,0.00,-1.00,0.00,0.00,0.00,0.00,0.02,0.00,3.54
2,Bihar,910,Santhal Paragana,1998,4.85,17.99,0.00,0.00,0.00,0.00,0.72,0.00,0.03,0.23,0.00,0.05,0.00,0.00,0.84,0.00,0.00,0.00,9.81
2,Bihar,910,Santhal Paragana,1999,19.55,17.22,0.00,0.00,0.00,0.00,1.24,0.00,0.06,0.12,0.00,0.03,0.00,0.01,0.92,0.00,0.02,0.00,9.55
2,Bihar,911,Shahabad,1966,345.00,174.00,0.00,0.00,0.00,0.00,0.00,0.00,7.52,13.00,0.00,2.76,0.00,0.00,1.00,0.00,11.00,0.00,11.03
2,Bihar,911,Shahabad,1967,415.00,183.00,0.00,0.00,0.00,0.00,0.00,0.00,6.86,9.00,0.00,1.60,0.00,0.00,1.00,0.00,9.00,0.00,11.58
2,Bihar,911,Shahabad,1968,432.00,205.00,0.00,0.00,0.00,0.00,1.00,0.00,6.25,3.00,0.00,1.91,0.00,0.00,1.00,0.00,13.00,0.00,12.81
2,Bihar,911,Shahabad,1969,437.00,210.00,0.00,0.00,0.00,0.00,0.00,0.00,5.99,3.00,0.00,1.32,0.00,0.00,1.00,0.00,13.00,0.00,12.73
2,Bihar,911,Shahabad,1970,442.00,221.00,0.00,0.00,0.00,0.00,0.00,0.00,5.37,2.00,0.00,1.16,0.00,0.00,1.00,0.00,11.00,0.00,12.53
2,Bihar,911,Shahabad,1971,439.00,228.00,0.00,0.00,0.00,0.00,0.00,0.00,5.25,2.00,0.00,0.91,0.00,0.00,1.00,0.00,8.00,0.00,11.52
2,Bihar,911,Shahabad,1972,443.00,221.00,0.00,0.00,0.00,0.00,0.00,0.00,5.06,2.00,0.00,0.41,0.00,0.00,1.00,0.00,8.00,0.00,12.77
2,Bihar,911,Shahabad,1973,404.00,220.00,0.00,0.00,0.00,0.00,0.00,0.00,4.40,2.00,0.00,0.10,0.00,0.00,1.00,0.00,9.00,0.00,13.46
2,Bihar,911,Shahabad,1974,419.00,228.00,0.00,0.00,0.00,0.00,0.00,0.00,4.67,1.00,0.00,1.43,0.00,0.00,1.00,0.00,9.00,0.00,14.26
2,Bihar,911,Shahabad,1975,434.00,247.00,0.00,0.00,0.00,0.00,0.00,0.00,4.55,1.00,0.00,1.28,0.00,0.00,1.00,0.00,7.00,0.00,14.89
2,Bihar,911,Shahabad,1976,436.00,264.00,0.00,0.00,0.00,0.00,0.00,0.00,3.98,1.00,0.00,0.82,0.00,0.00,2.00,0.00,6.00,0.00,13.83
2,Bihar,911,Shahabad,1977,454.00,268.00,0.00,0.00,0.00,0.00,0.00,0.00,4.20,1.00,0.00,0.12,0.00,0.00,2.00,0.00,6.00,0.00,14.93
2,Bihar,911,Shahabad,1978,486.00,267.00,10.00,0.00,10.00,0.00,0.00,0.00,4.08,1.00,0.00,2.56,0.00,0.00,2.00,0.00,5.00,0.00,14.33
2,Bihar,911,Shahabad,1979,407.00,253.00,0.00,0.00,0.00,0.00,0.00,0.00,3.80,1.00,0.00,0.45,0.00,0.00,2.00,0.00,4.00,0.00,13.13
2,Bihar,911,Shahabad,1980,462.00,266.00,0.00,0.00,0.00,0.00,0.00,0.00,4.11,1.00,0.00,0.19,0.00,0.00,2.00,0.00,4.00,0.00,13.46
2,Bihar,911,Shahabad,1981,473.00,257.00,0.00,0.00,0.00,0.00,0.00,0.00,3.16,1.00,0.00,0.77,0.00,0.00,2.00,0.00,4.00,0.00,13.02
2,Bihar,911,Shahabad,1982,419.00,266.00,1.00,0.00,1.00,0.00,1.00,0.00,3.17,2.00,0.00,1.25,0.00,0.00,2.00,0.00,4.00,0.00,13.43
2,Bihar,911,Shahabad,1983,368.00,301.00,0.00,0.00,0.00,0.00,1.00,0.00,3.52,0.00,0.00,1.18,0.00,0.00,3.00,0.00,4.00,0.00,13.37
2,Bihar,911,Shahabad,1984,448.00,291.00,0.00,0.00,0.00,0.00,1.00,0.00,2.99,0.00,0.00,0.89,0.00,0.00,3.00,0.00,3.00,0.00,13.48
2,Bihar,911,Shahabad,1985,470.00,274.00,0.00,0.00,0.00,0.00,0.00,0.00,2.85,0.00,0.00,0.93,0.00,0.00,3.00,0.00,3.00,0.00,13.18
2,Bihar,911,Shahabad,1986,482.00,293.00,0.00,0.00,0.00,0.00,0.00,0.00,2.92,0.00,0.00,0.86,0.00,0.00,4.00,0.00,4.00,0.00,13.53
2,Bihar,911,Shahabad,1987,472.00,345.00,1.00,0.00,1.00,1.00,0.00,0.00,3.17,0.00,0.00,4.75,0.00,0.00,3.00,0.00,4.00,0.00,13.28
2,Bihar,911,Shahabad,1988,482.00,341.00,0.00,0.00,0.00,0.00,0.00,0.00,2.45,0.35,0.00,1.04,0.00,0.00,4.00,0.00,4.00,0.00,12.94
2,Bihar,911,Shahabad,1989,496.00,322.00,0.00,0.00,0.00,0.00,1.00,0.00,2.63,0.17,0.00,0.89,0.00,0.00,4.00,0.00,4.00,0.00,12.82
2,Bihar,911,Shahabad,1990,501.99,318.71,0.00,0.00,0.00,0.00,0.15,0.00,0.00,0.25,0.00,0.69,0.00,0.00,0.00,0.00,4.06,0.00,3.93
2,Bihar,911,Shahabad,1991,480.85,309.46,0.00,0.00,0.00,0.00,0.17,0.00,0.00,0.35,0.00,1.10,0.00,0.00,0.00,0.00,3.86,0.00,4.61
2,Bihar,911,Shahabad,1992,300.69,190.48,0.00,0.00,0.00,0.00,0.38,0.00,0.00,0.08,0.00,0.45,0.00,0.00,0.00,0.00,1.83,0.00,2.85
2,Bihar,911,Shahabad,1993,298.58,189.94,0.00,0.00,0.00,0.00,0.19,0.00,0.00,0.05,0.00,-1.00,0.00,0.00,0.00,0.00,1.26,0.00,2.81
2,Bihar,911,Shahabad,1994,274.91,74.37,0.00,0.00,0.00,0.00,0.14,0.00,0.00,1.56,0.00,-1.00,0.00,0.00,0.00,0.00,1.58,0.00,2.77
2,Bihar,911,Shahabad,1995,482.38,310.20,-1.00,-1.00,-1.00,-1.00,0.63,-1.00,-1.00,1.02,-1.00,-1.00,-1.00,-1.00,-1.00,-1.00,3.43,-1.00,13.64
2,Bihar,911,Shahabad,1996,509.87,327.67,-1.00,-1.00,-1.00,-1.00,0.19,-1.00,-1.00,1.74,-1.00,-1.00,-1.00,-1.00,-1.00,-1.00,3.00,-1.00,13.41
2,Bihar,911,Shahabad,1998,311.43,186.72,0.00,0.00,0.00,0.00,0.30,0.00,1.89,1.03,0.00,0.15,0.00,0.11,3.49,0.58,0.90,0.00,8.00
2,Bihar,911,Shahabad,1999,313.49,184.85,0.00,0.00,0.00,0.00,0.18,0.00,1.76,0.98,0.03,0.26,0.00,0.09,2.81,0.62,0.79,0.00,9.53
2,Bihar,911,Shahabad,2000,319.91,182.16,0.00,0.00,0.00,0.00,0.26,0.00,1.64,0.02,0.01,0.31,0.00,0.00,1.08,0.64,0.74,0.00,9.36
2,Bihar,911,Shahabad,2001,305.93,205.92,0.00,0.00,0.00,0.01,0.28,0.00,1.26,0.07,0.00,0.21,0.00,0.00,3.41,0.18,0.37,0.00,12.73
2,Bihar,911,Shahabad,2002,301.36,208.08,0.00,0.00,0.00,0.00,0.31,0.00,0.89,0.05,0.00,0.12,0.00,0.00,1.14,0.18,0.39,0.00,10.24
2,Bihar,911,Shahabad,2003,298.23,201.38,0.15,0.00,0.15,0.01,0.69,0.00,1.17,0.08,0.00,0.00,0.00,0.00,3.57,0.03,0.37,0.00,11.82
2,Bihar,911,Shahabad,2004,422.19,282.31,0.01,0.00,0.01,0.00,0.99,0.00,2.65,3.37,0.00,1.40,0.02,0.00,3.49,0.09,1.06,0.00,18.25
2,Bihar,911,Shahabad,2005,278.71,182.68,0.00,0.00,0.00,0.00,1.14,0.00,1.39,0.28,0.13,0.41,0.02,0.01,3.47,0.01,0.27,0.00,11.10
2,Bihar,911,Shahabad,2006,270.33,207.36,0.00,0.00,0.00,0.00,1.08,0.00,0.21,0.14,0.00,0.09,0.02,0.00,1.82,0.08,0.18,0.00,11.37
2,Bihar,911,Shahabad,2007,489.19,343.86,0.00,0.00,0.00,0.00,1.32,0.00,0.64,0.04,0.00,0.11,0.02,0.00,2.90,0.00,-1.00,0.00,21.55
2,Bihar,911,Shahabad,2008,482.49,340.86,0.01,0.00,0.01,0.00,1.20,0.00,0.59,1.04,0.42,0.54,0.02,0.00,2.98,0.36,-1.00,0.00,21.66
2,Bihar,911,Shahabad,2009,399.30,325.24,0.00,0.00,0.00,0.00,1.09,0.00,0.89,0.11,0.00,0.01,0.00,0.00,3.15,0.00,-1.00,0.00,20.47
2,Bihar,911,Shahabad,2010,426.59,358.30,0.00,0.00,0.00,-1.00,1.07,0.00,-1.00,0.14,0.00,0.11,0.00,0.00,3.93,0.01,1.77,-1.00,22.68
2,Bihar,911,Shahabad,2011,426.59,358.30,0.00,0.00,0.00,0.01,1.07,0.00,-1.00,0.14,0.00,-1.00,0.00,0.00,3.93,0.01,1.77,-1.00,-1.00
2,Bihar,912,Gaya,1966,332.00,55.00,0.00,0.00,0.00,0.00,1.00,1.00,7.37,11.00,0.00,3.24,0.00,0.00,2.00,0.00,10.00,0.00,15.59
2,Bihar,912,Gaya,1967,497.00,59.00,0.00,0.00,0.00,0.00,2.00,2.00,4.31,5.00,0.00,2.48,0.00,0.00,2.00,0.00,9.00,0.00,15.87
2,Bihar,912,Gaya,1968,518.00,56.00,0.00,0.00,0.00,0.00,1.00,1.00,3.80,2.00,0.00,2.59,0.00,0.00,2.00,0.00,13.00,0.00,18.33
2,Bihar,912,Gaya,1969,526.00,54.00,0.00,0.00,0.00,0.00,1.00,1.00,2.67,1.00,0.00,3.71,0.00,0.00,2.00,0.00,14.00,0.00,17.51
2,Bihar,912,Gaya,1970,489.00,59.00,0.00,0.00,0.00,0.00,1.00,1.00,2.69,2.00,0.00,1.99,0.00,0.00,2.00,0.00,13.00,0.00,16.79
2,Bihar,912,Gaya,1971,518.00,58.00,0.00,0.00,0.00,0.00,0.00,0.00,2.49,2.00,0.00,2.86,0.00,0.00,2.00,0.00,11.00,0.00,15.31
2,Bihar,912,Gaya,1972,353.00,63.00,0.00,0.00,0.00,0.00,1.00,0.00,2.11,1.00,0.00,0.73,0.00,0.00,2.00,0.00,10.00,0.00,14.73
2,Bihar,912,Gaya,1973,429.00,63.00,0.00,0.00,0.00,0.00,13.00,1.00,2.08,1.00,0.00,0.09,0.00,0.00,2.00,0.00,9.00,0.00,12.96
2,Bihar,912,Gaya,1974,493.00,67.00,0.00,0.00,0.00,0.00,2.00,0.00,2.00,1.00,0.00,0.40,0.00,0.00,2.00,0.00,10.00,0.00,14.33
2,Bihar,912,Gaya,1975,388.00,121.00,0.00,0.00,0.00,0.00,3.00,0.00,2.53,1.00,0.00,0.39,0.00,0.00,3.00,0.00,8.00,0.00,16.20
2,Bihar,912,Gaya,1976,430.00,137.00,0.00,0.00,0.00,0.00,4.00,0.00,2.27,1.00,0.00,1.07,0.00,0.00,3.00,0.00,9.00,0.00,16.92
2,Bihar,912,Gaya,1977,519.00,127.00,0.00,0.00,0.00,0.00,3.00,0.00,2.02,1.00,0.00,0.28,0.00,0.00,3.00,0.00,9.00,0.00,16.54
2,Bihar,912,Gaya,1978,539.00,125.00,0.00,0.00,0.00,0.00,2.00,0.00,1.69,1.00,0.00,0.11,0.00,0.00,2.00,0.00,8.00,0.00,15.63
2,Bihar,912,Gaya,1979,420.00,122.00,0.00,0.00,0.00,0.00,2.00,0.00,1.95,1.00,0.00,1.19,0.00,0.00,2.00,0.00,7.00,0.00,15.99
2,Bihar,912,Gaya,1980,515.00,126.00,0.00,0.00,0.00,0.00,4.00,0.00,1.83,0.00,0.00,2.54,0.00,0.00,2.00,0.00,7.00,0.00,15.44
2,Bihar,912,Gaya,1981,493.00,123.00,0.00,0.00,0.00,0.00,4.00,0.00,1.51,1.00,0.00,0.52,0.00,0.00,2.00,0.00,9.00,0.00,15.51
2,Bihar,912,Gaya,1982,349.00,135.00,0.00,0.00,0.00,0.00,4.00,0.00,1.22,0.00,0.00,1.13,0.00,0.00,3.00,0.00,8.00,0.00,12.67
2,Bihar,912,Gaya,1983,371.00,130.00,0.00,0.00,0.00,0.00,4.00,0.00,1.01,1.00,0.00,0.97,0.00,0.00,2.00,0.00,8.00,0.00,15.34
2,Bihar,912,Gaya,1984,482.00,141.00,0.00,0.00,0.00,0.00,2.00,0.00,1.04,1.00,0.00,0.59,0.00,0.00,2.00,0.00,7.00,0.00,16.93
2,Bihar,912,Gaya,1985,495.00,137.00,0.00,0.00,0.00,0.00,2.00,0.00,0.91,1.00,0.00,0.89,0.00,0.00,2.00,0.00,6.00,0.00,15.64
2,Bihar,912,Gaya,1986,516.00,131.00,0.00,0.00,0.00,0.00,2.00,0.00,0.98,0.00,0.00,0.85,0.00,0.00,2.00,0.00,5.00,0.00,15.98
2,Bihar,912,Gaya,1987,521.00,148.00,0.00,0.00,0.00,0.00,2.00,0.00,0.85,0.00,0.00,1.21,0.00,0.00,2.00,0.00,6.00,0.00,16.74
2,Bihar,912,Gaya,1988,499.00,167.00,0.00,0.00,0.00,0.00,2.00,0.00,0.79,0.23,0.00,1.71,0.00,0.00,3.00,0.00,6.00,0.00,17.10
2,Bihar,912,Gaya,1989,438.00,152.00,0.00,0.00,0.00,0.00,2.00,0.00,0.65,0.34,0.00,2.13,0.00,0.00,2.00,0.00,6.00,0.00,16.57
2,Bihar,912,Gaya,1990,506.44,150.70,0.00,0.00,0.00,0.00,2.38,0.00,0.00,0.25,0.00,1.92,0.00,0.00,0.00,0.00,5.34,0.00,5.29
2,Bihar,912,Gaya,1991,397.19,143.42,0.00,0.00,0.00,0.00,1.90,0.00,0.00,0.59,0.00,2.16,0.00,0.00,0.00,0.00,5.08,0.00,6.05
2,Bihar,912,Gaya,1992,383.52,148.82,0.00,0.00,0.00,0.00,1.86,0.00,0.00,0.28,0.00,2.93,0.00,0.00,0.00,0.00,4.14,0.00,6.71
2,Bihar,912,Gaya,1993,357.44,173.66,0.00,0.00,0.00,0.00,3.21,0.00,0.00,0.23,0.00,-1.00,0.00,0.00,0.00,0.00,3.62,0.00,7.20
2,Bihar,912,Gaya,1994,467.78,187.58,0.00,0.00,0.00,0.00,3.18,0.00,0.00,0.25,0.00,-1.00,0.00,0.00,0.00,0.00,3.65,0.00,5.96
2,Bihar,912,Gaya,1995,470.98,182.16,-1.00,-1.00,-1.00,-1.00,3.74,-1.00,-1.00,0.47,-1.00,-1.00,-1.00,-1.00,-1.00,-1.00,3.15,-1.00,17.61
2,Bihar,912,Gaya,1996,453.41,158.38,-1.00,-1.00,-1.00,-1.00,2.19,-1.00,-1.00,0.24,-1.00,-1.00,-1.00,-1.00,-1.00,-1.00,3.45,-1.00,19.44
2,Bihar,912,Gaya,1998,452.37,169.75,0.00,0.00,0.00,0.00,2.29,0.05,0.19,0.29,0.01,2.31,0.00,0.01,1.78,0.31,3.23,0.00,17.78
2,Bihar,912,Gaya,1999,469.13,160.10,0.00,0.00,0.00,0.00,1.86,0.00,0.34,0.17,0.00,1.45,0.01,0.00,1.67,0.00,1.86,0.00,17.11
2,Bihar,912,Gaya,2000,435.52,164.72,0.00,0.00,0.00,0.00,1.99,0.00,0.30,0.11,0.00,1.74,0.00,0.00,2.13,0.00,1.91,0.00,17.19
2,Bihar,912,Gaya,2001,473.37,172.42,0.00,0.00,0.00,0.00,2.21,0.02,0.11,0.17,0.00,1.48,0.00,0.05,2.27,0.00,2.01,0.00,18.89
2,Bihar,912,Gaya,2002,455.80,188.35,0.00,0.00,0.00,0.00,3.18,0.03,0.42,1.32,0.01,0.05,0.00,0.05,1.35,0.00,1.96,0.00,19.28
2,Bihar,912,Gaya,2003,447.43,174.82,0.00,0.00,0.00,0.01,3.25,0.01,0.38,2.37,0.03,0.00,0.00,0.04,1.61,0.12,1.48,0.00,18.08
2,Bihar,912,Gaya,2004,268.66,163.82,0.00,0.00,0.00,0.00,4.94,0.02,0.65,0.34,0.10,3.70,0.03,0.07,0.97,0.01,1.44,0.00,18.16
2,Bihar,912,Gaya,2005,257.29,155.47,0.01,0.00,0.01,0.00,4.15,0.00,0.41,0.42,0.07,2.40,0.00,0.04,0.78,0.03,1.38,0.00,18.31
2,Bihar,912,Gaya,2006,429.49,193.50,0.00,0.00,0.00,0.00,3.37,0.00,0.29,0.72,0.02,2.83,0.08,0.11,1.31,0.00,2.02,0.00,20.74
2,Bihar,912,Gaya,2007,452.20,206.80,0.01,0.00,0.01,0.00,2.73,0.00,0.26,0.12,0.15,2.37,0.06,0.00,1.59,0.00,-1.00,0.00,21.74
2,Bihar,912,Gaya,2008,432.48,196.92,0.00,0.00,0.00,0.00,2.70,0.01,0.25,0.11,0.00,3.20,1.15,0.06,1.71,0.00,-1.00,0.00,23.58
2,Bihar,912,Gaya,2009,279.50,197.87,0.00,0.00,0.00,0.00,2.73,0.00,0.22,0.37,0.00,0.13,1.04,0.04,2.76,0.00,-1.00,0.00,20.17
2,Bihar,912,Gaya,2010,254.27,207.45,0.46,0.00,0.46,-1.00,2.40,0.00,-1.00,0.34,0.00,0.00,0.00,0.01,2.40,0.02,3.12,-1.00,20.23
2,Bihar,912,Gaya,2011,254.27,207.45,0.46,0.00,0.46,0.02,2.40,0.00,-1.00,0.34,0.00,-1.00,0.00,0.01,2.40,0.02,3.12,-1.00,-1.00
2,Bihar,913,Hazaribagh,1966,5.00,5.00,0.00,0.00,0.00,0.00,0.00,0.00,1.03,1.00,0.00,0.17,0.00,0.00,0.00,0.00,2.00,0.00,8.25
2,Bihar,913,Hazaribagh,1967,11.00,4.00,0.00,0.00,0.00,0.00,0.00,0.00,0.77,0.00,0.00,0.21,0.00,0.00,0.00,0.00,2.00,0.00,9.79
2,Bihar,913,Hazaribagh,1968,10.00,3.00,0.00,0.00,0.00,0.00,0.00,0.00,0.64,0.00,0.00,0.26,0.00,0.00,0.00,0.00,2.00,0.00,10.44
2,Bihar,913,Hazaribagh,1969,10.00,3.00,0.00,0.00,0.00,0.00,0.00,0.00,0.50,0.00,0.00,0.19,0.00,0.00,0.00,0.00,2.00,0.00,10.02
2,Bihar,913,Hazaribagh,1970,7.00,3.00,0.00,0.00,0.00,0.00,0.00,0.00,0.57,0.00,0.00,0.30,0.00,0.00,0.00,0.00,2.00,0.00,10.26
2,Bihar,913,Hazaribagh,1971,4.00,3.00,0.00,0.00,0.00,0.00,0.00,0.00,0.52,0.00,0.00,0.59,0.00,0.00,0.00,0.00,2.00,0.00,10.09
2,Bihar,913,Hazaribagh,1972,4.00,4.00,0.00,0.00,0.00,0.00,0.00,0.00,0.50,0.00,0.00,0.55,0.00,0.00,0.00,0.00,2.00,0.00,10.88
2,Bihar,913,Hazaribagh,1973,6.00,4.00,0.00,0.00,0.00,0.00,0.00,0.00,0.39,0.00,0.00,0.33,0.00,0.00,0.00,0.00,2.00,0.00,10.39
2,Bihar,913,Hazaribagh,1974,5.00,7.00,0.00,0.00,0.00,0.00,0.00,0.00,0.44,0.00,0.00,0.64,0.00,0.00,0.00,0.00,2.00,0.00,12.10
2,Bihar,913,Hazaribagh,1975,4.00,11.00,0.00,0.00,0.00,0.00,0.00,0.00,0.35,0.00,0.00,0.66,0.00,0.00,0.00,0.00,3.00,0.00,16.81
2,Bihar,913,Hazaribagh,1976,4.00,14.00,0.00,0.00,0.00,0.00,0.00,0.00,0.49,0.00,0.00,0.75,0.00,0.00,0.00,0.00,3.00,0.00,17.42
2,Bihar,913,Hazaribagh,1977,9.00,11.00,0.00,0.00,0.00,0.00,0.00,0.00,0.28,0.00,0.00,0.64,0.00,0.00,0.00,0.00,3.00,0.00,16.16
2,Bihar,913,Hazaribagh,1978,4.00,14.00,0.00,0.00,0.00,0.00,0.00,0.00,0.48,0.00,0.00,0.69,0.00,0.00,0.00,0.00,3.00,0.00,15.24
2,Bihar,913,Hazaribagh,1979,5.00,9.00,0.00,0.00,0.00,0.00,0.00,0.00,0.48,0.00,0.00,0.83,0.00,0.00,0.00,0.00,3.00,0.00,13.99
2,Bihar,913,Hazaribagh,1980,3.00,11.00,0.00,0.00,0.00,0.00,1.00,0.00,0.40,0.00,0.00,0.59,0.00,0.00,0.00,0.00,2.00,0.00,16.60
2,Bihar,913,Hazaribagh,1981,3.00,8.00,0.00,0.00,0.00,0.00,0.00,0.00,0.36,0.00,0.00,0.53,0.00,0.00,0.00,0.00,2.00,0.00,15.57
2,Bihar,913,Hazaribagh,1982,6.00,13.00,0.00,0.00,0.00,0.00,0.00,0.00,0.32,0.00,0.00,0.99,0.00,0.00,0.00,0.00,2.00,0.00,18.27
2,Bihar,913,Hazaribagh,1983,5.00,13.00,0.00,0.00,0.00,0.00,0.00,0.00,0.33,1.00,0.00,0.28,0.00,0.00,0.00,0.00,2.00,0.00,19.58
2,Bihar,913,Hazaribagh,1984,5.00,12.00,0.00,0.00,0.00,0.00,0.00,0.00,0.24,0.00,0.00,1.07,0.00,0.00,0.00,0.00,3.00,0.00,20.78
2,Bihar,913,Hazaribagh,1985,5.00,12.00,0.00,0.00,0.00,0.00,0.00,0.00,0.27,0.00,0.00,0.79,0.00,0.00,1.00,0.00,2.00,0.00,12.68
2,Bihar,913,Hazaribagh,1986,4.00,11.00,0.00,0.00,0.00,0.00,0.00,0.00,0.17,0.00,0.00,0.75,0.00,0.00,0.00,0.00,2.00,0.00,20.77
2,Bihar,913,Hazaribagh,1987,4.00,12.00,0.00,0.00,0.00,0.00,0.00,0.00,0.31,0.00,0.00,0.85,0.00,0.00,0.00,0.00,2.00,0.00,19.70
2,Bihar,913,Hazaribagh,1988,5.00,10.00,0.00,0.00,0.00,0.00,0.00,0.00,0.27,0.38,0.00,0.65,0.00,0.00,0.00,0.00,2.00,0.00,18.14
2,Bihar,913,Hazaribagh,1989,2.00,11.00,0.00,0.00,0.00,0.00,0.00,0.00,0.18,0.21,0.00,0.43,0.00,0.00,0.00,0.00,2.00,0.00,19.36
2,Bihar,913,Hazaribagh,1990,2.20,12.20,0.00,0.00,0.00,0.00,0.13,0.00,0.00,0.46,0.00,0.53,0.00,0.00,0.00,0.00,1.90,0.00,4.84
2,Bihar,913,Hazaribagh,1991,2.82,11.39,0.00,0.00,0.00,0.00,0.14,0.00,0.00,0.34,0.00,0.42,0.00,0.00,0.00,0.00,1.99,0.00,5.24
2,Bihar,913,Hazaribagh,1992,1.41,9.94,0.00,0.00,0.00,0.00,0.15,0.00,0.00,0.37,0.00,0.24,0.00,0.00,0.00,0.00,1.73,0.00,3.80
2,Bihar,913,Hazaribagh,1993,1.22,12.45,0.00,0.00,0.00,0.00,0.08,0.00,0.00,0.44,0.00,-1.00,0.00,0.00,0.00,0.00,1.81,0.00,4.23
2,Bihar,913,Hazaribagh,1994,2.11,13.20,0.00,0.00,0.00,0.00,0.10,0.00,0.00,0.34,0.00,-1.00,0.00,0.00,0.00,0.00,1.73,0.00,3.92
2,Bihar,913,Hazaribagh,1998,2.04,14.87,0.00,0.00,0.00,0.00,0.11,0.00,0.11,0.37,0.02,0.49,0.01,0.06,0.26,0.02,1.60,0.00,18.48
2,Bihar,913,Hazaribagh,1999,7.76,13.38,0.00,0.00,0.00,0.00,0.12,0.00,0.08,0.40,0.00,0.37,0.00,0.00,0.13,0.00,1.45,0.00,19.35
2,Bihar,914,Dhanbad,1966,9.00,1.00,0.00,0.00,0.00,0.00,0.00,0.00,0.05,0.00,0.00,0.03,0.00,0.00,0.00,0.00,0.00,0.00,1.33
2,Bihar,914,Dhanbad,1967,4.00,1.00,0.00,0.00,0.00,0.00,0.00,0.00,0.01,0.00,0.00,0.01,0.00,0.00,0.00,0.00,0.00,0.00,0.97
2,Bihar,914,Dhanbad,1968,5.00,0.00,0.00,0.00,0.00,0.00,0.00,0.00,0.01,0.00,0.00,0.01,0.00,0.00,0.00,0.00,0.00,0.00,0.81
2,Bihar,914,Dhanbad,1969,3.00,0.00,0.00,0.00,0.00,0.00,0.00,0.00,0.00,0.00,0.00,0.01,0.00,0.00,0.00,0.00,0.00,0.00,0.62
2,Bihar,914,Dhanbad,1970,2.00,0.00,0.00,0.00,0.00,0.00,0.00,0.00,0.01,0.00,0.00,0.04,0.00,0.00,0.00,0.00,0.00,0.00,0.62
2,Bihar,914,Dhanbad,1971,1.00,0.00,0.00,0.00,0.00,0.00,0.00,0.00,0.00,0.00,0.00,0.01,0.00,0.00,0.00,0.00,0.00,0.00,0.42
2,Bihar,914,Dhanbad,1972,1.00,2.00,0.00,0.00,0.00,0.00,0.00,0.00,0.01,0.00,0.00,0.06,0.00,0.00,0.00,0.00,0.00,0.00,0.92
2,Bihar,914,Dhanbad,1973,0.00,2.00,0.00,0.00,0.00,0.00,0.00,0.00,0.01,0.00,0.00,0.03,0.00,0.00,0.00,0.00,0.00,0.00,0.73
2,Bihar,914,Dhanbad,1974,1.00,1.00,0.00,0.00,0.00,0.00,0.00,0.00,0.01,0.00,0.00,0.06,0.00,0.00,0.00,0.00,0.00,0.00,0.97
2,Bihar,914,Dhanbad,1975,1.00,5.00,0.00,0.00,0.00,0.00,0.00,0.00,0.05,0.00,0.00,0.21,0.00,0.00,0.00,0.00,0.00,0.00,2.08
2,Bihar,914,Dhanbad,1976,1.00,3.00,0.00,0.00,0.00,0.00,0.00,0.00,0.00,0.00,0.00,0.01,0.00,0.00,0.00,0.00,0.00,0.00,1.08
2,Bihar,914,Dhanbad,1977,2.00,3.00,0.00,0.00,0.00,0.00,0.00,0.00,0.00,0.00,0.00,0.02,0.00,0.00,0.00,0.00,0.00,0.00,1.09
2,Bihar,914,Dhanbad,1978,1.00,2.00,0.00,0.00,0.00,0.00,0.00,0.00,0.00,0.00,0.00,0.02,0.00,0.00,0.00,0.00,0.00,0.00,0.66
2,Bihar,914,Dhanbad,1979,1.00,1.00,0.00,0.00,0.00,0.00,0.00,0.00,0.00,0.00,0.00,0.05,0.00,0.00,0.00,0.00,0.00,0.00,0.76
2,Bihar,914,Dhanbad,1980,0.00,1.00,0.00,0.00,0.00,0.00,0.00,0.00,0.02,0.00,0.00,0.04,0.00,0.00,0.00,0.00,0.00,0.00,0.75
2,Bihar,914,Dhanbad,1981,1.00,1.00,0.00,0.00,0.00,0.00,0.00,0.00,0.01,0.00,0.00,0.01,0.00,0.00,0.00,0.00,0.00,0.00,0.76
2,Bihar,914,Dhanbad,1982,1.00,1.00,0.00,0.00,0.00,0.00,0.00,0.00,0.00,0.00,0.00,0.02,0.00,0.00,0.00,0.00,0.00,0.00,0.75
2,Bihar,914,Dhanbad,1983,0.00,1.00,0.00,0.00,0.00,0.00,0.00,0.00,0.00,0.00,0.00,0.02,0.00,0.00,0.00,0.00,0.00,0.00,0.80
2,Bihar,914,Dhanbad,1984,1.00,1.00,0.00,0.00,0.00,0.00,0.00,0.00,0.00,0.00,0.00,0.00,0.00,0.00,0.00,0.00,0.00,0.00,0.83
2,Bihar,914,Dhanbad,1985,0.00,1.00,0.00,0.00,0.00,0.00,0.00,0.00,0.00,0.00,0.00,0.03,0.00,0.00,0.00,0.00,0.00,0.00,0.64
2,Bihar,914,Dhanbad,1986,0.00,1.00,0.00,0.00,0.00,0.00,0.00,0.00,0.00,0.00,0.00,0.01,0.00,0.00,0.00,0.00,0.00,0.00,0.54
2,Bihar,914,Dhanbad,1987,0.00,0.00,0.00,0.00,0.00,0.00,0.00,0.00,0.00,0.00,0.00,0.03,0.00,0.00,0.00,0.00,0.00,0.00,0.63
2,Bihar,914,Dhanbad,1988,0.00,0.00,0.00,0.00,0.00,0.00,0.00,0.00,0.00,0.01,0.00,0.01,0.00,0.00,0.00,0.00,0.00,0.00,0.79
2,Bihar,914,Dhanbad,1989,0.00,0.00,0.00,0.00,0.00,0.00,0.00,0.00,0.00,0.01,0.00,0.01,0.00,0.00,0.00,0.00,0.00,0.00,0.62
2,Bihar,914,Dhanbad,1990,0.01,0.26,0.00,0.00,0.00,0.00,0.00,0.00,0.00,0.01,0.00,0.00,0.00,0.00,0.00,0.00,0.00,0.00,0.56
2,Bihar,914,Dhanbad,1991,0.06,0.31,0.00,0.00,0.00,0.00,0.00,0.00,0.00,0.00,0.00,0.00,0.00,0.00,0.00,0.00,0.00,0.00,0.69
2,Bihar,914,Dhanbad,1992,0.06,0.54,0.00,0.00,0.00,0.00,0.01,0.00,0.00,0.01,0.00,0.01,0.00,0.00,0.00,0.00,0.01,0.00,0.80
2,Bihar,914,Dhanbad,1993,0.05,0.62,0.00,0.00,0.00,0.00,0.00,0.00,0.00,0.01,0.00,-1.00,0.00,0.00,0.00,0.00,0.00,0.00,0.86
2,Bihar,914,Dhanbad,1994,0.08,0.66,0.00,0.00,0.00,0.00,0.00,0.00,0.00,0.01,0.00,-1.00,0.00,0.00,0.00,0.00,0.00,0.00,0.94
2,Bihar,914,Dhanbad,1998,0.03,1.01,0.00,0.00,0.00,0.00,0.00,0.00,0.00,0.00,0.00,0.02,0.00,0.00,0.00,0.00,0.00,0.00,1.47
2,Bihar,914,Dhanbad,1999,0.03,1.04,0.00,0.00,0.00,0.00,0.01,0.00,0.00,0.01,0.00,0.00,0.00,0.00,0.00,0.00,0.00,0.00,1.48
2,Bihar,915,Palamau,1966,24.00,5.00,0.00,0.00,0.00,0.00,0.00,0.00,3.62,1.00,0.00,0.14,0.00,0.00,0.00,0.00,2.00,0.00,2.38
2,Bihar,915,Palamau,1967,60.00,3.00,0.00,0.00,0.00,0.00,0.00,0.00,1.28,0.00,0.00,0.07,0.00,0.00,0.00,0.00,2.00,0.00,2.96
2,Bihar,915,Palamau,1968,53.00,5.00,0.00,0.00,0.00,0.00,0.00,0.00,1.46,0.00,0.00,0.09,0.00,0.00,0.00,0.00,3.00,0.00,3.15
2,Bihar,915,Palamau,1969,59.00,4.00,0.00,0.00,0.00,0.00,0.00,0.00,1.43,0.00,0.00,0.05,0.00,0.00,0.00,0.00,3.00,0.00,3.27
2,Bihar,915,Palamau,1970,59.00,5.00,0.00,0.00,0.00,0.00,0.00,0.00,1.41,0.00,0.00,0.03,0.00,0.00,0.00,0.00,3.00,0.00,3.13
2,Bihar,915,Palamau,1971,63.00,5.00,0.00,0.00,0.00,0.00,0.00,0.00,1.03,0.00,0.00,0.15,0.00,0.00,0.00,0.00,2.00,0.00,2.72
2,Bihar,915,Palamau,1972,55.00,5.00,0.00,0.00,0.00,0.00,0.00,0.00,0.79,0.00,0.00,0.13,0.00,0.00,0.00,0.00,2.00,0.00,3.28
2,Bihar,915,Palamau,1973,55.00,5.00,0.00,0.00,0.00,0.00,0.00,0.00,0.54,0.00,0.00,0.05,0.00,0.00,0.00,0.00,2.00,0.00,3.08
2,Bihar,915,Palamau,1974,48.00,8.00,0.00,0.00,0.00,0.00,0.00,0.00,0.76,0.00,0.00,0.12,0.00,0.00,0.00,0.00,3.00,0.00,3.63
2,Bihar,915,Palamau,1975,54.00,12.00,0.00,0.00,0.00,0.00,0.00,0.00,1.07,0.00,0.00,0.22,0.00,0.00,0.00,0.00,3.00,0.00,4.25
2,Bihar,915,Palamau,1976,51.00,11.00,0.00,0.00,0.00,0.00,0.00,0.00,1.00,0.00,0.00,0.34,0.00,0.00,0.00,0.00,3.00,0.00,3.65
2,Bihar,915,Palamau,1977,56.00,13.00,0.00,0.00,0.00,0.00,0.00,0.00,1.21,0.00,0.00,0.31,0.00,0.00,0.00,0.00,3.00,0.00,3.94
2,Bihar,915,Palamau,1978,56.00,12.00,0.00,0.00,0.00,0.00,0.00,0.00,1.17,0.00,0.00,0.10,0.00,0.00,0.00,0.00,3.00,0.00,4.11
2,Bihar,915,Palamau,1979,25.00,9.00,0.00,0.00,0.00,0.00,0.00,0.00,0.81,0.00,0.00,0.11,0.00,0.00,0.00,0.00,2.00,0.00,3.55
2,Bihar,915,Palamau,1980,44.00,10.00,0.00,0.00,0.00,0.00,0.00,0.00,0.84,0.00,0.00,0.16,0.00,0.00,0.00,0.00,2.00,0.00,4.03
2,Bihar,915,Palamau,1981,41.00,8.00,0.00,0.00,0.00,0.00,0.00,0.00,0.59,0.00,0.00,0.10,0.00,0.00,0.00,0.00,2.00,0.00,14.84
2,Bihar,915,Palamau,1982,36.00,11.00,0.00,0.00,0.00,0.00,0.00,0.00,1.10,0.00,0.00,0.28,0.00,0.00,0.00,0.00,2.00,0.00,4.76
2,Bihar,915,Palamau,1983,32.00,13.00,0.00,0.00,0.00,0.00,0.00,0.00,1.06,0.00,0.00,0.41,0.00,0.00,0.00,0.00,2.00,0.00,5.10
2,Bihar,915,Palamau,1984,42.00,13.00,0.00,0.00,0.00,0.00,0.00,0.00,1.90,0.00,0.00,0.29,0.00,0.00,0.00,0.00,2.00,0.00,5.54
2,Bihar,915,Palamau,1985,45.00,13.00,0.00,0.00,0.00,0.00,0.00,0.00,0.97,0.00,0.00,0.15,0.00,0.00,0.00,0.00,2.00,0.00,5.62
2,Bihar,915,Palamau,1986,42.00,12.00,0.00,0.00,0.00,0.00,0.00,0.00,0.96,0.00,0.00,0.21,0.00,0.00,0.00,0.00,2.00,0.00,5.33
2,Bihar,915,Palamau,1987,42.00,12.00,0.00,0.00,0.00,0.00,0.00,0.00,1.00,0.00,0.00,0.19,0.00,0.00,0.00,0.00,2.00,0.00,6.16
2,Bihar,915,Palamau,1988,37.00,10.00,0.00,0.00,0.00,0.00,0.00,0.00,0.71,0.14,0.00,0.26,0.00,0.00,0.00,0.00,2.00,0.00,5.98
2,Bihar,915,Palamau,1989,38.00,12.00,0.00,0.00,0.00,0.00,0.00,0.00,1.01,0.04,0.00,0.29,0.00,0.00,0.00,0.00,2.00,0.00,6.77
2,Bihar,915,Palamau,1990,41.29,11.17,0.00,0.00,0.00,0.00,0.04,0.00,0.00,0.05,0.00,0.19,0.00,0.00,0.00,0.00,1.41,0.00,2.57
2,Bihar,915,Palamau,1991,38.66,10.98,0.00,0.00,0.00,0.00,0.06,0.00,0.00,0.05,0.00,0.22,0.00,0.00,0.00,0.00,0.34,0.00,3.04
2,Bihar,915,Palamau,1992,26.79,8.47,0.00,0.00,0.00,0.00,0.10,0.00,0.00,0.07,0.00,0.38,0.00,0.00,0.00,0.00,1.29,0.00,2.82
2,Bihar,915,Palamau,1993,44.12,15.49,0.00,0.00,0.00,0.00,0.08,0.00,0.00,0.06,0.00,-1.00,0.00,0.00,0.00,0.00,0.85,0.00,3.33
2,Bihar,915,Palamau,1994,49.63,14.89,0.00,0.00,0.00,0.00,0.11,0.00,0.00,0.24,0.00,-1.00,0.00,0.00,0.00,0.00,0.94,0.00,3.85
2,Bihar,915,Palamu,1998,44.16,14.87,0.00,0.00,0.00,0.00,0.08,0.00,0.62,0.12,0.00,0.45,0.00,0.00,0.01,0.00,0.83,0.00,9.65
2,Bihar,915,Palamu,1999,37.12,13.99,0.00,0.00,0.00,0.00,0.20,0.00,0.51,0.05,0.00,0.44,0.00,0.00,0.01,0.00,0.89,0.00,9.12
2,Bihar,916,Ranchi,1966,6.00,2.00,0.00,0.00,0.00,0.00,0.00,0.00,0.06,0.00,0.00,0.60,0.00,0.00,0.00,0.00,0.00,0.00,7.25
2,Bihar,916,Ranchi,1967,10.00,1.00,0.00,0.00,0.00,0.00,0.00,0.00,0.03,0.00,0.00,0.57,0.00,0.00,0.00,0.00,0.00,0.00,7.04
2,Bihar,916,Ranchi,1968,18.00,1.00,0.00,0.00,0.00,0.00,0.00,0.00,0.03,0.00,0.00,0.76,0.00,0.00,0.00,0.00,0.00,0.00,7.80
2,Bihar,916,Ranchi,1969,10.00,2.00,0.00,0.00,0.00,0.00,0.00,0.00,0.03,0.00,0.00,0.82,0.00,0.00,0.00,0.00,0.00,0.00,7.88
2,Bihar,916,Ranchi,1970,14.00,2.00,0.00,0.00,0.00,0.00,0.00,0.00,0.04,0.00,0.00,0.54,0.00,0.00,0.00,0.00,0.00,0.00,7.84
2,Bihar,916,Ranchi,1971,11.00,3.00,0.00,0.00,0.00,0.00,0.00,0.00,0.03,0.00,0.00,0.54,0.00,0.00,0.00,0.00,0.00,0.00,8.66
2,Bihar,916,Ranchi,1972,14.00,6.00,0.00,0.00,0.00,0.00,0.00,0.00,0.02,0.00,0.00,0.34,0.00,0.00,0.00,0.00,0.00,0.00,9.48
2,Bihar,916,Ranchi,1973,13.00,8.00,0.00,0.00,0.00,0.00,0.00,0.00,0.06,0.00,0.00,0.53,0.00,0.00,0.00,0.00,0.00,0.00,10.41
2,Bihar,916,Ranchi,1974,13.00,10.00,0.00,0.00,0.00,0.00,0.00,0.00,0.05,0.00,0.00,0.75,0.00,0.00,0.00,0.00,0.00,0.00,11.07
2,Bihar,916,Ranchi,1975,14.00,23.00,0.00,0.00,0.00,0.00,0.00,0.00,0.08,0.00,0.00,3.20,0.00,0.00,0.00,0.00,0.00,0.00,22.65
2,Bihar,916,Ranchi,1976,9.00,17.00,0.00,0.00,0.00,0.00,0.00,0.00,0.10,0.00,0.00,2.58,0.00,0.00,0.00,0.00,0.00,0.00,20.53
2,Bihar,916,Ranchi,1977,10.00,16.00,0.00,0.00,0.00,0.00,0.00,0.00,0.07,0.00,0.00,2.82,0.00,0.00,0.00,0.00,0.00,0.00,19.45
2,Bihar,916,Ranchi,1978,10.00,13.00,0.00,0.00,0.00,0.00,0.00,0.00,0.11,0.00,0.00,2.19,0.00,0.00,0.00,0.00,0.00,0.00,16.81
2,Bihar,916,Ranchi,1979,12.00,13.00,0.00,0.00,0.00,0.00,0.00,0.00,0.02,0.00,0.00,1.43,0.00,0.00,0.00,0.00,0.00,0.00,15.42
2,Bihar,916,Ranchi,1980,15.00,12.00,0.00,0.00,0.00,0.00,0.00,0.00,0.03,0.00,0.00,1.56,0.00,0.00,0.00,0.00,0.00,0.00,16.67
2,Bihar,916,Ranchi,1981,13.00,10.00,0.00,0.00,0.00,0.00,0.00,0.00,0.04,0.00,0.00,1.03,0.00,0.00,0.00,0.00,0.00,0.00,14.43
2,Bihar,916,Ranchi,1982,15.00,9.00,0.00,0.00,0.00,0.00,0.00,0.00,0.32,0.00,0.00,1.12,0.00,0.00,0.00,0.00,0.00,0.00,13.52
2,Bihar,916,Ranchi,1983,11.00,10.00,0.00,0.00,0.00,0.00,0.00,0.00,0.03,0.00,0.00,1.36,0.00,0.00,0.00,0.00,0.00,0.00,13.74
2,Bihar,916,Ranchi,1984,9.00,10.00,0.00,0.00,0.00,0.00,0.00,0.00,0.01,0.00,0.00,1.24,0.00,0.00,0.00,0.00,0.00,0.00,14.32
2,Bihar,916,Ranchi,1985,8.00,10.00,0.00,0.00,0.00,0.00,0.00,0.00,0.02,0.00,0.00,1.79,0.00,0.00,0.00,0.00,0.00,0.00,13.80
2,Bihar,916,Ranchi,1986,9.00,10.00,0.00,0.00,0.00,0.00,0.00,0.00,0.04,0.00,0.00,1.95,0.00,0.00,0.00,0.00,0.00,0.00,15.88
2,Bihar,916,Ranchi,1987,8.00,9.00,0.00,0.00,0.00,0.00,0.00,0.00,0.02,0.00,0.00,1.57,0.00,0.00,0.00,0.00,0.00,0.00,16.41
2,Bihar,916,Ranchi,1988,6.00,8.00,0.00,0.00,0.00,0.00,0.00,0.00,0.00,0.04,0.00,1.31,0.00,0.00,0.00,0.00,0.00,0.00,15.50
2,Bihar,916,Ranchi,1989,9.00,8.00,0.00,0.00,0.00,0.00,0.00,0.00,0.00,0.06,0.00,1.52,0.00,0.00,0.00,0.00,0.00,0.00,15.78
2,Bihar,916,Ranchi,1990,6.12,7.69,0.00,0.00,0.00,0.00,0.01,0.00,0.00,0.11,0.00,1.38,0.00,0.00,0.00,0.00,0.03,0.00,8.86
2,Bihar,916,Ranchi,1991,6.32,7.92,0.00,0.00,0.00,0.00,0.07,0.00,0.00,0.05,0.00,1.57,0.00,0.00,0.00,0.00,0.03,0.00,9.66
2,Bihar,916,Ranchi,1992,5.81,6.31,0.00,0.00,0.00,0.00,0.10,0.00,0.00,0.03,0.00,1.24,0.00,0.00,0.00,0.00,0.03,0.00,10.16
2,Bihar,916,Ranchi,1993,7.57,6.77,0.00,0.00,0.00,0.00,0.08,0.00,0.00,0.06,0.00,-1.00,0.00,0.00,0.00,0.00,0.07,0.00,11.06
2,Bihar,916,Ranchi,1994,10.29,7.53,0.00,0.00,0.00,0.00,0.58,0.00,0.00,0.09,0.00,-1.00,0.00,0.00,0.00,0.00,0.02,0.00,11.38
2,Bihar,916,Ranchi,1998,8.39,6.76,0.00,0.00,0.00,0.00,0.42,0.00,0.01,0.33,0.00,2.28,0.00,0.00,0.03,0.00,0.00,0.00,22.79
2,Bihar,916,Ranchi,1999,4.65,6.54,0.00,0.00,0.00,0.00,0.23,0.00,0.00,0.07,0.00,2.34,0.00,0.00,0.10,0.00,0.00,0.00,26.45
2,Bihar,917,Singhbhum,1966,18.00,0.00,0.00,0.00,0.00,0.00,0.00,0.00,0.01,0.00,0.00,0.05,0.00,0.00,0.00,0.00,0.00,0.00,2.83
2,Bihar,917,Singhbhum,1967,18.00,1.00,0.00,0.00,0.00,0.00,0.00,0.00,0.01,0.00,0.00,0.05,0.00,0.00,0.00,0.00,0.00,0.00,2.19
2,Bihar,917,Singhbhum,1968,18.00,1.00,0.00,0.00,0.00,0.00,0.00,0.00,0.02,0.00,0.00,0.09,0.00,0.00,0.00,0.00,0.00,0.00,2.12
2,Bihar,917,Singhbhum,1969,25.00,1.00,0.00,0.00,0.00,0.00,0.00,0.00,0.02,0.00,0.00,0.02,0.00,0.00,0.00,0.00,0.00,0.00,1.96
2,Bihar,917,Singhbhum,1970,20.00,1.00,0.00,0.00,0.00,0.00,0.00,0.00,0.01,0.00,0.00,0.03,0.00,0.00,0.00,0.00,0.00,0.00,2.18
2,Bihar,917,Singhbhum,1971,17.00,2.00,0.00,0.00,0.00,0.00,0.00,0.00,0.01,0.00,0.00,0.07,0.00,0.00,0.00,0.00,0.00,0.00,1.78
2,Bihar,917,Singhbhum,1972,16.00,2.00,0.00,0.00,0.00,0.00,0.00,0.00,0.01,0.00,0.00,0.09,0.00,0.00,0.00,0.00,0.00,0.00,2.10
2,Bihar,917,Singhbhum,1973,14.00,4.00,0.00,0.00,0.00,0.00,0.00,0.00,0.01,0.00,0.00,0.13,0.00,0.00,0.00,0.00,0.00,0.00,2.95
2,Bihar,917,Singhbhum,1974,15.00,4.00,0.00,0.00,0.00,0.00,0.00,0.00,0.02,0.00,0.00,0.09,0.00,0.00,0.00,0.00,0.00,0.00,2.61
2,Bihar,917,Singhbhum,1975,15.00,7.00,0.00,0.00,0.00,0.00,0.00,0.00,0.01,0.00,0.00,0.08,0.00,0.00,0.00,0.00,0.00,0.00,4.22
2,Bihar,917,Singhbhum,1976,16.00,4.00,0.00,0.00,0.00,0.00,0.00,0.00,0.01,0.00,0.00,0.08,0.00,0.00,0.00,0.00,0.00,0.00,2.67
2,Bihar,917,Singhbhum,1977,15.00,3.00,0.00,0.00,0.00,0.00,0.00,0.00,0.00,0.00,0.00,0.10,0.00,0.00,0.00,0.00,0.00,0.00,2.27
2,Bihar,917,Singhbhum,1978,13.00,3.00,0.00,0.00,0.00,0.00,0.00,0.00,0.01,0.00,0.00,0.07,0.00,0.00,0.00,0.00,0.00,0.00,2.33
2,Bihar,917,Singhbhum,1979,10.00,2.00,0.00,0.00,0.00,0.00,0.00,0.00,0.00,0.00,0.00,0.06,0.00,0.00,0.00,0.00,0.00,0.00,1.95
2,Bihar,917,Singhbhum,1980,13.00,2.00,0.00,0.00,0.00,0.00,0.00,0.00,0.00,0.00,0.00,0.05,0.00,0.00,0.00,0.00,0.00,0.00,2.59
2,Bihar,917,Singhbhum,1981,28.00,1.00,0.00,0.00,0.00,0.00,0.00,0.00,0.00,0.00,0.00,0.07,0.00,0.00,0.00,0.00,0.00,0.00,2.37
2,Bihar,917,Singhbhum,1982,12.00,1.00,0.00,0.00,0.00,0.00,0.00,0.00,0.00,0.00,0.00,0.08,0.00,0.00,0.00,0.00,0.00,0.00,2.57
2,Bihar,917,Singhbhum,1983,13.00,2.00,0.00,0.00,0.00,0.00,0.00,0.00,0.00,0.00,0.00,0.15,0.00,0.00,0.00,0.00,0.00,0.00,2.68
2,Bihar,917,Singhbhum,1984,15.00,2.00,0.00,0.00,0.00,0.00,0.00,0.00,0.00,0.00,0.00,0.07,0.00,0.00,0.00,0.00,0.00,0.00,2.16
2,Bihar,917,Singhbhum,1985,11.00,2.00,0.00,0.00,0.00,0.00,0.00,0.00,0.00,0.00,0.00,0.10,0.00,0.00,0.00,0.00,0.00,0.00,2.11
2,Bihar,917,Singhbhum,1986,13.00,1.00,0.00,0.00,0.00,0.00,0.00,0.00,0.00,0.00,0.00,0.07,0.00,0.00,0.00,0.00,0.00,0.00,2.14
2,Bihar,917,Singhbhum,1987,9.00,1.00,0.00,0.00,0.00,0.00,0.00,0.00,0.01,0.00,0.00,0.07,0.00,0.00,0.00,0.00,0.00,0.00,2.21
2,Bihar,917,Singhbhum,1988,13.00,1.00,0.00,0.00,0.00,0.00,0.00,0.00,0.00,0.02,0.00,0.03,0.00,0.00,0.00,0.00,0.00,0.00,1.94
2,Bihar,917,Singhbhum,1989,9.00,0.00,0.00,0.00,0.00,0.00,0.00,0.00,0.00,0.02,0.00,0.03,0.00,0.00,0.00,0.00,0.00,0.00,1.94
2,Bihar,917,Singhbhum,1990,10.81,0.82,0.00,0.00,0.00,0.00,0.01,0.00,0.00,0.01,0.00,0.02,0.00,0.00,0.00,0.00,0.00,0.00,1.75
2,Bihar,917,Singhbhum,1991,9.74,0.78,0.00,0.00,0.00,0.00,0.01,0.00,0.00,0.02,0.00,0.09,0.00,0.00,0.00,0.00,0.03,0.00,1.27
2,Bihar,917,Singhbhum,1992,8.79,0.74,0.00,0.00,0.00,0.00,0.03,0.00,0.00,0.01,0.00,0.04,0.00,0.00,0.00,0.00,0.00,0.00,1.14
2,Bihar,917,Singhbhum,1993,10.72,0.60,0.00,0.00,0.00,0.00,0.01,0.00,0.00,0.00,0.00,-1.00,0.00,0.00,0.00,0.00,0.00,0.00,1.23
2,Bihar,917,Singhbhum,1994,14.14,0.60,0.00,0.00,0.00,0.00,0.01,0.00,0.00,0.02,0.00,-1.00,0.00,0.00,0.00,0.00,0.00,0.00,1.43
2,Bihar,917,Singhbhum,1998,7.16,0.46,0.00,0.00,0.00,0.00,0.00,0.00,0.00,0.01,0.00,0.01,0.00,0.00,0.01,0.00,0.00,0.00,1.27
2,Bihar,917,Singhbhum,1999,9.61,0.50,0.00,0.00,0.00,0.00,0.01,0.00,0.00,0.01,0.00,0.02,0.00,0.00,0.01,0.03,0.00,0.00,1.40
