STCODE,STNAME,DIST,DISTNAME,YEAR,RICE_TP,PADY_TP,WHT_TP,SORG_TP,PMLT_TP,MAIZ_TP,FMLT_TP,BRLY_TP,CPEA_TP,PPEA_TP,GNUT_TP,SESA_TP,RM_TP,CAST_TP,LINS_TP,SGUR_TP,COTNK_TP
2,Bihar,901,Champaram,1966,-1.0,93.8,123.3,-1.0,-1.0,85.8,80.4,69.7,150.1,85.8,136.7,187.7,155.5,-1.0,-1.0,80.4,-1.0
2,Bihar,901,Champaram,1967,-1.0,75.0,86.0,-1.0,-1.0,106.0,95.5,59.9,99.5,90.0,149.2,203.5,120.5,-1.0,-1.0,146.8,-1.0
2,Bihar,901,Champaram,1968,-1.0,58.0,81.4,-1.0,-1.0,62.8,59.7,54.8,84.5,72.3,115.0,156.0,134.4,-1.0,-1.0,108.0,-1.0
2,Bihar,901,Champaram,1969,-1.0,70.0,80.5,-1.0,-1.0,60.0,58.0,54.0,85.0,74.0,162.1,140.1,135.5,-1.0,-1.0,95.0,-1.0
2,Bihar,901,Champaram,1970,-1.0,64.0,78.0,-1.0,-1.0,59.0,58.0,40.0,80.0,90.0,160.0,214.0,160.0,-1.0,-1.0,96.0,-1.0
2,Bihar,901,Champaram,1971,-1.0,59.0,80.0,-1.0,-1.0,75.0,48.2,48.0,110.0,94.0,165.5,215.0,175.0,-1.0,-1.0,108.0,-1.0
2,Bihar,901,Champaram,1972,-1.0,75.0,107.0,-1.0,-1.0,68.0,49.0,60.0,125.0,125.0,240.2,240.0,130.0,-1.0,-1.0,140.0,-1.0
2,Bihar,901,Champaram,1973,-1.0,110.0,170.0,-1.0,-1.0,103.0,62.0,97.5,162.5,137.5,222.0,291.2,275.0,-1.0,-1.0,125.0,-1.0
2,Bihar,901,Champaram,1974,-1.0,95.0,150.0,-1.0,-1.0,155.0,112.1,83.5,170.0,150.0,240.3,301.7,225.0,-1.0,-1.0,140.0,-1.0
2,Bihar,901,Champaram,1975,-1.0,73.6,114.0,-1.0,-1.0,104.9,112.1,62.6,135.7,150.0,220.3,274.8,165.7,-1.0,-1.0,124.2,-1.0
2,Bihar,901,Champaram,1976,-1.0,79.5,110.0,-1.0,-1.0,80.0,93.4,70.0,175.0,173.0,209.9,353.4,351.4,-1.0,-1.0,128.0,-1.0
2,Bihar,901,Champaram,1977,-1.0,87.7,107.2,-1.0,-1.0,119.9,102.3,68.3,190.0,200.0,232.8,364.4,375.0,-1.0,-1.0,145.4,-1.0
2,Bihar,901,Champaram,1978,-1.0,99.3,99.4,-1.0,-1.0,113.9,93.1,75.0,197.5,214.9,300.0,359.6,362.0,-1.0,-1.0,133.0,-1.0
2,Bihar,901,Champaram,1979,-1.0,97.7,112.5,-1.0,-1.0,117.5,91.8,83.3,250.0,211.5,374.8,371.2,412.1,-1.0,-1.0,180.2,-1.0
2,Bihar,901,Champaram,1980,-1.0,98.5,132.6,-1.0,-1.0,120.9,122.5,111.7,325.0,267.2,454.5,531.5,412.2,-1.0,-1.0,280.1,-1.0
2,Bihar,901,Champaram,1981,-1.0,112.2,158.6,-1.0,-1.0,136.7,111.3,123.3,316.7,278.4,504.0,510.6,410.0,-1.0,-1.0,245.3,-1.0
2,Bihar,901,Champaram,1982,-1.0,163.9,192.4,-1.0,-1.0,188.7,148.1,141.7,308.0,350.0,524.2,534.1,466.4,-1.0,-1.0,204.7,-1.0
2,Bihar,901,Champaram,1983,-1.0,169.5,163.8,-1.0,-1.0,176.2,160.4,128.0,338.0,368.0,597.7,673.7,629.2,-1.0,-1.0,246.7,-1.0
2,Bihar,901,Champaram,1984,-1.0,177.4,155.8,-1.0,-1.0,180.0,165.5,100.9,337.8,388.8,687.7,596.9,486.4,-1.0,-1.0,265.2,-1.0
2,Bihar,901,Champaram,1985,-1.0,171.1,175.0,-1.0,-1.0,179.1,161.7,117.1,400.0,400.0,609.9,622.0,526.2,-1.0,-1.0,292.1,-1.0
2,Bihar,901,Champaram,1986,-1.0,182.5,205.0,-1.0,-1.0,195.0,172.5,155.0,450.0,475.0,-1.0,650.0,712.5,525.0,505.0,310.0,-1.0
2,Bihar,901,Champaram,1987,-1.0,221.3,197.5,-1.0,-1.0,202.5,180.0,167.5,462.5,615.0,-1.0,675.0,706.3,600.0,562.5,325.0,-1.0
2,Bihar,901,Champaram,1988,-1.0,218.2,222.5,-1.0,-1.0,205.0,205.0,177.0,587.5,569.9,-1.0,1000.0,575.0,-1.0,500.0,350.0,-1.0
2,Bihar,901,Champaram,1989,-1.0,955.0,485.0,-1.0,-1.0,420.0,410.0,365.0,1195.0,1290.0,-1.0,-1.0,1215.0,-1.0,1150.0,900.0,-1.0
2,Bihar,901,Champaram,1990,-1.0,247.4,287.5,-1.0,-1.0,-1.0,210.0,252.5,725.0,927.5,-1.0,-1.0,802.5,-1.0,685.0,480.0,-1.0
2,Bihar,901,Champaram,1991,-1.0,340.4,320.0,-1.0,-1.0,-1.0,233.0,272.5,730.0,837.5,-1.0,-1.0,792.5,-1.0,700.0,432.5,-1.0
2,Bihar,901,Champaram,1992,-1.0,324.9,334.4,-1.0,-1.0,-1.0,250.0,275.0,850.0,800.0,-1.0,-1.0,887.5,-1.0,712.5,650.0,-1.0
2,Bihar,901,Champaram,1993,-1.0,395.0,387.5,-1.0,-1.0,-1.0,300.0,410.0,1000.0,-1.0,-1.0,-1.0,1050.0,-1.0,800.0,550.0,-1.0
2,Bihar,901,Champaram,1994,-1.0,390.0,363.8,-1.0,-1.0,-1.0,-1.0,325.0,931.3,1200.0,-1.0,-1.0,1175.0,-1.0,950.0,700.0,-1.0
2,Bihar,901,Champaram,1995,-1.0,678.0,465.0,-1.0,-1.0,380.0,310.0,390.0,982.0,-1.0,-1.0,-1.0,1141.0,-1.0,-1.0,675.0,-1.0
2,Bihar,901,Champaram,1996,-1.0,765.5,494.5,621.0,615.0,429.5,-1.0,388.0,1016.5,1214.5,-1.0,1345.5,1218.0,950.0,1098.0,822.5,-1.0
2,Bihar,901,Champaram,1997,-1.0,853.0,477.0,-1.0,-1.0,425.0,358.0,325.0,1283.0,1313.5,-1.0,1492.5,1307.5,983.0,-1.0,862.5,-1.0
2,Bihar,901,Champaran ,1998,-1.0,-1.0,609.0,-1.0,-1.0,449.5,-1.0,460.5,1338.0,1466.5,-1.0,1588.5,1339.5,-1.0,1224.0,-1.0,-1.0
2,Bihar,901,Champaran ,1999,-1.0,-1.0,579.0,-1.0,567.0,460.5,410.0,450.0,1361.0,1491.0,-1.0,-1.0,1395.0,-1.0,1198.0,887.5,-1.0
2,Bihar,901,Champaran ,2000,-1.0,-1.0,533.5,-1.0,-1.0,381.0,-1.0,430.0,1522.0,1535.0,-1.0,-1.0,1384.5,-1.0,1227.0,1000.0,-1.0
2,Bihar,901,Champaran ,2001,-1.0,-1.0,514.5,-1.0,-1.0,385.0,-1.0,435.5,1629.0,1586.5,1430.0,-1.0,1380.0,-1.0,1187.0,1080.0,-1.0
2,Bihar,901,Champaran ,2002,-1.0,-1.0,519.5,313.0,359.0,398.5,-1.0,404.0,1663.0,1607.0,-1.0,1773.0,1463.0,-1.0,1334.0,-1.0,-1.0
2,Bihar,901,Champaran ,2003,-1.0,-1.0,566.0,-1.0,-1.0,403.0,354.0,411.0,1687.5,1642.0,-1.0,-1.0,-1.0,-1.0,1399.0,-1.0,-1.0
2,Bihar,901,Champaran,2006,-1.0,475.0,833.5,-1.0,-1.0,536.5,-1.0,-1.0,-1.0,1958.0,-1.0,1959.8,1725.0,-1.0,-1.0,-1.0,-1.0
2,Bihar,901,Champaran,2007,-1.0,593.3,937.0,-1.0,-1.0,575.0,-1.0,-1.0,-1.0,2029.0,-1.0,2173.1,2045.5,-1.0,-1.0,-1.0,-1.0
2,Bihar,901,Champaran,2008,-1.0,631.8,986.5,-1.0,-1.0,621.8,-1.0,750.5,-1.0,-1.0,-1.0,2534.6,2100.5,-1.0,-1.0,-1.0,-1.0
2,Bihar,901,Champaran,2009,-1.0,793.0,1053.0,-1.0,-1.0,850.5,-1.0,-1.0,-1.0,-1.0,-1.0,4246.3,-1.0,-1.0,-1.0,-1.0,-1.0
2,Bihar,901,Champaran,2010,-1.0,851.5,1047.0,-1.0,806.0,845.0,725.0,792.0,2401.0,3216.0,-1.0,3870.3,2641.0,-1.0,2172.0,2889.0,-1.0
2,Bihar,901,Champaran,2011,-1.0,884.3,1054.5,-1.0,834.0,905.8,795.0,838.0,2524.0,3260.0,5500.0,4227.8,3036.0,-1.0,2451.0,3031.0,-1.0
2,Bihar,902,Muzaffarpur,1966,-1.0,93.8,124.7,-1.0,-1.0,83.1,90.6,83.1,113.7,82.7,136.7,189.8,165.7,-1.0,-1.0,93.8,-1.0
2,Bihar,902,Muzaffarpur,1967,-1.0,84.9,85.8,-1.0,-1.0,107.2,107.2,50.5,83.7,74.3,149.2,202.2,124.0,-1.0,-1.0,175.1,-1.0
2,Bihar,902,Muzaffarpur,1968,-1.0,55.0,110.0,-1.0,-1.0,64.3,65.8,63.0,89.0,87.0,115.0,140.0,160.0,-1.0,-1.0,106.1,-1.0
2,Bihar,902,Muzaffarpur,1969,-1.0,80.0,95.0,-1.0,-1.0,80.0,65.0,75.0,115.0,82.0,162.1,185.0,155.0,-1.0,-1.0,58.0,-1.0
2,Bihar,902,Muzaffarpur,1970,-1.0,68.0,78.0,-1.0,-1.0,61.0,85.0,55.0,106.0,98.0,160.0,287.0,152.0,-1.0,-1.0,100.0,-1.0
2,Bihar,902,Muzaffarpur,1971,-1.0,55.0,80.0,-1.0,-1.0,75.0,80.0,68.0,85.0,105.0,165.5,270.0,164.6,-1.0,-1.0,140.0,-1.0
2,Bihar,902,Muzaffarpur,1972,-1.0,97.0,107.0,-1.0,-1.0,107.0,81.3,86.0,134.0,139.0,240.2,203.0,214.0,-1.0,-1.0,169.0,-1.0
2,Bihar,902,Muzaffarpur,1973,-1.0,130.0,170.0,-1.0,-1.0,162.0,127.3,146.7,232.5,200.0,250.0,246.3,293.3,-1.0,-1.0,158.0,-1.0
2,Bihar,902,Muzaffarpur,1974,-1.0,130.0,150.0,-1.0,-1.0,172.5,147.3,121.7,205.0,186.7,240.0,255.1,242.7,-1.0,-1.0,150.0,-1.0
2,Bihar,902,Muzaffarpur,1975,-1.0,100.7,114.0,-1.0,-1.0,116.7,147.3,91.2,163.7,186.7,220.0,232.4,178.7,-1.0,-1.0,133.0,-1.0
2,Bihar,902,Muzaffarpur,1976,-1.0,77.2,121.6,-1.0,-1.0,95.2,82.3,85.4,165.0,211.5,209.9,316.2,351.6,-1.0,-1.0,140.6,-1.0
2,Bihar,902,Muzaffarpur,1977,-1.0,110.4,115.9,-1.0,-1.0,120.4,102.1,90.6,200.7,250.0,232.8,326.1,450.0,-1.0,-1.0,168.2,-1.0
2,Bihar,902,Muzaffarpur,1978,-1.0,85.9,113.8,-1.0,-1.0,105.3,92.4,85.3,205.7,243.5,430.9,382.0,335.1,-1.0,-1.0,146.1,-1.0
2,Bihar,902,Muzaffarpur,1979,-1.0,100.5,135.9,-1.0,-1.0,120.6,106.5,100.4,220.8,248.9,538.3,379.4,434.9,-1.0,-1.0,252.1,-1.0
2,Bihar,902,Muzaffarpur,1980,-1.0,107.9,141.4,-1.0,-1.0,115.8,112.8,110.2,321.4,268.4,652.8,542.0,480.4,-1.0,-1.0,272.0,-1.0
2,Bihar,902,Muzaffarpur,1981,-1.0,129.1,163.4,-1.0,-1.0,115.8,133.9,121.4,335.0,265.9,723.9,510.6,395.0,-1.0,-1.0,234.6,-1.0
2,Bihar,902,Muzaffarpur,1982,-1.0,138.5,215.4,-1.0,-1.0,152.4,139.0,189.9,297.1,347.7,743.2,424.9,497.9,-1.0,-1.0,194.5,-1.0
2,Bihar,902,Muzaffarpur,1983,-1.0,145.2,161.1,-1.0,-1.0,171.7,165.5,118.8,326.9,323.6,853.2,615.3,444.1,-1.0,-1.0,292.2,-1.0
2,Bihar,902,Muzaffarpur,1984,-1.0,143.5,184.5,-1.0,-1.0,145.0,156.2,133.8,423.1,337.9,893.4,567.2,435.8,-1.0,-1.0,313.6,-1.0
2,Bihar,902,Muzaffarpur,1985,-1.0,145.1,177.7,-1.0,-1.0,162.8,158.2,139.1,449.5,349.4,824.5,537.9,416.6,-1.0,-1.0,355.1,-1.0
2,Bihar,902,Muzaffarpur,1986,-1.0,147.5,159.0,-1.0,-1.0,170.0,180.0,130.0,356.0,311.0,-1.0,-1.0,431.0,-1.0,350.0,330.0,-1.0
2,Bihar,902,Muzaffarpur,1987,-1.0,197.3,263.4,-1.0,-1.0,241.3,177.5,234.5,542.2,702.8,-1.0,1275.0,702.8,-1.0,733.4,400.0,-1.0
2,Bihar,902,Muzaffarpur,1988,-1.0,195.5,265.0,-1.0,-1.0,210.0,186.0,221.6,644.8,614.8,-1.0,871.1,746.9,-1.0,645.0,-1.0,-1.0
2,Bihar,902,Muzaffarpur,1989,-1.0,447.0,245.6,-1.0,-1.0,281.0,216.0,-1.0,-1.0,-1.0,-1.0,-1.0,748.8,-1.0,470.0,-1.0,-1.0
2,Bihar,902,Muzaffarpur,1990,-1.0,225.0,332.8,-1.0,-1.0,284.0,207.0,-1.0,850.0,-1.0,-1.0,-1.0,-1.0,-1.0,533.0,-1.0,-1.0
2,Bihar,902,Muzaffarpur,1991,-1.0,243.5,477.8,-1.0,-1.0,308.9,277.8,-1.0,822.2,-1.0,-1.0,877.8,-1.0,-1.0,547.2,-1.0,-1.0
2,Bihar,902,Muzaffarpur,1992,-1.0,-1.0,310.0,-1.0,-1.0,330.0,-1.0,340.0,900.0,845.0,-1.0,-1.0,-1.0,-1.0,700.0,450.0,-1.0
2,Bihar,902,Muzaffarpur,1993,-1.0,336.0,380.0,-1.0,-1.0,345.0,315.0,-1.0,-1.0,-1.0,-1.0,-1.0,1130.0,-1.0,-1.0,-1.0,-1.0
2,Bihar,902,Muzaffarpur,1994,-1.0,374.2,417.0,-1.0,-1.0,371.5,250.8,-1.0,-1.0,-1.0,-1.0,-1.0,1121.0,-1.0,604.0,-1.0,-1.0
2,Bihar,902,Muzaffarpur,1995,-1.0,760.0,420.0,-1.0,-1.0,362.0,278.0,390.0,1022.0,-1.0,-1.0,-1.0,1082.0,-1.0,-1.0,-1.0,-1.0
2,Bihar,902,Muzaffarpur,1996,-1.0,813.0,468.0,601.0,532.0,418.0,-1.0,388.0,945.0,1067.0,-1.0,1288.0,1036.0,950.0,1096.0,843.0,-1.0
2,Bihar,902,Muzaffarpur,1997,-1.0,769.0,499.0,-1.0,-1.0,385.0,318.0,429.0,1283.0,1000.0,-1.0,-1.0,1088.0,983.0,-1.0,835.0,-1.0
2,Bihar,902,Muzaffarpur,1998,-1.0,-1.0,501.0,-1.0,-1.0,423.0,-1.0,-1.0,1338.0,918.0,-1.0,-1.0,1073.0,983.0,-1.0,947.0,-1.0
2,Bihar,902,Muzaffarpur,1999,-1.0,-1.0,605.0,-1.0,-1.0,-1.0,493.0,525.0,1351.0,1260.0,-1.0,-1.0,1158.0,-1.0,1319.0,1000.0,-1.0
2,Bihar,902,Muzaffarpur,2000,-1.0,-1.0,501.0,-1.0,-1.0,330.0,545.0,454.0,1522.0,1454.0,-1.0,-1.0,1254.0,-1.0,1209.0,1000.0,-1.0
2,Bihar,902,Muzaffarpur,2001,-1.0,-1.0,512.0,-1.0,-1.0,314.0,-1.0,471.0,1629.0,-1.0,-1.0,-1.0,1147.0,-1.0,1193.0,1060.0,-1.0
2,Bihar,902,Muzaffarpur,2002,-1.0,-1.0,539.0,313.0,359.0,372.0,-1.0,-1.0,1663.0,-1.0,-1.0,-1.0,1500.0,-1.0,1385.0,-1.0,-1.0
2,Bihar,902,Muzaffarpur,2003,-1.0,-1.0,548.0,-1.0,-1.0,332.0,354.0,-1.0,1710.0,-1.0,-1.0,-1.0,1548.0,-1.0,-1.0,-1.0,-1.0
2,Bihar,902,Muzaffarpur,2004,-1.0,401.5,628.0,-1.0,-1.0,387.5,382.0,446.0,1655.0,1614.0,-1.0,1778.7,1601.0,-1.0,1420.0,-1.0,-1.0
2,Bihar,902,Muzaffarpur,2005,-1.0,459.0,790.0,-1.0,-1.0,497.5,428.0,512.0,1698.0,1790.0,-1.0,1824.5,1717.0,-1.0,1616.0,-1.0,-1.0
2,Bihar,902,Muzaffarpur,2006,-1.0,476.0,-1.0,-1.0,-1.0,514.0,-1.0,-1.0,-1.0,-1.0,-1.0,1924.0,1735.0,-1.0,-1.0,-1.0,-1.0
2,Bihar,902,Muzaffarpur,2007,-1.0,591.0,-1.0,-1.0,-1.0,575.0,-1.0,-1.0,-1.0,-1.0,-1.0,2238.5,-1.0,-1.0,-1.0,-1.0,-1.0
2,Bihar,902,Muzaffarpur,2008,-1.0,632.7,-1.0,-1.0,-1.0,615.7,-1.0,775.0,-1.0,-1.0,-1.0,2485.0,2045.0,-1.0,-1.0,-1.0,-1.0
2,Bihar,902,Muzaffarpur,2009,-1.0,-1.0,1000.0,-1.0,-1.0,-1.0,-1.0,-1.0,-1.0,-1.0,-1.0,-1.0,-1.0,-1.0,-1.0,-1.0,-1.0
2,Bihar,902,Muzaffarpur,2010,-1.0,846.0,1047.0,-1.0,-1.0,845.0,725.0,792.0,2401.0,3216.0,-1.0,-1.0,2641.0,-1.0,2172.0,2889.0,-1.0
2,Bihar,902,Muzaffarpur,2011,-1.0,848.5,1070.0,-1.0,-1.0,919.0,795.0,838.0,2524.0,2960.0,-1.0,4320.0,3036.0,-1.0,2451.0,3200.0,-1.0
2,Bihar,903,Darbhanga,1966,-1.0,91.1,133.1,-1.0,-1.0,85.3,77.0,69.1,120.1,96.0,131.8,246.5,168.1,-1.0,-1.0,85.7,-1.0
2,Bihar,903,Darbhanga,1967,-1.0,83.4,95.4,-1.0,-1.0,105.9,110.2,63.4,101.3,85.7,103.5,195.4,126.0,-1.0,-1.0,157.8,-1.0
2,Bihar,903,Darbhanga,1968,-1.0,50.0,95.5,-1.0,-1.0,65.0,69.0,57.7,87.7,86.9,103.8,156.0,127.4,-1.0,-1.0,95.5,-1.0
2,Bihar,903,Darbhanga,1969,-1.0,68.0,99.0,-1.0,-1.0,65.0,59.8,65.4,110.0,93.1,123.1,214.9,172.5,-1.0,-1.0,80.3,-1.0
2,Bihar,903,Darbhanga,1970,-1.0,64.8,99.1,-1.0,-1.0,70.6,70.3,64.3,93.8,91.1,142.5,188.9,168.8,-1.0,-1.0,84.9,-1.0
2,Bihar,903,Darbhanga,1971,-1.0,65.0,90.0,-1.0,-1.0,77.8,76.1,68.8,104.1,117.6,125.3,200.0,187.8,-1.0,-1.0,120.0,-1.0
2,Bihar,903,Darbhanga,1972,-1.0,73.9,110.1,-1.0,-1.0,89.0,70.8,105.3,155.3,152.9,169.7,230.0,187.5,-1.0,-1.0,169.0,-1.0
2,Bihar,903,Darbhanga,1973,-1.0,93.0,168.4,-1.0,-1.0,110.3,109.7,145.0,195.5,183.7,216.7,395.2,308.0,-1.0,-1.0,175.0,-1.0
2,Bihar,903,Darbhanga,1974,-1.0,110.0,144.3,-1.0,-1.0,191.9,205.8,97.3,183.2,186.0,234.4,496.6,257.5,-1.0,-1.0,162.5,-1.0
2,Bihar,903,Darbhanga,1975,-1.0,85.2,109.6,-1.0,-1.0,129.8,205.8,73.0,146.2,186.0,153.9,452.4,189.6,-1.0,-1.0,144.1,-1.0
2,Bihar,903,Darbhanga,1976,-1.0,81.2,128.2,-1.0,-1.0,97.2,89.7,106.6,150.0,183.1,209.9,305.5,351.9,-1.0,-1.0,160.0,-1.0
2,Bihar,903,Darbhanga,1977,-1.0,86.8,128.4,-1.0,-1.0,118.1,104.4,102.3,196.0,225.0,232.8,409.2,320.0,-1.0,-1.0,154.5,-1.0
2,Bihar,903,Darbhanga,1978,-1.0,94.6,119.9,-1.0,-1.0,109.9,100.3,101.8,220.2,291.7,430.9,391.5,334.8,-1.0,-1.0,154.6,-1.0
2,Bihar,903,Darbhanga,1979,-1.0,109.4,128.4,-1.0,-1.0,117.7,113.3,99.1,254.7,269.4,538.3,442.8,384.4,-1.0,-1.0,262.5,-1.0
2,Bihar,903,Darbhanga,1980,-1.0,107.8,161.9,-1.0,-1.0,137.0,124.6,127.7,329.2,293.0,652.8,400.7,464.0,-1.0,-1.0,294.7,-1.0
2,Bihar,903,Darbhanga,1981,-1.0,114.5,191.0,-1.0,-1.0,149.7,140.2,139.6,339.2,298.1,723.9,383.5,500.0,-1.0,-1.0,269.1,-1.0
2,Bihar,903,Darbhanga,1982,-1.0,136.1,213.9,-1.0,-1.0,164.5,179.7,139.5,307.8,321.8,743.2,426.5,436.2,-1.0,-1.0,182.6,-1.0
2,Bihar,903,Darbhanga,1983,-1.0,165.2,166.0,-1.0,-1.0,187.7,176.0,146.4,299.9,320.9,853.2,634.7,524.9,-1.0,-1.0,264.4,-1.0
2,Bihar,903,Darbhanga,1984,-1.0,155.2,175.6,-1.0,-1.0,150.1,169.8,157.1,413.3,331.7,893.4,569.8,506.4,-1.0,-1.0,367.8,-1.0
2,Bihar,903,Darbhanga,1985,-1.0,149.2,180.4,-1.0,-1.0,151.9,153.7,154.5,412.2,325.2,824.5,517.0,478.1,-1.0,-1.0,408.8,-1.0
2,Bihar,903,Darbhanga,1986,-1.0,168.5,203.6,-1.0,-1.0,137.0,127.0,-1.0,420.0,335.0,-1.0,-1.0,476.7,-1.0,319.2,391.3,-1.0
2,Bihar,903,Darbhanga,1987,-1.0,193.3,214.2,-1.0,-1.0,144.0,132.0,-1.0,415.8,-1.0,-1.0,750.0,512.2,-1.0,327.0,406.8,-1.0
2,Bihar,903,Darbhanga,1988,-1.0,199.3,230.0,-1.0,-1.0,148.8,140.0,-1.0,647.0,575.0,-1.0,772.0,673.9,-1.0,525.7,408.1,-1.0
2,Bihar,903,Darbhanga,1989,-1.0,397.5,243.3,-1.0,-1.0,148.8,136.0,-1.0,653.6,665.0,-1.0,-1.0,631.0,-1.0,531.4,425.0,-1.0
2,Bihar,903,Darbhanga,1990,-1.0,222.4,277.9,-1.0,-1.0,179.4,145.0,-1.0,745.0,731.7,-1.0,1793.8,664.4,-1.0,612.1,533.8,-1.0
2,Bihar,903,Darbhanga,1991,-1.0,260.5,411.1,-1.0,-1.0,252.9,292.9,-1.0,783.3,-1.0,-1.0,1625.0,794.4,-1.0,660.0,375.0,-1.0
2,Bihar,903,Darbhanga,1992,-1.0,298.8,351.7,-1.0,-1.0,322.1,304.3,-1.0,728.9,-1.0,-1.0,1488.8,-1.0,-1.0,-1.0,493.8,-1.0
2,Bihar,903,Darbhanga,1993,-1.0,-1.0,395.1,-1.0,-1.0,341.1,340.0,-1.0,871.7,857.2,-1.0,1278.9,849.4,-1.0,813.3,-1.0,-1.0
2,Bihar,903,Darbhanga,1994,-1.0,375.0,408.0,-1.0,-1.0,302.2,318.3,-1.0,877.7,883.8,-1.0,1211.1,863.3,-1.0,825.0,682.2,-1.0
2,Bihar,903,Darbhanga,1995,-1.0,763.0,440.0,-1.0,-1.0,314.0,359.0,390.0,1022.0,-1.0,-1.0,1140.0,932.0,825.0,890.0,679.0,-1.0
2,Bihar,903,Darbhanga,1996,-1.0,825.0,453.0,-1.0,602.0,368.0,-1.0,388.0,1127.8,1034.0,-1.0,1350.0,1010.0,950.0,1163.0,737.0,-1.0
2,Bihar,903,Darbhanga,1997,-1.0,783.0,472.0,-1.0,-1.0,389.0,379.0,429.0,1283.0,-1.0,-1.0,1237.0,1145.0,983.0,1950.0,738.0,-1.0
2,Bihar,903,Darbhanga,1998,-1.0,-1.0,495.0,-1.0,-1.0,403.0,398.0,-1.0,1338.0,1344.0,-1.0,1175.0,-1.0,-1.0,922.0,798.0,-1.0
2,Bihar,903,Darbhanga,1999,-1.0,-1.0,519.0,-1.0,-1.0,423.0,411.0,-1.0,1351.0,-1.0,-1.0,-1.0,-1.0,-1.0,-1.0,913.0,-1.0
2,Bihar,903,Darbhanga,2000,-1.0,-1.0,506.0,-1.0,-1.0,422.0,406.0,-1.0,1522.0,-1.0,-1.0,-1.0,-1.0,-1.0,1254.0,833.0,-1.0
2,Bihar,903,Darbhanga,2001,-1.0,-1.0,500.0,-1.0,-1.0,417.0,380.0,471.0,1629.0,1008.0,-1.0,-1.0,-1.0,-1.0,-1.0,920.0,-1.0
2,Bihar,903,Darbhanga,2002,-1.0,-1.0,499.0,-1.0,359.0,397.0,-1.0,-1.0,1663.0,-1.0,-1.0,-1.0,-1.0,-1.0,-1.0,-1.0,-1.0
2,Bihar,903,Darbhanga,2003,-1.0,-1.0,533.0,-1.0,-1.0,424.0,383.0,-1.0,1710.0,-1.0,-1.0,-1.0,1481.0,-1.0,-1.0,1016.0,-1.0
2,Bihar,903,Darbhanga,2004,-1.0,385.0,515.0,-1.0,-1.0,431.5,382.0,446.0,1655.0,1614.0,-1.0,1778.3,1409.0,-1.0,1510.0,-1.0,-1.0
2,Bihar,903,Darbhanga,2006,-1.0,460.5,850.0,-1.0,-1.0,492.5,-1.0,-1.0,-1.0,1900.0,-1.0,-1.0,-1.0,-1.0,-1.0,-1.0,-1.0
2,Bihar,903,Darbhanga,2007,-1.0,354.5,-1.0,-1.0,-1.0,557.5,502.0,560.0,-1.0,-1.0,-1.0,2532.3,-1.0,-1.0,-1.0,-1.0,-1.0
2,Bihar,903,Darbhanga,2008,-1.0,640.5,-1.0,-1.0,-1.0,594.3,600.0,-1.0,-1.0,-1.0,-1.0,-1.0,-1.0,-1.0,-1.0,1400.0,-1.0
2,Bihar,903,Darbhanga,2009,-1.0,-1.0,-1.0,-1.0,-1.0,-1.0,-1.0,-1.0,-1.0,-1.0,-1.0,-1.0,-1.0,-1.0,-1.0,-1.0,-1.0
2,Bihar,903,Darbhanga,2010,-1.0,846.0,1100.0,-1.0,-1.0,845.0,725.0,792.0,2401.0,3216.0,-1.0,3589.0,2461.0,-1.0,2172.0,3100.0,-1.0
2,Bihar,903,Darbhanga,2011,-1.0,880.5,1070.0,-1.0,-1.0,913.0,800.0,838.0,2524.0,3260.0,-1.0,4320.0,3036.0,-1.0,2451.0,3031.0,-1.0
2,Bihar,904,Saharsha,1966,-1.0,79.1,115.3,-1.0,-1.0,89.0,70.9,80.4,120.6,88.5,139.2,188.3,178.3,-1.0,-1.0,101.6,-1.0
2,Bihar,904,Saharsha,1967,-1.0,75.9,78.3,-1.0,-1.0,99.2,88.7,54.6,92.0,90.0,151.9,212.5,146.2,-1.0,-1.0,202.4,-1.0
2,Bihar,904,Saharsha,1968,-1.0,44.4,74.8,-1.0,-1.0,52.3,49.7,47.1,91.3,81.7,117.1,168.4,129.2,-1.0,-1.0,115.3,-1.0
2,Bihar,904,Saharsha,1969,-1.0,60.2,76.7,-1.0,-1.0,61.9,59.7,59.7,111.1,89.7,120.0,186.6,126.4,-1.0,-1.0,107.0,-1.0
2,Bihar,904,Saharsha,1970,-1.0,53.4,81.0,-1.0,-1.0,64.8,64.6,53.4,100.5,87.1,99.9,233.1,147.4,-1.0,-1.0,109.2,-1.0
2,Bihar,904,Saharsha,1971,-1.0,52.3,79.9,-1.0,-1.0,84.0,77.7,57.4,109.4,117.2,103.4,244.4,158.5,-1.0,-1.0,155.9,-1.0
2,Bihar,904,Saharsha,1972,-1.0,65.0,90.0,-1.0,-1.0,75.0,75.0,62.0,140.0,142.0,150.0,267.3,180.0,-1.0,-1.0,185.0,-1.0
2,Bihar,904,Saharsha,1973,-1.0,98.0,170.0,-1.0,-1.0,100.0,95.0,125.0,225.0,175.0,138.7,150.0,275.0,-1.0,-1.0,200.0,-1.0
2,Bihar,904,Saharsha,1974,-1.0,96.0,130.8,-1.0,-1.0,172.0,156.0,104.0,188.0,181.6,270.0,188.5,242.0,-1.0,-1.0,198.0,-1.0
2,Bihar,904,Saharsha,1975,-1.0,74.3,99.4,-1.0,-1.0,116.4,156.0,78.0,150.1,181.6,247.5,171.7,178.2,-1.0,-1.0,175.6,-1.0
2,Bihar,904,Saharsha,1976,-1.0,78.5,110.0,-1.0,-1.0,85.7,82.0,70.0,152.0,186.7,209.9,575.0,310.0,-1.0,-1.0,191.0,-1.0
2,Bihar,904,Saharsha,1977,-1.0,103.1,115.0,-1.0,-1.0,107.0,88.0,110.0,180.0,450.0,232.8,360.5,405.0,-1.0,-1.0,132.0,-1.0
2,Bihar,904,Saharsha,1978,-1.0,100.0,112.0,-1.0,-1.0,98.0,105.0,87.0,219.0,250.0,430.9,350.0,301.0,-1.0,-1.0,158.0,-1.0
2,Bihar,904,Saharsha,1979,-1.0,86.0,125.0,-1.0,-1.0,112.0,104.0,129.0,252.0,255.1,538.3,400.0,393.0,-1.0,-1.0,300.0,-1.0
2,Bihar,904,Saharsha,1980,-1.0,85.0,158.0,-1.0,-1.0,115.0,110.0,129.0,337.0,300.5,652.8,535.0,471.0,-1.0,-1.0,324.0,-1.0
2,Bihar,904,Saharsha,1981,-1.0,114.0,170.0,-1.0,-1.0,142.0,140.0,140.0,350.0,261.0,723.9,550.0,466.0,-1.0,-1.0,324.0,-1.0
2,Bihar,904,Saharsha,1982,-1.0,143.3,215.3,-1.0,-1.0,173.2,156.1,166.4,383.3,360.6,743.2,479.9,459.5,-1.0,-1.0,240.5,-1.0
2,Bihar,904,Saharsha,1983,-1.0,166.3,153.7,-1.0,-1.0,185.9,169.2,132.5,365.2,340.3,853.2,590.2,498.7,-1.0,-1.0,259.2,-1.0
2,Bihar,904,Saharsha,1984,-1.0,160.9,178.9,-1.0,-1.0,167.7,176.8,163.6,473.7,377.6,893.4,544.3,480.7,-1.0,-1.0,328.1,-1.0
2,Bihar,904,Saharsha,1985,-1.0,152.3,168.6,-1.0,-1.0,165.8,173.6,185.2,480.1,316.4,824.5,517.0,430.2,-1.0,-1.0,362.4,-1.0
2,Bihar,904,Saharsha,1986,-1.0,153.5,186.0,-1.0,-1.0,195.0,154.0,-1.0,-1.0,457.0,-1.0,-1.0,537.0,-1.0,465.0,-1.0,203.0
2,Bihar,904,Saharsha,1987,-1.0,180.1,216.0,-1.0,-1.0,-1.0,162.8,194.0,496.0,509.0,-1.0,653.0,635.0,-1.0,-1.0,-1.0,-1.0
2,Bihar,904,Saharsha,1988,-1.0,149.0,220.0,-1.0,-1.0,187.0,167.0,145.0,665.1,569.0,-1.0,-1.0,598.0,-1.0,565.0,-1.0,-1.0
2,Bihar,904,Saharsha,1989,-1.0,417.5,230.0,-1.0,-1.0,175.0,150.0,180.0,-1.0,650.0,-1.0,-1.0,700.0,-1.0,-1.0,-1.0,-1.0
2,Bihar,904,Saharsha,1990,-1.0,220.7,300.0,-1.0,-1.0,226.8,150.0,220.0,-1.0,750.0,-1.0,-1.0,1100.0,-1.0,-1.0,-1.0,-1.0
2,Bihar,904,Saharsha,1991,-1.0,266.7,360.0,-1.0,-1.0,271.7,180.0,250.0,800.0,-1.0,-1.0,-1.0,1100.0,-1.0,-1.0,-1.0,-1.0
2,Bihar,904,Saharsha,1992,-1.0,318.8,-1.0,-1.0,-1.0,290.0,250.0,-1.0,-1.0,-1.0,-1.0,-1.0,860.0,-1.0,-1.0,-1.0,-1.0
2,Bihar,904,Saharsha,1993,-1.0,300.8,335.0,-1.0,-1.0,307.5,250.0,-1.0,-1.0,-1.0,-1.0,-1.0,860.0,-1.0,-1.0,-1.0,-1.0
2,Bihar,904,Saharsha,1994,-1.0,315.0,350.0,-1.0,-1.0,310.0,255.0,830.0,-1.0,-1.0,-1.0,-1.0,890.0,-1.0,850.0,-1.0,-1.0
2,Bihar,904,Saharsha,1995,-1.0,321.0,429.0,-1.0,-1.0,294.0,259.0,390.0,1022.0,-1.0,-1.0,-1.0,1082.0,-1.0,-1.0,-1.0,-1.0
2,Bihar,904,Saharsha,1996,-1.0,810.0,491.0,-1.0,602.0,400.0,-1.0,388.0,1149.0,1352.0,-1.0,1285.0,1105.0,-1.0,1130.0,815.5,-1.0
2,Bihar,904,Saharsha,1997,-1.0,725.0,500.0,-1.0,-1.0,362.0,358.0,429.0,1100.0,-1.0,-1.0,-1.0,1150.0,983.0,-1.0,925.0,-1.0
2,Bihar,904,Saharsha,1998,-1.0,-1.0,500.0,-1.0,-1.0,350.0,300.0,600.0,1200.0,1408.0,-1.0,-1.0,1300.0,-1.0,1200.0,1100.0,-1.0
2,Bihar,904,Saharsha,1999,-1.0,-1.0,500.0,-1.0,-1.0,400.0,350.0,-1.0,-1.0,-1.0,-1.0,-1.0,1200.0,-1.0,1150.0,913.0,-1.0
2,Bihar,904,Saharsha,2000,-1.0,-1.0,450.0,-1.0,-1.0,280.0,330.0,-1.0,-1.0,-1.0,-1.0,-1.0,1350.0,-1.0,1250.0,1200.0,-1.0
2,Bihar,904,Saharsha,2001,-1.0,-1.0,510.0,-1.0,-1.0,325.0,315.0,371.0,-1.0,1514.0,-1.0,-1.0,-1.0,-1.0,1000.0,1000.0,-1.0
2,Bihar,904,Saharsha,2002,-1.0,-1.0,500.0,-1.0,-1.0,350.0,-1.0,-1.0,1600.0,-1.0,-1.0,-1.0,-1.0,-1.0,-1.0,-1.0,-1.0
2,Bihar,904,Saharsha,2003,-1.0,-1.0,550.0,-1.0,-1.0,345.0,330.0,-1.0,1800.0,-1.0,-1.0,-1.0,-1.0,-1.0,-1.0,1000.0,-1.0
2,Bihar,904,Saharsha,2004,-1.0,401.5,585.0,-1.0,-1.0,445.5,382.0,446.0,1655.0,1614.0,-1.0,1778.7,1607.0,-1.0,1420.0,-1.0,-1.0
2,Bihar,904,Saharsha,2005,-1.0,461.5,775.0,-1.0,-1.0,502.0,428.0,512.0,1698.0,-1.0,-1.0,2082.0,1701.0,-1.0,1616.0,-1.0,-1.0
2,Bihar,904,Saharsha,2006,-1.0,476.0,-1.0,-1.0,-1.0,514.0,-1.0,-1.0,-1.0,-1.0,-1.0,-1.0,-1.0,-1.0,-1.0,-1.0,-1.0
2,Bihar,904,Saharsha,2007,-1.0,599.5,-1.0,-1.0,-1.0,575.0,-1.0,-1.0,-1.0,-1.0,-1.0,2527.0,-1.0,-1.0,1900.0,1525.0,-1.0
2,Bihar,904,Saharsha,2008,-1.0,632.7,-1.0,-1.0,-1.0,624.3,600.0,-1.0,-1.0,-1.0,-1.0,-1.0,-1.0,-1.0,-1.0,-1.0,-1.0
2,Bihar,904,Saharsha,2009,-1.0,-1.0,1050.0,-1.0,-1.0,-1.0,675.0,-1.0,-1.0,-1.0,-1.0,-1.0,-1.0,-1.0,-1.0,-1.0,-1.0
2,Bihar,904,Saharsha,2010,-1.0,846.0,1047.0,-1.0,-1.0,845.0,725.0,-1.0,-1.0,-1.0,-1.0,3776.5,2641.0,-1.0,2172.0,2889.0,-1.0
2,Bihar,904,Saharsha,2011,-1.0,880.5,1070.0,733.0,-1.0,913.0,795.0,-1.0,-1.0,3260.0,-1.0,4149.0,3036.0,-1.0,2451.0,3031.0,-1.0
2,Bihar,905,Purnea,1966,-1.0,75.8,117.2,-1.0,-1.0,65.2,55.4,83.5,118.2,90.7,139.2,160.9,105.7,-1.0,-1.0,112.3,-1.0
2,Bihar,905,Purnea,1967,-1.0,78.3,67.5,-1.0,-1.0,111.4,97.7,54.0,107.5,97.3,151.9,221.5,126.9,-1.0,-1.0,160.0,-1.0
2,Bihar,905,Purnea,1968,-1.0,55.0,62.9,-1.0,-1.0,59.4,54.0,51.3,78.3,89.1,117.1,168.4,151.2,-1.0,-1.0,123.0,-1.0
2,Bihar,905,Purnea,1969,-1.0,64.8,88.0,-1.0,-1.0,62.9,45.9,49.5,102.0,119.7,120.0,162.0,130.0,-1.0,-1.0,135.0,-1.0
2,Bihar,905,Purnea,1970,-1.0,65.0,85.0,-1.0,-1.0,64.5,59.3,48.0,95.0,65.0,99.9,202.4,175.0,-1.0,-1.0,100.0,-1.0
2,Bihar,905,Purnea,1971,-1.0,53.0,72.0,-1.0,-1.0,75.0,67.6,45.0,95.0,107.0,103.4,212.2,192.0,-1.0,-1.0,141.9,-1.0
2,Bihar,905,Purnea,1972,-1.0,80.0,112.0,-1.0,-1.0,65.0,68.7,75.0,120.0,130.0,150.0,250.0,200.0,-1.0,-1.0,150.0,-1.0
2,Bihar,905,Purnea,1973,-1.0,121.0,170.0,-1.0,-1.0,110.0,110.0,125.0,225.0,167.5,138.7,303.3,450.0,-1.0,-1.0,200.0,-1.0
2,Bihar,905,Purnea,1974,-1.0,178.0,140.0,-1.0,-1.0,177.5,250.0,125.0,235.0,200.0,210.0,381.1,250.0,-1.0,-1.0,180.0,-1.0
2,Bihar,905,Purnea,1975,-1.0,137.8,106.4,-1.0,-1.0,120.1,250.0,93.7,187.6,200.0,192.5,347.2,184.1,-1.0,-1.0,159.6,-1.0
2,Bihar,905,Purnea,1976,-1.0,100.0,113.3,-1.0,-1.0,95.0,55.0,51.0,137.5,168.6,209.9,302.1,266.9,-1.0,-1.0,149.7,-1.0
2,Bihar,905,Purnea,1977,-1.0,103.5,114.6,-1.0,-1.0,128.4,96.3,67.0,243.0,300.0,232.8,360.5,295.0,-1.0,-1.0,144.1,-1.0
2,Bihar,905,Purnea,1978,-1.0,96.0,121.6,-1.0,-1.0,107.2,94.6,96.7,239.3,251.1,300.0,286.0,303.0,-1.0,-1.0,130.5,-1.0
2,Bihar,905,Purnea,1979,-1.0,108.5,128.7,-1.0,-1.0,132.4,117.9,133.3,287.5,255.1,374.8,404.2,437.4,-1.0,-1.0,262.7,-1.0
2,Bihar,905,Purnea,1980,-1.0,130.0,154.5,-1.0,-1.0,141.7,101.4,127.5,331.0,300.5,454.5,441.1,358.4,-1.0,-1.0,306.0,-1.0
2,Bihar,905,Purnea,1981,-1.0,146.9,179.0,-1.0,-1.0,144.3,106.1,146.6,305.2,313.0,504.0,525.5,310.0,-1.0,-1.0,271.7,-1.0
2,Bihar,905,Purnea,1982,-1.0,169.9,188.6,-1.0,-1.0,165.7,168.4,156.1,297.8,372.2,517.5,424.9,387.1,-1.0,-1.0,213.5,-1.0
2,Bihar,905,Purnea,1983,-1.0,160.0,159.2,-1.0,-1.0,167.0,122.3,118.3,306.9,333.6,594.1,486.9,387.3,-1.0,-1.0,283.4,-1.0
2,Bihar,905,Purnea,1984,-1.0,151.3,157.6,-1.0,-1.0,153.4,123.0,119.6,341.6,377.9,622.1,488.6,412.8,-1.0,-1.0,293.1,-1.0
2,Bihar,905,Purnea,1985,-1.0,152.6,146.9,-1.0,-1.0,153.3,126.8,153.7,354.4,385.8,574.1,498.8,410.3,-1.0,-1.0,324.7,-1.0
2,Bihar,905,Purnea,1986,-1.0,149.2,173.4,-1.0,-1.0,154.3,118.2,123.7,313.0,415.8,-1.0,508.9,417.8,-1.0,-1.0,307.3,212.8
2,Bihar,905,Purnea,1987,-1.0,155.4,196.6,-1.0,-1.0,155.6,117.1,134.6,437.7,538.0,-1.0,-1.0,550.8,-1.0,532.5,-1.0,-1.0
2,Bihar,905,Purnea,1988,-1.0,160.6,220.4,-1.0,-1.0,156.3,136.1,140.0,658.2,586.2,-1.0,507.4,557.2,-1.0,553.0,347.1,-1.0
2,Bihar,905,Purnea,1989,-1.0,333.1,202.0,-1.0,-1.0,155.0,127.4,147.0,664.7,617.6,-1.0,516.4,661.1,-1.0,678.4,351.7,-1.0
2,Bihar,905,Purnea,1990,-1.0,219.2,282.0,-1.0,-1.0,207.2,136.5,202.1,780.3,781.6,-1.0,993.2,831.0,428.3,781.9,-1.0,-1.0
2,Bihar,905,Purnea,1991,-1.0,274.8,380.1,-1.0,-1.0,314.0,-1.0,298.2,791.3,844.7,-1.0,1516.8,890.8,-1.0,828.1,540.3,-1.0
2,Bihar,905,Purnea,1992,-1.0,296.9,315.6,-1.0,-1.0,310.5,-1.0,-1.0,808.9,826.3,-1.0,-1.0,830.1,-1.0,740.2,623.8,-1.0
2,Bihar,905,Purnea,1993,-1.0,296.8,363.5,-1.0,-1.0,317.3,-1.0,325.0,-1.0,1131.2,-1.0,-1.0,977.5,-1.0,875.4,-1.0,-1.0
2,Bihar,905,Purnea,1994,-1.0,327.9,397.6,-1.0,-1.0,348.6,-1.0,325.2,1100.2,1049.4,-1.0,-1.0,1144.6,-1.0,1031.6,721.8,-1.0
2,Bihar,905,Purnea,1995,-1.0,734.0,430.0,-1.0,-1.0,371.0,-1.0,318.0,1022.0,-1.0,-1.0,1381.0,1298.0,-1.0,1091.0,-1.0,-1.0
2,Bihar,905,Purnea,1996,-1.0,765.0,491.0,-1.0,698.0,383.0,-1.0,388.0,1175.0,1352.0,-1.0,1450.0,1285.0,950.0,1112.0,843.0,-1.0
2,Bihar,905,Purnea,1997,-1.0,792.0,500.0,-1.0,-1.0,395.0,358.0,429.0,1342.0,-1.0,-1.0,-1.0,1143.0,983.0,-1.0,925.0,-1.0
2,Bihar,905,Purnea,1998,-1.0,-1.0,540.0,-1.0,-1.0,398.0,-1.0,389.0,1265.0,1488.0,-1.0,-1.0,1306.0,-1.0,1386.0,-1.0,-1.0
2,Bihar,905,Purnea,1999,-1.0,-1.0,-1.0,-1.0,-1.0,460.0,-1.0,-1.0,-1.0,-1.0,-1.0,-1.0,1300.0,-1.0,-1.0,913.0,-1.0
2,Bihar,905,Purnea,2000,-1.0,-1.0,469.0,-1.0,-1.0,356.0,-1.0,-1.0,1522.0,-1.0,-1.0,-1.0,-1.0,-1.0,-1.0,1000.0,-1.0
2,Bihar,905,Purnia,2001,-1.0,-1.0,524.0,-1.0,-1.0,442.0,-1.0,371.0,1400.0,1514.0,-1.0,-1.0,-1.0,-1.0,1123.0,1060.0,-1.0
2,Bihar,905,Purnia,2002,-1.0,-1.0,574.0,-1.0,-1.0,363.0,-1.0,-1.0,1663.0,-1.0,1363.0,-1.0,1469.0,-1.0,-1.0,-1.0,-1.0
2,Bihar,905,Purnia,2003,-1.0,-1.0,588.0,-1.0,-1.0,391.0,354.0,-1.0,1841.0,-1.0,-1.0,-1.0,1470.0,-1.0,-1.0,-1.0,-1.0
2,Bihar,905,Purnia,2004,-1.0,449.5,564.0,-1.0,-1.0,405.5,382.0,446.0,1866.0,1614.0,-1.0,1778.7,1607.0,-1.0,1420.0,-1.0,-1.0
2,Bihar,905,Purnia,2005,-1.0,478.5,730.0,-1.0,-1.0,447.5,428.0,512.0,1698.0,1790.0,-1.0,1567.0,1701.0,-1.0,1616.0,-1.0,-1.0
2,Bihar,905,Purnia,2006,-1.0,487.5,890.0,-1.0,-1.0,484.5,-1.0,-1.0,-1.0,-1.0,-1.0,-1.0,-1.0,-1.0,-1.0,-1.0,-1.0
2,Bihar,905,Purnia,2007,-1.0,574.5,950.0,-1.0,-1.0,545.5,-1.0,-1.0,-1.0,-1.0,-1.0,2170.7,-1.0,-1.0,-1.0,-1.0,-1.0
2,Bihar,905,Purnia,2008,-1.0,644.0,-1.0,-1.0,-1.0,615.7,-1.0,-1.0,-1.0,-1.0,-1.0,2120.0,-1.0,-1.0,-1.0,-1.0,-1.0
2,Bihar,905,Purnia,2009,-1.0,-1.0,-1.0,-1.0,-1.0,-1.0,-1.0,-1.0,-1.0,-1.0,-1.0,3571.0,-1.0,-1.0,-1.0,-1.0,-1.0
2,Bihar,905,Purnia,2010,-1.0,846.0,1047.0,-1.0,-1.0,845.0,-1.0,792.0,2401.0,3216.0,-1.0,3589.0,2641.0,-1.0,2172.0,2889.0,-1.0
2,Bihar,905,Purnia,2011,-1.0,880.5,1112.0,-1.0,-1.0,905.0,-1.0,-1.0,2524.0,3260.0,-1.0,3663.0,3036.0,-1.0,2451.0,3031.0,-1.0
2,Bihar,906,Saran,1966,-1.0,96.0,131.4,-1.0,-1.0,77.8,61.8,88.5,120.6,85.8,187.7,171.0,144.8,-1.0,-1.0,80.0,-1.0
2,Bihar,906,Saran,1967,-1.0,96.5,93.8,-1.0,-1.0,101.9,99.2,69.7,96.5,80.4,204.8,190.3,126.0,-1.0,-1.0,187.7,-1.0
2,Bihar,906,Saran,1968,-1.0,64.3,100.0,-1.0,-1.0,59.0,40.2,50.0,95.0,95.0,157.9,134.0,135.0,-1.0,-1.0,96.5,-1.0
2,Bihar,906,Saran,1969,-1.0,66.0,90.0,-1.0,-1.0,70.0,60.0,65.0,100.0,100.0,222.6,176.0,200.0,-1.0,-1.0,75.0,-1.0
2,Bihar,906,Saran,1970,-1.0,67.0,85.1,-1.0,-1.0,55.0,41.0,50.0,80.0,84.0,185.4,176.0,176.0,-1.0,-1.0,96.0,-1.0
2,Bihar,906,Saran,1971,-1.0,60.0,80.0,-1.0,-1.0,70.0,65.0,65.0,90.0,75.0,191.7,150.0,190.0,-1.0,-1.0,130.0,-1.0
2,Bihar,906,Saran,1972,-1.0,73.0,115.0,-1.0,-1.0,72.0,60.0,80.0,140.0,130.0,278.3,260.0,160.0,-1.0,-1.0,140.0,-1.0
2,Bihar,906,Saran,1973,-1.0,130.0,160.0,-1.0,-1.0,130.0,100.0,140.0,200.0,153.3,257.3,315.4,300.0,-1.0,-1.0,210.0,-1.0
2,Bihar,906,Saran,1974,-1.0,130.0,150.0,-1.0,-1.0,169.7,151.0,114.8,174.2,159.2,278.4,396.3,194.0,-1.0,-1.0,140.0,-1.0
2,Bihar,906,Saran,1975,-1.0,100.7,114.0,-1.0,-1.0,114.8,151.0,86.1,139.1,159.2,255.2,361.1,142.9,-1.0,-1.0,124.2,-1.0
2,Bihar,906,Saran,1976,-1.0,94.3,116.7,-1.0,-1.0,110.3,85.9,91.7,150.4,189.8,209.9,301.6,355.9,-1.0,-1.0,153.3,-1.0
2,Bihar,906,Saran,1977,-1.0,116.8,112.6,-1.0,-1.0,123.5,115.2,90.5,185.0,280.0,232.8,360.5,338.1,-1.0,-1.0,137.7,-1.0
2,Bihar,906,Saran,1978,-1.0,74.5,119.5,-1.0,-1.0,117.6,84.8,103.7,222.0,281.8,430.9,441.0,311.2,-1.0,-1.0,122.6,-1.0
2,Bihar,906,Saran,1979,-1.0,98.5,125.6,-1.0,-1.0,122.4,88.0,105.6,240.0,273.6,538.3,445.0,309.7,-1.0,-1.0,205.1,-1.0
2,Bihar,906,Saran,1980,-1.0,96.2,142.5,-1.0,-1.0,126.7,104.9,124.9,309.3,333.7,652.8,600.0,410.2,-1.0,-1.0,307.2,-1.0
2,Bihar,906,Saran,1981,-1.0,103.7,183.1,-1.0,-1.0,140.8,99.1,148.8,302.2,327.4,723.9,457.1,550.0,-1.0,-1.0,265.2,-1.0
2,Bihar,906,Saran,1982,-1.0,132.6,211.3,-1.0,-1.0,166.2,120.8,161.5,270.9,364.6,743.2,596.0,455.3,-1.0,-1.0,196.1,-1.0
2,Bihar,906,Saran,1983,-1.0,153.9,165.2,-1.0,-1.0,175.7,165.4,150.1,340.1,404.2,853.2,616.8,551.1,-1.0,-1.0,250.9,-1.0
2,Bihar,906,Saran,1984,-1.0,156.5,163.9,-1.0,-1.0,168.6,165.0,138.3,449.1,383.0,893.4,553.7,559.9,-1.0,-1.0,291.7,-1.0
2,Bihar,906,Saran,1985,-1.0,157.9,182.8,-1.0,-1.0,162.3,157.9,155.3,413.2,400.0,824.5,566.3,600.0,-1.0,-1.0,382.4,-1.0
2,Bihar,906,Saran,1986,-1.0,185.0,180.0,-1.0,-1.0,175.0,-1.0,-1.0,350.0,450.0,-1.0,-1.0,600.0,475.0,-1.0,300.0,-1.0
2,Bihar,906,Saran,1987,-1.0,177.5,225.0,-1.0,-1.0,185.0,-1.0,212.0,450.0,-1.0,-1.0,-1.0,-1.0,-1.0,-1.0,-1.0,-1.0
2,Bihar,906,Saran,1988,-1.0,195.0,215.0,-1.0,-1.0,185.0,-1.0,175.0,600.0,600.0,-1.0,-1.0,550.0,500.0,575.0,-1.0,-1.0
2,Bihar,906,Saran,1989,-1.0,368.0,250.0,-1.0,-1.0,180.0,250.0,235.0,690.0,685.0,-1.0,-1.0,500.0,-1.0,-1.0,-1.0,-1.0
2,Bihar,906,Saran,1990,-1.0,226.7,300.0,-1.0,-1.0,270.0,240.0,275.0,700.0,700.0,-1.0,-1.0,-1.0,-1.0,-1.0,-1.0,-1.0
2,Bihar,906,Saran,1991,-1.0,290.0,400.0,-1.0,-1.0,391.0,200.0,350.0,750.0,800.0,-1.0,-1.0,-1.0,-1.0,-1.0,-1.0,-1.0
2,Bihar,906,Saran,1992,-1.0,300.0,370.0,-1.0,-1.0,310.0,250.0,-1.0,-1.0,850.0,-1.0,1200.0,900.0,-1.0,800.0,480.0,-1.0
2,Bihar,906,Saran,1993,-1.0,315.0,420.0,-1.0,-1.0,315.0,-1.0,-1.0,-1.0,-1.0,-1.0,1300.0,900.0,-1.0,-1.0,700.0,-1.0
2,Bihar,906,Saran,1994,-1.0,383.3,400.0,-1.0,-1.0,383.6,450.0,-1.0,800.0,-1.0,-1.0,1700.0,930.0,-1.0,-1.0,-1.0,-1.0
2,Bihar,906,Saran,1995,-1.0,746.0,430.0,-1.0,-1.0,444.0,-1.0,390.0,1022.0,-1.0,-1.0,-1.0,-1.0,825.0,-1.0,787.0,-1.0
2,Bihar,906,Saran,1996,-1.0,807.0,504.0,-1.0,649.0,466.0,-1.0,388.0,1174.0,1167.0,-1.0,1311.4,1137.0,950.0,1130.0,843.0,-1.0
2,Bihar,906,Saran,1997,-1.0,841.0,476.0,-1.0,-1.0,395.0,358.0,429.0,1111.0,1193.0,-1.0,-1.0,1149.0,983.0,-1.0,925.0,-1.0
2,Bihar,906,Saran,1998,-1.0,-1.0,500.0,-1.0,-1.0,398.0,-1.0,-1.0,1049.0,1150.0,-1.0,-1.0,-1.0,-1.0,1224.0,-1.0,-1.0
2,Bihar,906,Saran,1999,-1.0,-1.0,508.0,-1.0,567.0,467.0,-1.0,-1.0,1351.0,1226.0,-1.0,-1.0,-1.0,-1.0,-1.0,913.0,-1.0
2,Bihar,906,Saran,2000,-1.0,-1.0,515.0,-1.0,-1.0,356.0,-1.0,-1.0,1143.0,1230.0,-1.0,-1.0,-1.0,-1.0,-1.0,1000.0,-1.0
2,Bihar,906,Saran,2001,-1.0,-1.0,457.0,-1.0,-1.0,366.0,-1.0,471.0,1628.0,1301.0,-1.0,-1.0,-1.0,-1.0,-1.0,1060.0,-1.0
2,Bihar,906,Saran,2002,-1.0,-1.0,558.0,-1.0,359.0,397.0,-1.0,-1.0,1734.0,1455.0,-1.0,-1.0,1426.0,-1.0,-1.0,-1.0,-1.0
2,Bihar,906,Saran,2003,-1.0,-1.0,566.0,-1.0,-1.0,445.0,354.0,-1.0,1889.0,-1.0,-1.0,-1.0,-1.0,-1.0,-1.0,-1.0,-1.0
2,Bihar,906,Saran,2004,-1.0,420.0,612.0,-1.0,-1.0,431.5,382.0,446.0,1655.0,1512.0,-1.0,1876.0,1607.0,-1.0,1420.0,-1.0,-1.0
2,Bihar,906,Saran,2005,-1.0,439.5,766.0,-1.0,-1.0,488.0,428.0,512.0,1698.0,1666.0,-1.0,2082.0,1554.0,-1.0,1616.0,-1.0,-1.0
2,Bihar,906,Saran  (Chapra),2006,-1.0,476.0,-1.0,-1.0,-1.0,514.0,-1.0,-1.0,-1.0,-1.0,-1.0,-1.0,-1.0,-1.0,-1.0,-1.0,-1.0
2,Bihar,906,Saran  (Chapra),2007,-1.0,567.0,-1.0,-1.0,-1.0,559.0,-1.0,-1.0,-1.0,-1.0,-1.0,2171.0,-1.0,-1.0,-1.0,-1.0,-1.0
2,Bihar,906,Saran  (Chapra),2008,-1.0,632.7,-1.0,-1.0,-1.0,615.7,-1.0,-1.0,-1.0,-1.0,-1.0,2485.0,-1.0,-1.0,-1.0,-1.0,-1.0
2,Bihar,906,Saran  (Chapra),2009,-1.0,-1.0,-1.0,-1.0,-1.0,-1.0,-1.0,-1.0,-1.0,-1.0,-1.0,3797.0,-1.0,-1.0,-1.0,-1.0,-1.0
2,Bihar,906,Saran  (Chapra),2010,-1.0,846.0,1047.0,675.0,-1.0,845.0,725.0,-1.0,2401.0,3216.0,-1.0,-1.0,-1.0,-1.0,2172.0,2889.0,-1.0
2,Bihar,906,Saran (Chapra),2011,-1.0,880.5,1070.0,-1.0,-1.0,895.0,795.0,838.0,2524.0,3260.0,-1.0,4293.0,3036.0,-1.0,2451.0,3031.0,-1.0
2,Bihar,907,Patna,1966,-1.0,114.9,128.9,-1.0,-1.0,85.8,72.9,100.5,124.5,99.8,152.0,218.1,167.8,-1.0,-1.0,96.5,-1.0
2,Bihar,907,Patna,1967,-1.0,88.0,93.3,-1.0,-1.0,111.6,86.9,72.2,110.7,98.4,157.9,215.3,135.2,-1.0,-1.0,178.5,-1.0
2,Bihar,907,Patna,1968,-1.0,58.9,99.2,-1.0,-1.0,69.4,61.0,66.8,83.2,94.7,107.6,145.7,158.3,-1.0,-1.0,115.7,-1.0
2,Bihar,907,Patna,1969,-1.0,64.2,103.8,-1.0,-1.0,72.4,63.8,69.8,100.5,88.7,91.9,175.0,176.7,-1.0,-1.0,70.3,-1.0
2,Bihar,907,Patna,1970,-1.0,65.9,89.9,-1.0,-1.0,65.1,57.9,63.3,96.6,91.5,76.5,136.5,177.9,-1.0,-1.0,80.4,-1.0
2,Bihar,907,Patna,1971,-1.0,68.5,84.5,-1.0,-1.0,60.6,64.4,67.0,92.7,98.0,135.0,168.9,167.2,-1.0,-1.0,125.4,-1.0
2,Bihar,907,Patna,1972,-1.0,81.5,108.3,-1.0,-1.0,82.5,74.4,80.0,121.0,97.4,312.5,346.9,174.7,-1.0,-1.0,131.5,-1.0
2,Bihar,907,Patna,1973,-1.0,117.0,171.4,-1.0,-1.0,120.5,96.3,122.0,184.8,170.0,137.5,420.8,323.5,-1.0,-1.0,205.0,-1.0
2,Bihar,907,Patna,1974,-1.0,135.3,152.0,-1.0,-1.0,166.2,121.8,126.0,190.0,171.0,294.4,340.0,253.0,-1.0,-1.0,173.6,-1.0
2,Bihar,907,Patna,1975,-1.0,104.7,115.5,-1.0,-1.0,112.4,121.8,94.5,151.7,171.0,269.9,309.7,186.3,-1.0,-1.0,153.9,-1.0
2,Bihar,907,Patna,1976,-1.0,96.0,121.6,-1.0,-1.0,80.7,88.0,101.5,146.0,178.5,229.0,301.2,397.4,-1.0,-1.0,172.4,-1.0
2,Bihar,907,Patna,1977,-1.0,133.9,116.1,-1.0,-1.0,109.9,86.8,112.2,206.0,254.7,325.0,356.2,373.5,-1.0,-1.0,165.8,-1.0
2,Bihar,907,Patna,1978,-1.0,87.6,123.4,-1.0,-1.0,97.9,92.5,105.5,235.2,262.6,259.0,401.7,455.4,-1.0,-1.0,143.9,-1.0
2,Bihar,907,Patna,1979,-1.0,114.3,138.4,-1.0,-1.0,119.2,112.8,114.1,224.4,232.3,323.6,259.1,394.7,-1.0,-1.0,219.4,-1.0
2,Bihar,907,Patna,1980,-1.0,94.1,153.6,-1.0,-1.0,126.4,112.7,147.3,321.2,284.3,392.4,519.0,443.8,-1.0,-1.0,345.1,-1.0
2,Bihar,907,Patna,1981,-1.0,151.1,180.9,-1.0,-1.0,131.1,115.9,141.3,310.6,253.0,435.1,468.4,479.7,-1.0,-1.0,320.0,-1.0
2,Bihar,907,Patna,1982,-1.0,182.5,222.0,-1.0,-1.0,167.3,133.2,165.5,293.5,310.7,446.8,489.0,512.1,-1.0,-1.0,292.8,-1.0
2,Bihar,907,Patna,1983,-1.0,219.2,188.7,-1.0,-1.0,182.7,150.3,160.6,314.5,364.4,512.9,511.3,554.9,-1.0,-1.0,352.1,-1.0
2,Bihar,907,Patna,1984,-1.0,141.2,167.4,-1.0,-1.0,177.3,164.9,181.6,423.7,408.0,537.0,554.6,534.3,-1.0,-1.0,396.0,-1.0
2,Bihar,907,Patna,1985,-1.0,162.3,171.1,-1.0,-1.0,156.0,147.7,176.1,422.8,416.6,495.6,601.6,551.9,-1.0,-1.0,410.7,-1.0
2,Bihar,907,Patna,1986,-1.0,175.0,202.0,-1.0,-1.0,187.0,-1.0,158.0,412.0,444.0,-1.0,-1.0,549.0,352.0,462.0,399.0,-1.0
2,Bihar,907,Patna,1987,-1.0,177.0,247.1,-1.0,-1.0,199.0,-1.0,183.3,431.8,619.7,-1.0,-1.0,791.6,425.0,679.0,454.0,-1.0
2,Bihar,907,Patna,1988,-1.0,195.0,283.0,-1.0,-1.0,194.0,181.0,240.0,675.0,642.0,-1.0,-1.0,703.2,460.0,520.0,445.0,-1.0
2,Bihar,907,Patna,1989,-1.0,401.0,250.0,-1.0,-1.0,211.0,187.0,-1.0,655.0,692.0,-1.0,-1.0,673.0,-1.0,529.0,510.0,-1.0
2,Bihar,907,Patna,1990,-1.0,229.0,318.0,-1.0,-1.0,265.3,205.0,307.0,701.0,802.0,-1.0,-1.0,875.0,735.0,703.0,603.0,-1.0
2,Bihar,907,Patna,1991,-1.0,303.0,408.0,-1.0,-1.0,339.3,258.0,348.0,713.0,823.0,-1.0,-1.0,940.0,-1.0,800.0,605.0,-1.0
2,Bihar,907,Patna,1992,-1.0,330.6,381.9,-1.0,-1.0,323.1,253.9,230.3,828.2,884.8,-1.0,-1.0,973.1,-1.0,748.3,669.3,-1.0
2,Bihar,907,Patna,1993,-1.0,387.3,408.8,-1.0,-1.0,382.9,-1.0,365.5,915.0,963.6,-1.0,-1.0,1026.5,-1.0,826.2,686.9,-1.0
2,Bihar,907,Patna,1994,-1.0,399.2,-1.0,-1.0,-1.0,416.5,511.7,-1.0,-1.0,-1.0,-1.0,1429.0,-1.0,-1.0,-1.0,-1.0,-1.0
2,Bihar,907,Patna,1995,-1.0,376.0,454.0,-1.0,-1.0,379.0,512.0,390.0,1022.0,1354.0,-1.0,-1.0,-1.0,825.0,-1.0,880.0,-1.0
2,Bihar,907,Patna,1996,-1.0,790.0,491.0,-1.0,445.0,435.0,-1.0,388.0,1154.0,1522.0,-1.0,1288.0,1137.0,950.0,1315.0,827.0,-1.0
2,Bihar,907,Patna,1997,-1.0,799.0,491.0,-1.0,-1.0,422.0,358.0,429.0,1203.0,1634.0,-1.0,-1.0,1150.0,956.0,-1.0,850.0,-1.0
2,Bihar,907,Patna,1998,-1.0,-1.0,625.0,-1.0,-1.0,398.0,-1.0,531.0,1217.0,1488.0,-1.0,-1.0,1450.0,982.0,1455.0,1003.0,-1.0
2,Bihar,907,Patna,1999,-1.0,-1.0,630.0,-1.0,-1.0,457.0,-1.0,510.0,1220.0,-1.0,-1.0,-1.0,1445.0,1010.0,-1.0,1022.0,-1.0
2,Bihar,907,Patna,2000,-1.0,-1.0,515.0,-1.0,-1.0,356.0,-1.0,-1.0,1522.0,1700.0,-1.0,-1.0,1210.0,-1.0,-1.0,1113.0,-1.0
2,Bihar,907,Patna,2001,-1.0,-1.0,540.0,-1.0,-1.0,366.0,-1.0,378.0,1620.0,1475.0,-1.0,-1.0,-1.0,-1.0,-1.0,1060.0,-1.0
2,Bihar,907,Patna,2002,-1.0,-1.0,574.0,-1.0,-1.0,397.0,382.0,-1.0,1688.0,1586.0,-1.0,-1.0,1426.0,-1.0,1335.0,-1.0,-1.0
2,Bihar,907,Patna,2003,-1.0,-1.0,594.0,-1.0,-1.0,403.0,-1.0,-1.0,1710.0,-1.0,-1.0,-1.0,-1.0,-1.0,-1.0,1116.0,-1.0
2,Bihar,907,Patna,2004,-1.0,438.0,603.0,-1.0,-1.0,431.5,382.0,446.0,1637.0,1700.0,-1.0,-1.0,1664.0,-1.0,1477.0,-1.0,-1.0
2,Bihar,907,Patna,2005,-1.0,460.0,690.0,-1.0,-1.0,481.5,-1.0,525.0,1698.0,1790.0,-1.0,-1.0,1690.0,-1.0,1522.0,-1.0,-1.0
2,Bihar,907,Patna,2006,-1.0,476.0,-1.0,-1.0,-1.0,527.0,-1.0,-1.0,-1.0,-1.0,-1.0,-1.0,-1.0,-1.0,-1.0,-1.0,-1.0
2,Bihar,907,Patna,2007,-1.0,591.0,940.0,-1.0,-1.0,575.0,-1.0,-1.0,-1.0,-1.0,-1.0,2527.0,-1.0,-1.0,1901.0,-1.0,-1.0
2,Bihar,907,Patna,2008,-1.0,632.5,956.0,-1.0,-1.0,647.3,-1.0,-1.0,-1.0,-1.0,-1.0,-1.0,-1.0,-1.0,-1.0,1693.0,-1.0
2,Bihar,907,Patna,2009,-1.0,-1.0,1000.0,-1.0,-1.0,699.5,-1.0,-1.0,-1.0,-1.0,-1.0,4584.0,-1.0,-1.0,-1.0,-1.0,-1.0
2,Bihar,907,Patna,2010,-1.0,846.0,1000.0,-1.0,-1.0,845.0,-1.0,700.0,2500.0,3000.0,-1.0,-1.0,2500.0,-1.0,2000.0,2889.0,-1.0
2,Bihar,907,Patna,2011,-1.0,880.5,1100.0,-1.0,-1.0,913.0,-1.0,838.0,2524.0,3200.0,-1.0,4306.5,2900.0,-1.0,2451.0,2950.0,-1.0
2,Bihar,908,Mungher,1966,-1.0,101.7,127.4,-1.0,-1.0,81.1,69.4,89.3,115.7,92.0,131.8,271.0,170.0,-1.0,-1.0,79.5,-1.0
2,Bihar,908,Mungher,1967,-1.0,100.5,95.5,-1.0,-1.0,100.9,67.2,64.0,101.8,89.1,151.9,245.8,128.6,-1.0,-1.0,190.8,-1.0
2,Bihar,908,Mungher,1968,-1.0,60.6,92.9,-1.0,-1.0,62.7,61.8,74.9,82.0,76.8,111.2,222.6,145.9,-1.0,-1.0,110.0,-1.0
2,Bihar,908,Mungher,1969,-1.0,63.5,101.3,-1.0,-1.0,62.0,59.0,63.6,104.7,92.4,156.8,207.9,161.9,-1.0,-1.0,79.2,-1.0
2,Bihar,908,Mungher,1970,-1.0,75.9,91.4,-1.0,-1.0,69.0,53.2,63.2,90.2,93.1,143.1,259.8,161.8,-1.0,-1.0,85.6,-1.0
2,Bihar,908,Mungher,1971,-1.0,67.0,84.4,-1.0,-1.0,79.1,72.0,64.0,93.2,125.0,154.4,237.9,158.0,-1.0,-1.0,154.2,-1.0
2,Bihar,908,Mungher,1972,-1.0,79.2,105.7,-1.0,-1.0,69.1,61.2,88.7,128.6,126.0,224.2,144.0,180.6,-1.0,-1.0,163.1,-1.0
2,Bihar,908,Mungher,1973,-1.0,100.0,210.0,-1.0,-1.0,116.2,106.0,174.0,247.5,185.0,207.3,185.4,255.0,-1.0,-1.0,182.6,-1.0
2,Bihar,908,Mungher,1974,-1.0,135.5,195.0,-1.0,-1.0,177.5,130.0,125.0,200.0,182.5,224.2,280.0,232.5,-1.0,-1.0,177.0,-1.0
2,Bihar,908,Mungher,1975,-1.0,104.9,148.2,-1.0,-1.0,120.1,130.0,93.7,159.7,182.5,205.6,255.1,171.2,-1.0,-1.0,157.0,-1.0
2,Bihar,908,Mungher,1976,-1.0,97.9,125.7,-1.0,-1.0,89.7,105.4,117.4,155.3,214.7,275.0,480.4,328.8,-1.0,-1.0,177.1,-1.0
2,Bihar,908,Mungher,1977,-1.0,87.4,128.8,-1.0,-1.0,112.1,102.9,108.9,200.4,245.0,241.0,377.8,336.0,-1.0,-1.0,179.1,-1.0
2,Bihar,908,Mungher,1978,-1.0,89.9,119.7,-1.0,-1.0,109.9,100.1,95.3,210.9,253.2,278.5,561.4,314.4,-1.0,-1.0,154.9,-1.0
2,Bihar,908,Mungher,1979,-1.0,106.1,141.9,-1.0,-1.0,123.0,100.9,111.5,222.0,238.5,347.9,404.8,342.2,-1.0,-1.0,243.7,-1.0
2,Bihar,908,Mungher,1980,-1.0,125.6,172.0,-1.0,-1.0,132.6,121.2,145.8,317.3,311.5,421.9,586.3,443.9,-1.0,-1.0,334.2,-1.0
2,Bihar,908,Mungher,1981,-1.0,151.7,195.8,-1.0,-1.0,148.2,129.3,193.0,308.4,293.7,467.9,485.3,521.0,-1.0,-1.0,263.1,-1.0
2,Bihar,908,Mungher,1982,-1.0,170.6,217.3,-1.0,-1.0,166.7,133.4,157.0,311.6,363.2,480.4,424.9,408.9,-1.0,-1.0,239.8,-1.0
2,Bihar,908,Mungher,1983,-1.0,194.6,179.4,-1.0,-1.0,188.2,181.9,157.1,329.3,367.4,551.5,591.0,455.6,-1.0,-1.0,306.7,-1.0
2,Bihar,908,Mungher,1984,-1.0,183.0,174.7,-1.0,-1.0,176.9,168.4,147.2,430.6,451.1,893.4,544.3,423.8,-1.0,-1.0,316.8,-1.0
2,Bihar,908,Mungher,1985,-1.0,175.8,183.2,-1.0,-1.0,155.2,146.5,173.8,478.7,397.8,824.5,517.0,447.5,-1.0,-1.0,365.3,-1.0
2,Bihar,908,Mungher,1986,-1.0,185.5,211.0,-1.0,-1.0,200.0,-1.0,141.0,315.0,398.0,-1.0,1275.0,472.0,-1.0,436.0,350.0,-1.0
2,Bihar,908,Mungher,1987,-1.0,210.5,257.0,-1.0,-1.0,215.0,-1.0,210.0,510.0,730.0,-1.0,785.7,580.0,-1.0,588.0,317.8,-1.0
2,Bihar,908,Mungher,1988,-1.0,223.5,261.0,-1.0,-1.0,209.0,-1.0,217.0,635.0,650.0,-1.0,-1.0,750.0,-1.0,663.0,477.0,-1.0
2,Bihar,908,Mungair,1989,-1.0,405.0,257.0,-1.0,-1.0,215.0,-1.0,228.0,646.0,669.0,-1.0,615.0,740.0,-1.0,590.0,-1.0,-1.0
2,Bihar,908,Mungher,1990,-1.0,221.0,298.0,-1.0,-1.0,263.3,-1.0,270.0,696.0,823.0,-1.0,-1.0,825.0,-1.0,656.0,428.0,-1.0
2,Bihar,908,Mungher,1991,-1.0,276.3,423.0,-1.0,-1.0,323.0,-1.0,296.0,825.0,-1.0,-1.0,-1.0,857.0,-1.0,793.0,463.0,-1.0
2,Bihar,908,Mungher,1992,-1.0,291.0,-1.0,-1.0,-1.0,322.5,-1.0,303.0,717.5,910.4,-1.0,-1.0,855.7,-1.0,783.3,471.4,-1.0
2,Bihar,908,Mungher,1993,-1.0,308.9,379.2,-1.0,-1.0,328.5,-1.0,340.0,-1.0,960.0,-1.0,-1.0,-1.0,-1.0,950.0,-1.0,-1.0
2,Bihar,908,Mungher,1994,-1.0,366.7,442.0,-1.0,-1.0,371.3,-1.0,475.0,1060.0,1150.0,-1.0,-1.0,981.3,-1.0,975.0,977.8,-1.0
2,Bihar,908,Mungair,1995,-1.0,365.0,473.0,-1.0,-1.0,378.0,-1.0,390.0,1019.0,-1.0,-1.0,-1.0,1144.0,-1.0,-1.0,845.0,-1.0
2,Bihar,908,Mungair,1996,-1.0,716.0,491.0,-1.0,602.0,399.0,-1.0,388.0,1123.0,1463.0,-1.0,1311.4,1136.0,950.0,1311.0,843.0,-1.0
2,Bihar,908,Mungair,1997,-1.0,764.0,574.0,-1.0,-1.0,353.0,358.0,456.0,1283.0,-1.0,-1.0,-1.0,1150.0,983.0,-1.0,925.0,-1.0
2,Bihar,908,Monghyr,1998,-1.0,-1.0,612.0,-1.0,-1.0,386.0,-1.0,-1.0,1338.0,1408.0,-1.0,-1.0,-1.0,-1.0,1224.0,-1.0,-1.0
2,Bihar,908,Monghyr,1999,-1.0,-1.0,610.0,-1.0,-1.0,457.0,-1.0,-1.0,1351.0,-1.0,-1.0,-1.0,-1.0,-1.0,-1.0,-1.0,-1.0
2,Bihar,908,Monghyr,2000,-1.0,-1.0,551.0,-1.0,-1.0,420.0,-1.0,-1.0,1522.0,-1.0,-1.0,-1.0,-1.0,-1.0,-1.0,-1.0,-1.0
2,Bihar,908,Monghyr,2001,-1.0,-1.0,538.0,-1.0,-1.0,-1.0,435.0,471.0,1629.0,1514.0,-1.0,-1.0,-1.0,-1.0,-1.0,-1.0,-1.0
2,Bihar,908,Monghyr,2002,-1.0,-1.0,539.0,-1.0,-1.0,397.0,-1.0,-1.0,1665.0,-1.0,-1.0,-1.0,-1.0,-1.0,-1.0,-1.0,-1.0
2,Bihar,908,Monghyr,2003,-1.0,-1.0,538.0,-1.0,-1.0,403.0,-1.0,-1.0,1626.0,-1.0,-1.0,-1.0,-1.0,-1.0,-1.0,-1.0,-1.0
2,Bihar,908,Munger,2004,-1.0,406.0,585.0,-1.0,-1.0,431.5,-1.0,446.0,1547.0,1614.0,-1.0,-1.0,1607.0,-1.0,1386.0,-1.0,-1.0
2,Bihar,908,Munger,2005,-1.0,434.5,731.0,-1.0,-1.0,502.0,-1.0,512.0,1698.0,1790.0,-1.0,-1.0,1701.0,-1.0,1526.0,-1.0,-1.0
2,Bihar,908,Munger,2006,-1.0,463.0,-1.0,-1.0,-1.0,497.5,-1.0,-1.0,-1.0,-1.0,-1.0,-1.0,-1.0,-1.0,-1.0,-1.0,-1.0
2,Bihar,908,Munger,2007,-1.0,580.0,-1.0,-1.0,-1.0,575.0,-1.0,-1.0,-1.0,-1.0,-1.0,2171.0,-1.0,-1.0,-1.0,-1.0,-1.0
2,Bihar,908,Munger,2008,-1.0,717.0,-1.0,-1.0,-1.0,615.7,-1.0,-1.0,-1.0,-1.0,-1.0,2485.0,-1.0,-1.0,-1.0,-1.0,-1.0
2,Bihar,908,Munger,2009,-1.0,802.0,-1.0,-1.0,-1.0,699.5,-1.0,-1.0,-1.0,-1.0,-1.0,-1.0,-1.0,-1.0,-1.0,-1.0,-1.0
2,Bihar,908,Munger,2010,-1.0,859.0,1088.0,-1.0,-1.0,845.0,-1.0,792.0,2401.0,3216.0,-1.0,-1.0,2850.0,-1.0,2567.0,2889.0,-1.0
2,Bihar,908,Munger,2011,-1.0,900.0,1117.0,-1.0,-1.0,913.0,795.0,838.0,2524.0,3260.0,-1.0,-1.0,3036.0,-1.0,2451.0,3031.0,-1.0
2,Bihar,909,Bhagalpur,1966,-1.0,103.9,125.2,-1.0,-1.0,85.0,66.4,86.9,114.5,92.4,139.2,188.3,183.9,-1.0,-1.0,98.9,-1.0
2,Bihar,909,Bhagalpur,1967,-1.0,87.3,102.0,-1.0,-1.0,108.7,72.1,83.8,101.1,98.1,151.9,272.1,123.9,-1.0,-1.0,176.7,-1.0
2,Bihar,909,Bhagalpur,1968,-1.0,55.6,93.3,-1.0,-1.0,71.8,52.1,65.3,86.7,82.8,117.1,148.6,135.7,-1.0,-1.0,117.5,-1.0
2,Bihar,909,Bhagalpur,1969,-1.0,66.8,100.6,-1.0,-1.0,68.9,61.3,70.7,96.9,98.1,120.0,144.8,152.4,-1.0,-1.0,84.9,-1.0
2,Bihar,909,Bhagalpur,1970,-1.0,72.0,89.8,-1.0,-1.0,66.2,52.0,68.1,92.5,106.0,99.9,180.9,171.6,-1.0,-1.0,85.8,-1.0
2,Bihar,909,Bhagalpur,1971,-1.0,64.1,82.8,-1.0,-1.0,73.3,59.3,66.5,93.3,119.9,103.4,189.6,213.2,-1.0,-1.0,141.9,-1.0
2,Bihar,909,Bhagalpur,1972,-1.0,77.7,114.5,-1.0,-1.0,89.6,60.2,135.9,135.9,146.0,150.0,207.4,211.6,-1.0,-1.0,150.7,-1.0
2,Bihar,909,Bhagalpur,1973,-1.0,132.6,198.8,-1.0,-1.0,113.0,76.2,171.7,196.1,185.7,138.7,251.6,466.7,-1.0,-1.0,216.6,-1.0
2,Bihar,909,Bhagalpur,1974,-1.0,155.8,164.0,-1.0,-1.0,175.6,137.7,113.9,191.9,179.7,270.0,316.1,324.0,-1.0,-1.0,196.0,-1.0
2,Bihar,909,Bhagalpur,1975,-1.0,120.6,124.6,-1.0,-1.0,118.8,137.7,85.4,153.2,179.7,247.5,288.0,238.6,-1.0,-1.0,173.8,-1.0
2,Bihar,909,Bhagalpur,1976,-1.0,111.8,144.4,-1.0,-1.0,94.7,53.7,113.7,157.6,179.4,209.9,302.1,427.8,-1.0,-1.0,187.2,-1.0
2,Bihar,909,Bhagalpur,1977,-1.0,121.0,127.9,-1.0,-1.0,122.0,102.3,102.0,217.7,265.9,232.8,360.5,320.0,-1.0,-1.0,158.9,-1.0
2,Bihar,909,Bhagalpur,1978,-1.0,111.1,131.9,-1.0,-1.0,107.3,91.5,102.1,232.9,260.7,430.9,354.6,336.4,-1.0,-1.0,145.1,-1.0
2,Bihar,909,Bhagalpur,1979,-1.0,129.0,152.0,-1.0,-1.0,138.8,98.3,126.0,215.0,256.0,538.3,402.1,356.0,-1.0,-1.0,306.7,-1.0
2,Bihar,909,Bhagalpur,1980,-1.0,133.0,168.0,-1.0,-1.0,138.2,111.3,116.0,319.0,312.0,652.8,551.3,577.0,-1.0,-1.0,305.4,-1.0
2,Bihar,909,Bhagalpur,1981,-1.0,143.9,203.2,-1.0,-1.0,147.5,157.5,131.7,304.8,297.6,723.9,510.6,479.2,-1.0,-1.0,226.0,-1.0
2,Bihar,909,Bhagalpur,1982,-1.0,204.9,218.0,-1.0,-1.0,192.9,156.2,177.0,308.8,358.2,743.2,424.9,492.0,-1.0,-1.0,221.2,-1.0
2,Bihar,909,Bhagalpur,1983,-1.0,213.7,195.9,-1.0,-1.0,200.0,165.5,187.5,395.9,385.0,853.2,591.0,385.0,-1.0,-1.0,287.9,-1.0
2,Bihar,909,Bhagalpur,1984,-1.0,213.1,191.7,-1.0,-1.0,211.5,164.9,149.5,406.0,387.2,893.4,544.3,470.0,-1.0,-1.0,316.4,-1.0
2,Bihar,909,Bhagalpur,1985,-1.0,157.5,200.0,-1.0,-1.0,193.4,144.7,182.0,469.0,405.0,824.5,517.0,444.0,-1.0,-1.0,362.5,-1.0
2,Bihar,909,Bhagalpur,1986,-1.0,208.6,219.1,-1.0,-1.0,209.5,-1.0,220.4,382.4,-1.0,-1.0,880.3,659.2,-1.0,527.9,389.2,540.3
2,Bihar,909,Bhagalpur,1987,-1.0,206.8,246.2,-1.0,-1.0,245.5,-1.0,221.0,503.1,658.9,-1.0,926.2,787.7,-1.0,671.2,344.8,-1.0
2,Bihar,909,Bhagalpur,1988,-1.0,210.0,277.9,-1.0,-1.0,213.6,202.5,259.1,681.3,673.6,-1.0,871.1,787.7,-1.0,698.1,380.4,-1.0
2,Bihar,909,Bhagalpur,1989,-1.0,453.3,265.0,-1.0,-1.0,221.0,-1.0,215.8,694.5,675.1,-1.0,910.2,687.7,-1.0,664.0,517.6,-1.0
2,Bihar,909,Bhagalpur,1990,-1.0,230.4,342.8,-1.0,-1.0,258.2,-1.0,300.4,772.4,-1.0,-1.0,1021.6,878.1,-1.0,786.5,472.4,-1.0
2,Bihar,909,Bhagalpur,1991,-1.0,319.5,354.0,-1.0,-1.0,330.7,-1.0,316.0,705.0,-1.0,-1.0,1439.0,714.0,-1.0,-1.0,460.0,-1.0
2,Bihar,909,Bhagalpur,1992,-1.0,318.9,-1.0,-1.0,-1.0,298.8,-1.0,273.8,853.7,-1.0,-1.0,-1.0,852.0,-1.0,838.1,-1.0,-1.0
2,Bihar,909,Bhagalpur,1993,-1.0,314.0,393.8,-1.0,-1.0,351.1,-1.0,314.2,1071.9,1009.9,-1.0,-1.0,986.1,-1.0,973.3,752.0,-1.0
2,Bihar,909,Bhagalpur,1994,-1.0,336.1,429.0,-1.0,-1.0,380.3,280.0,357.1,1011.5,1078.9,-1.0,1276.8,1060.3,-1.0,985.6,633.3,-1.0
2,Bihar,909,Bhagalpur,1995,-1.0,422.0,415.0,-1.0,-1.0,378.0,-1.0,388.0,1031.0,-1.0,-1.0,-1.0,-1.0,825.0,-1.0,645.0,-1.0
2,Bihar,909,Bhagalpur,1996,-1.0,680.0,491.0,610.0,688.0,422.0,-1.0,388.0,1149.0,1436.0,-1.0,1288.0,1199.0,950.0,1143.0,843.0,-1.0
2,Bihar,909,Bhagalpur,1997,-1.0,799.0,511.0,-1.0,-1.0,411.0,358.0,439.0,1350.0,1143.0,-1.0,-1.0,1246.0,983.0,-1.0,925.0,-1.0
2,Bihar,909,Bhagalpur,1998,-1.0,-1.0,741.0,-1.0,-1.0,420.0,-1.0,-1.0,1262.0,1408.0,-1.0,-1.0,-1.0,-1.0,1224.0,1013.0,-1.0
2,Bihar,909,Bhagalpur,1999,-1.0,-1.0,586.0,-1.0,567.0,464.0,-1.0,-1.0,1351.0,-1.0,-1.0,-1.0,-1.0,983.0,-1.0,913.0,-1.0
2,Bihar,909,Bhagalpur,2000,-1.0,-1.0,567.0,-1.0,-1.0,300.0,-1.0,569.0,1522.0,1655.0,-1.0,-1.0,1277.0,1100.0,1222.0,1000.0,-1.0
2,Bihar,909,Bhagalpur,2001,-1.0,-1.0,561.0,-1.0,-1.0,366.0,-1.0,371.0,1629.0,1650.0,-1.0,-1.0,1241.0,-1.0,1145.0,1060.0,-1.0
2,Bihar,909,Bhagalpur,2002,-1.0,-1.0,539.0,-1.0,359.0,397.0,-1.0,-1.0,1663.0,1637.0,-1.0,-1.0,-1.0,-1.0,-1.0,-1.0,-1.0
2,Bihar,909,Bhagalpur,2003,-1.0,-1.0,612.0,-1.0,-1.0,403.0,-1.0,-1.0,1624.0,-1.0,-1.0,1931.0,-1.0,-1.0,1419.0,-1.0,-1.0
2,Bihar,909,Bhagalpur,2004,-1.0,401.5,585.0,-1.0,-1.0,431.5,-1.0,446.0,1655.0,1614.0,-1.0,1875.5,1607.0,-1.0,1420.0,-1.0,-1.0
2,Bihar,909,Bhagalpur,2006,-1.0,466.5,-1.0,-1.0,-1.0,508.5,-1.0,-1.0,-1.0,-1.0,-1.0,2264.0,1762.0,-1.0,-1.0,-1.0,-1.0
2,Bihar,909,Bhagalpur,2007,-1.0,591.0,-1.0,-1.0,-1.0,575.0,-1.0,-1.0,-1.0,-1.0,-1.0,2527.0,1799.0,-1.0,-1.0,-1.0,-1.0
2,Bihar,909,Bhagalpur,2008,-1.0,604.0,-1.0,-1.0,-1.0,611.0,-1.0,-1.0,-1.0,-1.0,-1.0,-1.0,-1.0,-1.0,-1.0,-1.0,-1.0
2,Bihar,909,Bhagalpur,2009,-1.0,-1.0,-1.0,-1.0,-1.0,-1.0,-1.0,782.0,-1.0,3137.0,-1.0,-1.0,-1.0,-1.0,-1.0,-1.0,-1.0
2,Bihar,909,Bhagalpur,2010,-1.0,846.0,1047.0,675.0,806.0,845.0,-1.0,792.0,2401.0,3216.0,-1.0,3776.5,2641.0,-1.0,2172.0,2889.0,-1.0
2,Bihar,909,Bhagalpur,2011,-1.0,880.5,1070.0,733.0,834.0,917.5,-1.0,838.0,2524.0,3260.0,-1.0,4149.0,3036.0,-1.0,2451.0,3031.0,-1.0
2,Bihar,910,Santhal Paragana,1966,-1.0,80.4,132.8,-1.0,-1.0,64.5,52.5,95.9,132.0,93.5,113.2,154.2,151.7,-1.0,-1.0,103.0,-1.0
2,Bihar,910,Santhal Paragana,1967,-1.0,84.8,109.8,-1.0,-1.0,97.5,59.2,85.2,109.0,96.6,151.9,167.6,159.6,-1.0,-1.0,252.9,-1.0
2,Bihar,910,Santhal Paragana,1968,-1.0,57.4,102.3,-1.0,-1.0,71.7,55.4,67.9,83.7,71.5,136.4,107.2,143.9,-1.0,-1.0,153.0,-1.0
2,Bihar,910,Santhal Paragana,1969,-1.0,64.4,105.1,-1.0,-1.0,66.5,51.4,70.2,84.4,84.1,192.3,115.0,150.0,-1.0,-1.0,97.7,-1.0
2,Bihar,910,Santhal Paragana,1970,-1.0,62.7,92.5,-1.0,-1.0,65.5,49.6,65.0,86.0,102.3,160.1,125.0,164.5,-1.0,-1.0,91.2,-1.0
2,Bihar,910,Santhal Paragana,1971,-1.0,64.0,90.0,-1.0,-1.0,87.0,60.0,81.0,105.0,117.9,125.0,200.0,175.0,-1.0,-1.0,147.5,-1.0
2,Bihar,910,Santhal Paragana,1972,-1.0,70.1,120.0,-1.0,-1.0,71.0,40.0,105.0,145.0,155.0,173.3,294.0,225.0,-1.0,-1.0,170.4,-1.0
2,Bihar,910,Santhal Paragana,1973,-1.0,97.0,205.5,-1.0,-1.0,111.5,88.5,165.3,198.7,186.3,274.2,356.7,441.3,-1.0,-1.0,182.7,-1.0
2,Bihar,910,Santhal Paragana,1974,-1.0,114.3,158.2,-1.0,-1.0,152.0,111.0,127.0,185.4,157.0,200.0,448.2,293.0,-1.0,-1.0,198.6,-1.0
2,Bihar,910,Santhal Paragana,1975,-1.0,88.5,120.2,-1.0,-1.0,102.8,111.0,95.2,148.0,157.0,183.3,408.3,215.8,-1.0,-1.0,176.1,-1.0
2,Bihar,910,Santhal Paragana,1976,-1.0,90.5,134.5,-1.0,-1.0,95.0,85.8,90.5,152.0,140.8,209.9,302.1,190.0,-1.0,-1.0,149.7,-1.0
2,Bihar,910,Santhal Paragana,1977,-1.0,87.3,105.0,-1.0,-1.0,102.0,90.0,85.0,190.5,210.1,232.8,400.0,185.0,-1.0,-1.0,115.0,-1.0
2,Bihar,910,Santhal Paragana,1978,-1.0,75.3,104.0,-1.0,-1.0,90.0,85.5,80.0,205.0,225.0,430.9,350.5,230.0,-1.0,-1.0,105.0,-1.0
2,Bihar,910,Santhal Paragana,1979,-1.0,105.8,140.0,-1.0,-1.0,107.3,90.0,125.0,230.0,240.0,538.3,400.0,325.0,-1.0,-1.0,225.0,-1.0
2,Bihar,910,Santhal Paragana,1980,-1.0,125.0,158.0,-1.0,-1.0,130.0,111.3,125.8,350.0,325.0,652.8,525.0,525.0,-1.0,-1.0,300.0,-1.0
2,Bihar,910,Santhal Paragana,1981,-1.0,125.0,195.0,-1.0,-1.0,150.0,157.5,145.0,380.0,350.0,723.9,500.0,375.0,-1.0,-1.0,200.0,-1.0
2,Bihar,910,Santhal Paragana,1982,-1.0,165.0,231.3,-1.0,-1.0,200.0,187.5,192.5,313.8,320.8,743.2,424.9,310.0,-1.0,-1.0,231.7,-1.0
2,Bihar,910,Santhal Paragana,1983,-1.0,165.4,162.7,-1.0,-1.0,188.6,172.5,135.4,308.2,328.6,853.2,591.0,473.0,-1.0,-1.0,274.0,-1.0
2,Bihar,910,Santhal Paragana,1984,-1.0,160.4,173.4,-1.0,-1.0,163.1,170.1,142.2,411.6,367.3,893.4,544.3,487.2,-1.0,-1.0,306.9,-1.0
2,Bihar,910,Santhal Paragana,1985,-1.0,162.0,197.7,-1.0,-1.0,164.7,165.7,159.4,423.1,387.8,824.5,517.0,474.6,-1.0,-1.0,340.6,-1.0
2,Bihar,910,Santhal Paragana,1986,-1.0,175.6,211.1,-1.0,166.8,187.2,210.2,192.9,358.0,466.5,-1.0,865.0,590.2,-1.0,477.7,356.7,-1.0
2,Bihar,910,Santhal Paragana,1987,-1.0,182.4,248.9,209.2,240.4,197.4,300.0,238.6,448.8,595.9,-1.0,877.1,835.8,555.6,697.6,412.3,-1.0
2,Bihar,910,Santhal Paragana,1988,-1.0,199.9,267.9,-1.0,-1.0,195.3,-1.0,243.6,662.9,619.5,-1.0,1000.0,723.9,-1.0,526.4,411.8,-1.0
2,Bihar,910,Dumka,1989,-1.0,479.0,260.0,-1.0,-1.0,206.0,195.0,255.0,750.0,715.0,-1.0,-1.0,765.0,-1.0,700.0,-1.0,-1.0
2,Bihar,910,Santhal Paragana,1990,-1.0,232.7,301.5,-1.0,-1.0,-1.0,205.0,249.8,748.4,752.3,850.0,-1.0,783.8,-1.0,679.1,510.9,-1.0
2,Bihar,910,Santhal Paragana,1991,-1.0,284.6,368.6,-1.0,-1.0,-1.0,210.0,279.7,749.0,763.4,855.0,-1.0,827.5,-1.0,712.9,504.2,-1.0
2,Bihar,910,Santhal Paragana,1992,-1.0,283.0,375.2,-1.0,-1.0,-1.0,225.0,292.5,821.5,781.1,856.0,-1.0,889.1,-1.0,742.0,555.2,-1.0
2,Bihar,910,Santhal Paragana,1993,-1.0,319.7,403.8,336.5,327.5,-1.0,230.0,334.4,866.9,995.6,870.0,-1.0,958.9,-1.0,1029.4,655.0,-1.0
2,Bihar,910,Santhal Paragana,1994,-1.0,361.1,441.0,-1.0,-1.0,-1.0,-1.0,433.4,1080.7,1085.4,-1.0,-1.0,1147.6,-1.0,1050.4,670.0,-1.0
2,Bihar,910,Dumka,1995,-1.0,735.0,468.0,-1.0,-1.0,388.0,-1.0,-1.0,1064.0,-1.0,-1.0,-1.0,1212.0,-1.0,1085.0,802.0,-1.0
2,Bihar,911,Shahabad,1966,-1.0,97.2,112.6,-1.0,-1.0,79.3,72.9,77.8,101.9,85.8,105.9,166.6,139.4,-1.0,-1.0,95.5,-1.0
2,Bihar,911,Shahabad,1967,-1.0,103.0,74.3,-1.0,-1.0,90.2,57.2,83.4,95.5,90.2,157.9,202.3,126.6,-1.0,-1.0,202.2,-1.0
2,Bihar,911,Shahabad,1968,-1.0,53.0,81.5,-1.0,-1.0,74.9,72.0,72.0,80.0,88.5,102.0,124.8,142.0,-1.0,-1.0,101.6,-1.0
2,Bihar,911,Shahabad,1969,-1.0,60.0,90.0,-1.0,-1.0,65.0,48.0,68.0,101.0,88.0,143.8,162.0,143.0,-1.0,-1.0,64.0,-1.0
2,Bihar,911,Shahabad,1970,-1.0,61.0,75.0,-1.0,-1.0,63.0,62.0,63.0,85.0,68.0,119.8,203.0,146.0,-1.0,-1.0,78.0,-1.0
2,Bihar,911,Shahabad,1971,-1.0,61.6,88.0,-1.0,-1.0,78.8,70.7,72.0,91.1,78.4,123.8,212.8,192.0,-1.0,-1.0,136.6,-1.0
2,Bihar,911,Shahabad,1972,-1.0,71.0,113.0,-1.0,-1.0,75.0,92.8,96.0,118.0,106.1,179.8,232.8,201.0,-1.0,-1.0,126.0,-1.0
2,Bihar,911,Shahabad,1973,-1.0,112.8,196.0,-1.0,-1.0,119.0,103.0,147.0,205.9,156.0,166.2,275.0,308.0,-1.0,-1.0,171.3,-1.0
2,Bihar,911,Shahabad,1974,-1.0,116.9,144.0,-1.0,-1.0,169.5,96.0,114.0,162.0,147.5,239.0,238.0,180.0,-1.0,-1.0,182.4,-1.0
2,Bihar,911,Shahabad,1975,-1.0,90.5,109.4,-1.0,-1.0,114.7,96.0,85.5,129.3,147.5,219.1,216.8,132.6,-1.0,-1.0,161.7,-1.0
2,Bihar,911,Shahabad,1976,-1.0,83.5,118.9,-1.0,-1.0,104.7,91.6,91.5,144.1,170.4,193.3,269.3,274.4,-1.0,-1.0,175.0,-1.0
2,Bihar,911,Shahabad,1977,-1.0,104.0,115.4,-1.0,-1.0,123.4,102.3,89.9,210.5,238.9,219.3,360.5,344.0,-1.0,-1.0,188.3,-1.0
2,Bihar,911,Shahabad,1978,-1.0,95.4,108.1,-1.0,-1.0,116.1,91.5,88.4,212.7,260.8,168.7,367.9,383.3,-1.0,-1.0,153.1,-1.0
2,Bihar,911,Shahabad,1979,-1.0,92.7,136.6,-1.0,-1.0,127.5,98.3,107.5,231.0,227.9,210.8,402.1,408.9,-1.0,-1.0,273.1,-1.0
2,Bihar,911,Shahabad,1980,-1.0,120.7,157.6,-1.0,-1.0,139.7,102.3,116.9,315.5,295.3,255.6,531.5,443.1,-1.0,-1.0,366.9,-1.0
2,Bihar,911,Shahabad,1981,-1.0,125.4,182.9,-1.0,-1.0,148.9,132.2,147.9,283.5,282.1,283.5,483.7,409.9,-1.0,-1.0,328.0,-1.0
2,Bihar,911,Shahabad,1982,-1.0,125.5,223.1,-1.0,-1.0,184.6,156.2,166.7,260.9,307.1,291.0,513.0,396.9,-1.0,-1.0,278.7,-1.0
2,Bihar,911,Shahabad,1983,-1.0,195.5,160.8,-1.0,-1.0,180.0,182.1,143.2,302.9,290.2,334.1,547.0,425.5,-1.0,-1.0,317.7,-1.0
2,Bihar,911,Shahabad,1984,-1.0,201.3,161.0,-1.0,-1.0,174.4,188.9,141.0,410.0,357.9,349.9,559.3,492.4,-1.0,-1.0,361.8,-1.0
2,Bihar,911,Shahabad,1985,-1.0,144.7,187.9,-1.0,-1.0,129.8,174.4,161.7,445.6,317.7,322.9,577.8,449.3,-1.0,-1.0,387.5,-1.0
2,Bihar,911,Shahabad,1986,-1.0,150.9,209.1,-1.0,-1.0,178.2,245.7,172.4,352.3,423.2,-1.0,-1.0,547.8,-1.0,525.1,384.7,-1.0
2,Bihar,911,Shahabad,1987,-1.0,208.5,261.8,-1.0,-1.0,202.9,-1.0,209.7,455.2,484.0,-1.0,-1.0,674.7,-1.0,722.0,417.7,1175.0
2,Bihar,911,Shahabad,1988,-1.0,182.0,242.2,-1.0,-1.0,209.8,-1.0,257.2,603.4,584.6,-1.0,-1.0,692.7,-1.0,507.4,365.4,-1.0
2,Bihar,911,Shahabad,1990,-1.0,198.7,331.2,-1.0,288.0,-1.0,-1.0,291.9,697.9,783.7,-1.0,-1.0,1051.7,-1.0,816.4,597.8,-1.0
2,Bihar,911,Shahabad,1991,-1.0,321.3,391.8,-1.0,-1.0,-1.0,-1.0,364.0,561.5,835.5,-1.0,-1.0,1106.8,-1.0,882.3,559.0,-1.0
2,Bihar,911,Shahabad,1992,-1.0,292.4,382.3,-1.0,-1.0,-1.0,-1.0,346.6,832.8,830.8,-1.0,-1.0,889.2,-1.0,855.8,585.5,-1.0
2,Bihar,911,Shahabad,1993,-1.0,328.2,395.4,-1.0,-1.0,-1.0,-1.0,390.2,1025.2,1001.3,-1.0,-1.0,1007.0,-1.0,967.0,741.3,-1.0
2,Bihar,911,Shahabad,1994,-1.0,347.9,389.3,-1.0,-1.0,-1.0,-1.0,381.2,969.8,1160.6,-1.0,-1.0,1073.2,-1.0,1003.0,773.9,-1.0
2,Bihar,912,Gaya,1966,-1.0,98.8,117.5,-1.0,-1.0,85.2,72.9,87.5,123.5,87.0,152.1,178.3,185.0,-1.0,-1.0,100.8,-1.0
2,Bihar,912,Gaya,1967,-1.0,97.1,91.0,-1.0,-1.0,95.6,76.0,74.6,108.5,93.7,157.9,270.6,152.1,-1.0,-1.0,159.5,-1.0
2,Bihar,912,Gaya,1968,-1.0,57.9,99.6,-1.0,-1.0,78.6,65.5,70.8,90.2,84.6,103.2,153.4,150.7,-1.0,-1.0,108.7,-1.0
2,Bihar,912,Gaya,1969,-1.0,60.4,104.4,-1.0,-1.0,72.0,63.6,71.7,96.3,94.6,155.0,124.5,183.8,-1.0,-1.0,62.8,-1.0
2,Bihar,912,Gaya,1970,-1.0,65.0,97.0,-1.0,-1.0,69.0,65.7,61.0,87.0,89.0,134.0,168.0,211.0,-1.0,-1.0,86.0,-1.0
2,Bihar,912,Gaya,1971,-1.0,64.0,93.2,-1.0,-1.0,73.4,68.0,70.6,93.3,114.2,124.5,141.3,193.3,-1.0,-1.0,110.0,-1.0
2,Bihar,912,Gaya,1972,-1.0,77.7,116.0,-1.0,-1.0,96.0,96.0,89.7,117.2,133.6,180.7,195.7,214.0,-1.0,-1.0,144.6,-1.0
2,Bihar,912,Gaya,1973,-1.0,112.8,196.0,-1.0,-1.0,116.1,99.6,141.7,212.0,177.0,224.1,327.7,359.6,-1.0,-1.0,171.3,-1.0
2,Bihar,912,Gaya,1974,-1.0,116.9,144.0,-1.0,-1.0,182.9,129.0,126.0,178.1,160.5,199.6,351.0,245.3,-1.0,-1.0,182.4,-1.0
2,Bihar,912,Gaya,1975,-1.0,90.5,109.4,-1.0,-1.0,123.8,129.0,94.5,142.2,160.5,183.0,319.8,180.7,-1.0,-1.0,161.7,-1.0
2,Bihar,912,Gaya,1976,-1.0,88.9,120.7,-1.0,-1.0,86.7,76.2,95.6,151.1,169.4,227.3,312.7,429.8,-1.0,-1.0,168.1,-1.0
2,Bihar,912,Gaya,1977,-1.0,91.0,112.2,-1.0,-1.0,115.8,90.9,90.5,185.9,101.0,232.8,376.0,385.8,-1.0,-1.0,188.7,-1.0
2,Bihar,912,Gaya,1978,-1.0,88.9,116.3,-1.0,-1.0,114.2,94.4,87.6,215.6,246.2,224.4,269.6,410.5,-1.0,-1.0,154.1,-1.0
2,Bihar,912,Gaya,1979,-1.0,106.6,135.8,-1.0,-1.0,127.6,109.7,104.1,253.3,259.0,278.0,402.1,432.2,-1.0,-1.0,257.6,-1.0
2,Bihar,912,Gaya,1980,-1.0,131.6,159.7,-1.0,-1.0,129.2,118.3,131.9,326.2,289.0,333.5,531.5,548.8,-1.0,-1.0,325.3,-1.0
2,Bihar,912,Gaya,1981,-1.0,122.2,186.2,-1.0,-1.0,134.2,121.4,137.7,317.2,279.1,373.1,488.1,563.8,-1.0,-1.0,270.0,-1.0
2,Bihar,912,Gaya,1982,-1.0,159.1,215.1,-1.0,-1.0,155.6,136.9,173.6,315.4,318.9,389.9,443.6,516.8,-1.0,-1.0,223.6,-1.0
2,Bihar,912,Gaya,1983,-1.0,197.9,174.4,-1.0,-1.0,186.3,168.6,139.0,354.8,334.5,475.8,570.1,529.0,-1.0,-1.0,296.3,-1.0
2,Bihar,912,Gaya,1984,-1.0,141.8,174.7,-1.0,-1.0,162.7,151.9,152.9,399.4,348.3,469.6,542.2,542.4,-1.0,-1.0,327.0,-1.0
2,Bihar,912,Gaya,1985,-1.0,166.5,180.1,-1.0,-1.0,170.5,154.0,165.8,387.0,385.4,432.1,542.5,543.0,-1.0,-1.0,376.7,-1.0
2,Bihar,912,Gaya,1986,-1.0,143.4,198.8,-1.0,-1.0,180.0,164.0,165.9,334.9,377.5,-1.0,-1.0,590.9,-1.0,447.5,377.3,-1.0
2,Bihar,912,Gaya,1987,-1.0,174.3,231.8,-1.0,-1.0,195.2,189.8,196.7,420.3,414.6,-1.0,1076.3,817.6,-1.0,636.5,385.5,-1.0
2,Bihar,912,Gaya,1988,-1.0,176.0,263.1,-1.0,-1.0,172.1,189.5,189.7,596.0,541.2,-1.0,-1.0,685.5,-1.0,610.0,397.4,-1.0
2,Bihar,912,Gaya,1989,-1.0,406.8,235.0,-1.0,-1.0,208.5,181.0,226.2,603.4,607.2,-1.0,-1.0,697.9,-1.0,606.2,506.8,-1.0
2,Bihar,912,Gaya,1990,-1.0,198.9,307.5,-1.0,-1.0,222.2,196.3,290.1,674.8,725.6,1092.2,-1.0,1237.6,-1.0,980.5,538.3,-1.0
2,Bihar,912,Gaya,1991,-1.0,293.4,422.5,-1.0,-1.0,316.7,235.6,330.0,669.6,818.8,1343.0,1070.0,896.3,200.0,-1.0,455.0,-1.0
2,Bihar,912,Gaya,1992,-1.0,261.4,339.6,-1.0,-1.0,285.3,237.2,368.8,819.2,839.2,-1.0,1033.4,1010.8,460.0,875.0,606.3,-1.0
2,Bihar,912,Gaya,1993,-1.0,327.3,378.2,-1.0,-1.0,311.5,243.3,334.4,950.4,900.0,-1.0,950.0,-1.0,-1.0,943.2,652.7,-1.0
2,Bihar,912,Gaya,1994,-1.0,301.7,443.1,-1.0,-1.0,215.5,315.0,408.0,907.1,1306.3,-1.0,-1.0,1205.0,-1.0,1287.5,540.0,-1.0
2,Bihar,912,Gaya,1995,-1.0,319.0,496.0,-1.0,-1.0,368.0,316.0,318.0,1022.0,1254.0,-1.0,1440.0,1048.0,825.0,1017.0,900.0,-1.0
2,Bihar,912,Gaya,1996,-1.0,787.0,491.0,-1.0,602.0,384.0,-1.0,388.0,1153.0,1686.0,-1.0,1231.0,1153.0,950.0,1066.0,745.0,-1.0
2,Bihar,912,Gaya,1997,-1.0,799.0,499.0,-1.0,-1.0,395.0,358.0,429.0,1283.0,-1.0,-1.0,-1.0,1150.0,983.0,-1.0,925.0,-1.0
2,Bihar,912,Gaya,1998,-1.0,-1.0,514.0,-1.0,-1.0,380.0,420.0,278.0,1311.0,1456.0,-1.0,-1.0,-1.0,956.0,1366.0,987.0,-1.0
2,Bihar,912,Gaya,1999,-1.0,-1.0,531.0,-1.0,567.0,457.0,408.0,-1.0,1342.0,1448.0,-1.0,-1.0,1449.0,926.0,-1.0,913.0,-1.0
2,Bihar,912,Gaya,2000,-1.0,-1.0,541.0,-1.0,-1.0,356.0,397.0,334.0,1568.0,1550.0,-1.0,-1.0,-1.0,-1.0,-1.0,1056.0,-1.0
2,Bihar,912,Gaya,2001,-1.0,-1.0,515.0,-1.0,-1.0,366.0,365.0,389.0,1629.0,1516.0,1430.0,-1.0,1488.0,-1.0,1416.0,1060.0,-1.0
2,Bihar,912,Gaya,2002,-1.0,-1.0,508.0,-1.0,-1.0,397.0,327.0,400.0,1663.0,1581.0,1363.0,-1.0,1530.0,-1.0,-1.0,-1.0,-1.0
2,Bihar,912,Gaya,2003,-1.0,-1.0,566.0,-1.0,-1.0,403.0,354.0,-1.0,1710.0,-1.0,-1.0,1931.0,-1.0,-1.0,-1.0,980.0,-1.0
2,Bihar,912,Gaya,2004,-1.0,401.5,599.0,-1.0,-1.0,431.5,382.0,446.0,1655.0,1650.0,-1.0,1778.3,1607.0,-1.0,1420.0,-1.0,-1.0
2,Bihar,912,Gaya,2006,-1.0,476.0,-1.0,-1.0,-1.0,514.0,-1.0,-1.0,-1.0,-1.0,-1.0,1924.0,1863.0,-1.0,-1.0,-1.0,-1.0
2,Bihar,912,Gaya,2007,-1.0,319.5,929.0,-1.0,-1.0,575.0,-1.0,-1.0,2234.0,2019.0,-1.0,2175.3,-1.0,-1.0,-1.0,-1.0,-1.0
2,Bihar,912,Gaya,2008,-1.0,632.5,951.0,-1.0,-1.0,615.7,-1.0,-1.0,2255.0,2241.0,-1.0,2510.7,-1.0,-1.0,-1.0,-1.0,-1.0
2,Bihar,912,Gaya,2009,-1.0,-1.0,1035.0,-1.0,-1.0,-1.0,-1.0,-1.0,-1.0,-1.0,-1.0,-1.0,-1.0,-1.0,-1.0,-1.0,-1.0
2,Bihar,912,Gaya,2010,-1.0,846.0,1047.0,-1.0,806.0,845.0,725.0,792.0,2401.0,3216.0,-1.0,3776.5,2641.0,-1.0,2172.0,2889.0,-1.0
2,Bihar,912,Gaya,2011,-1.0,880.5,1050.0,733.0,834.0,924.0,795.0,838.0,2524.0,3260.0,5500.0,4149.0,3036.0,-1.0,2451.0,3031.0,-1.0
2,Bihar,913,Hazaribagh,1966,-1.0,99.5,143.1,-1.0,-1.0,84.4,78.6,129.0,137.4,116.5,121.0,213.8,190.6,-1.0,-1.0,108.7,-1.0
2,Bihar,913,Hazaribagh,1967,-1.0,92.4,83.7,-1.0,-1.0,84.3,69.5,78.3,108.5,107.9,109.2,159.5,126.2,-1.0,-1.0,186.7,-1.0
2,Bihar,913,Hazaribagh,1968,-1.0,50.0,100.2,-1.0,-1.0,80.3,61.0,74.9,82.0,76.8,91.3,154.6,145.9,-1.0,-1.0,120.2,-1.0
2,Bihar,913,Hazaribagh,1969,-1.0,60.0,111.5,-1.0,-1.0,61.7,55.1,86.1,103.4,98.8,130.0,119.1,153.9,-1.0,-1.0,76.4,-1.0
2,Bihar,913,Hazaribagh,1970,-1.0,67.4,101.8,-1.0,-1.0,53.5,43.8,72.5,98.3,92.4,134.0,170.5,167.5,-1.0,-1.0,94.6,-1.0
2,Bihar,913,Hazaribagh,1971,-1.0,56.3,90.0,-1.0,-1.0,75.0,50.0,50.0,112.0,172.0,100.0,128.8,250.0,-1.0,-1.0,100.0,-1.0
2,Bihar,913,Hazaribagh,1972,-1.0,75.0,115.0,-1.0,-1.0,78.0,60.0,105.0,110.0,192.5,150.0,225.0,195.0,-1.0,-1.0,190.8,-1.0
2,Bihar,913,Hazaribagh,1973,-1.0,140.0,190.5,-1.0,-1.0,100.0,75.9,190.0,244.2,197.0,300.0,350.0,456.7,-1.0,-1.0,125.0,-1.0
2,Bihar,913,Hazaribagh,1974,-1.0,110.0,153.0,-1.0,-1.0,170.3,173.2,125.0,226.5,215.0,370.0,425.0,295.3,-1.0,-1.0,150.0,-1.0
2,Bihar,913,Hazaribagh,1975,-1.0,85.2,116.3,-1.0,-1.0,115.2,173.2,93.7,180.8,215.0,339.2,387.2,217.5,-1.0,-1.0,133.0,-1.0
2,Bihar,913,Hazaribagh,1976,-1.0,107.5,133.7,-1.0,-1.0,142.9,92.2,125.0,171.3,250.9,207.3,379.3,266.7,-1.0,-1.0,181.8,-1.0
2,Bihar,913,Hazaribagh,1977,-1.0,102.5,135.4,-1.0,-1.0,119.1,105.3,125.0,220.0,325.0,270.0,366.2,300.0,-1.0,-1.0,162.3,-1.0
2,Bihar,913,Hazaribagh,1978,-1.0,85.7,122.9,-1.0,-1.0,103.8,97.4,88.0,223.3,296.7,342.8,370.1,337.2,-1.0,-1.0,159.8,-1.0
2,Bihar,913,Hazaribagh,1979,-1.0,126.9,151.0,-1.0,-1.0,127.6,104.3,110.0,250.0,302.4,365.2,462.5,441.6,-1.0,-1.0,252.3,-1.0
2,Bihar,913,Hazaribagh,1980,-1.0,115.1,174.0,-1.0,-1.0,144.1,120.0,137.9,350.0,365.9,517.2,831.9,512.2,-1.0,-1.0,304.5,-1.0
2,Bihar,913,Hazaribagh,1981,-1.0,144.0,205.0,-1.0,-1.0,164.6,130.3,160.0,350.0,341.4,511.1,507.2,750.0,-1.0,-1.0,250.0,-1.0
2,Bihar,913,Hazaribagh,1982,-1.0,171.1,247.7,-1.0,-1.0,195.2,173.9,152.9,342.4,452.9,486.3,482.3,720.1,-1.0,-1.0,227.9,-1.0
2,Bihar,913,Hazaribagh,1983,-1.0,191.6,190.2,-1.0,-1.0,188.3,189.3,146.6,390.0,388.3,589.1,545.1,620.0,-1.0,-1.0,255.0,-1.0
2,Bihar,913,Hazaribagh,1984,-1.0,164.9,195.8,-1.0,-1.0,211.8,182.2,175.9,441.6,373.0,618.6,600.0,545.8,-1.0,-1.0,355.5,-1.0
2,Bihar,913,Hazaribagh,1985,-1.0,176.1,191.9,-1.0,-1.0,191.0,173.9,158.6,472.7,396.1,559.4,544.5,508.9,-1.0,-1.0,444.2,-1.0
2,Bihar,913,Hazaribagh,1986,-1.0,162.5,220.0,210.2,-1.0,150.0,160.0,190.0,400.0,450.0,-1.0,700.0,600.0,-1.0,500.0,400.0,-1.0
2,Bihar,913,Hazaribagh,1987,-1.0,157.5,275.0,-1.0,-1.0,200.0,180.0,275.0,480.0,650.0,-1.0,1000.0,750.0,-1.0,700.0,400.0,-1.0
2,Bihar,913,Hazaribagh,1988,-1.0,200.0,216.7,-1.0,-1.0,175.0,210.0,110.0,520.0,670.0,-1.0,871.1,750.0,-1.0,700.0,400.0,-1.0
2,Bihar,913,Hazaribagh,1989,-1.0,383.3,282.0,-1.0,-1.0,170.0,215.0,236.1,-1.0,-1.0,-1.0,-1.0,-1.0,-1.0,680.0,535.5,-1.0
2,Bihar,913,Hazaribagh,1990,-1.0,188.0,320.0,-1.0,-1.0,200.5,300.0,255.0,950.0,1025.0,-1.0,-1.0,1600.0,-1.0,680.0,685.0,-1.0
2,Bihar,913,Hazaribagh,1991,-1.0,265.0,442.0,-1.0,-1.0,312.5,150.0,336.0,-1.0,-1.0,1207.0,-1.0,1100.0,-1.0,800.0,536.0,-1.0
2,Bihar,913,Hazaribagh,1992,-1.0,323.5,-1.0,-1.0,-1.0,375.0,-1.0,-1.0,900.0,-1.0,850.0,-1.0,-1.0,-1.0,-1.0,585.0,-1.0
2,Bihar,913,Hazaribagh,1993,-1.0,320.5,390.0,-1.0,-1.0,322.5,320.0,400.0,-1.0,900.0,1100.0,-1.0,1100.0,-1.0,900.0,-1.0,-1.0
2,Bihar,913,Hazaribagh,1994,-1.0,309.7,423.9,467.8,-1.0,354.2,425.0,335.0,1044.4,-1.0,-1.0,1555.4,1233.3,-1.0,966.7,822.2,-1.0
2,Bihar,913,Hazaribagh,1995,-1.0,603.0,400.0,-1.0,-1.0,-1.0,350.0,390.0,1042.0,-1.0,-1.0,-1.0,-1.0,-1.0,1022.0,956.0,-1.0
2,Bihar,913,Hazaribagh,1998,-1.0,-1.0,558.0,-1.0,-1.0,398.0,-1.0,-1.0,1181.0,1488.0,-1.0,-1.0,-1.0,-1.0,1147.0,951.0,-1.0
2,Bihar,913,Hazaribagh,1999,-1.0,-1.0,522.0,-1.0,567.0,-1.0,-1.0,-1.0,1250.0,-1.0,-1.0,-1.0,-1.0,-1.0,1006.0,913.0,-1.0
2,Bihar,914,Dhanbad,1966,-1.0,92.7,129.0,-1.0,-1.0,84.1,56.2,101.7,127.5,112.9,100.0,213.8,184.5,-1.0,-1.0,108.8,-1.0
2,Bihar,914,Dhanbad,1967,-1.0,70.8,116.8,-1.0,-1.0,110.7,72.1,120.7,118.0,106.8,109.2,140.9,146.9,-1.0,-1.0,188.8,-1.0
2,Bihar,914,Dhanbad,1968,-1.0,52.0,110.0,-1.0,-1.0,66.2,43.0,68.8,91.0,110.0,84.2,221.0,110.0,-1.0,-1.0,179.5,-1.0
2,Bihar,914,Dhanbad,1969,-1.0,49.9,143.0,-1.0,-1.0,66.1,74.0,62.4,108.0,95.0,80.0,244.9,135.0,-1.0,-1.0,76.4,-1.0
2,Bihar,914,Dhanbad,1970,-1.0,71.3,103.3,-1.0,-1.0,74.7,71.7,63.1,91.4,104.0,56.6,306.0,148.5,-1.0,-1.0,94.6,-1.0
2,Bihar,914,Dhanbad,1971,-1.0,61.3,112.0,-1.0,-1.0,99.5,81.7,73.2,100.2,81.0,102.2,320.8,160.8,-1.0,-1.0,100.0,-1.0
2,Bihar,914,Dhanbad,1972,-1.0,70.0,125.4,-1.0,-1.0,82.0,58.6,99.9,128.0,109.6,148.3,350.9,232.8,-1.0,-1.0,190.8,-1.0
2,Bihar,914,Dhanbad,1973,-1.0,83.0,250.0,-1.0,-1.0,123.5,80.0,200.0,262.5,225.0,305.0,425.7,300.0,-1.0,-1.0,180.0,-1.0
2,Bihar,914,Dhanbad,1974,-1.0,160.0,200.0,-1.0,-1.0,165.0,145.0,200.0,262.0,200.0,330.1,460.0,500.0,-1.0,-1.0,210.0,-1.0
2,Bihar,914,Dhanbad,1975,-1.0,123.9,152.0,-1.0,-1.0,111.6,145.0,150.0,209.2,200.0,302.6,419.1,368.3,-1.0,-1.0,186.2,-1.0
2,Bihar,914,Dhanbad,1976,-1.0,126.0,140.0,-1.0,-1.0,115.0,85.0,88.2,153.0,205.0,209.9,302.1,329.2,-1.0,-1.0,205.0,-1.0
2,Bihar,914,Dhanbad,1977,-1.0,180.0,135.0,-1.0,-1.0,140.0,70.0,92.7,210.0,350.0,232.8,360.5,425.0,-1.0,-1.0,144.1,-1.0
2,Bihar,914,Dhanbad,1978,-1.0,85.0,145.0,-1.0,-1.0,150.0,75.0,94.5,225.0,375.0,430.9,354.6,331.3,-1.0,-1.0,135.9,-1.0
2,Bihar,914,Dhanbad,1979,-1.0,130.0,160.0,-1.0,-1.0,175.0,120.0,100.5,280.0,255.1,538.3,380.0,397.2,-1.0,-1.0,195.0,-1.0
2,Bihar,914,Dhanbad,1980,-1.0,132.5,175.0,-1.0,-1.0,178.0,150.0,125.8,390.0,480.0,652.8,430.0,450.1,-1.0,-1.0,300.0,-1.0
2,Bihar,914,Dhanbad,1981,-1.0,135.0,190.0,-1.0,-1.0,180.0,150.0,133.3,350.0,475.0,723.9,510.6,447.1,-1.0,-1.0,245.5,-1.0
2,Bihar,914,Dhanbad,1982,-1.0,136.0,200.0,-1.0,-1.0,171.6,152.0,167.5,350.0,460.0,743.2,424.9,448.9,-1.0,-1.0,213.5,-1.0
2,Bihar,914,Dhanbad,1983,-1.0,145.0,220.0,-1.0,-1.0,183.6,155.0,135.1,400.0,470.0,853.2,591.0,479.6,-1.0,-1.0,263.1,-1.0
2,Bihar,914,Dhanbad,1984,-1.0,175.0,230.0,-1.0,-1.0,225.0,164.9,141.4,450.0,480.0,893.4,544.3,487.2,-1.0,-1.0,296.7,-1.0
2,Bihar,914,Dhanbad,1985,-1.0,170.0,230.0,-1.0,-1.0,250.0,144.7,147.7,400.0,500.0,824.5,517.0,472.1,-1.0,-1.0,349.0,-1.0
2,Bihar,914,Dhanbad,1986,-1.0,203.0,240.0,-1.0,-1.0,260.0,-1.0,-1.0,500.0,700.0,-1.0,-1.0,-1.0,-1.0,-1.0,500.0,-1.0
2,Bihar,914,Dhanbad,1987,-1.0,250.0,260.0,-1.0,-1.0,-1.0,-1.0,-1.0,550.0,750.0,-1.0,-1.0,-1.0,-1.0,-1.0,-1.0,-1.0
2,Bihar,914,Dhanbad,1988,-1.0,208.7,216.7,-1.0,-1.0,-1.0,-1.0,-1.0,-1.0,670.0,-1.0,-1.0,-1.0,-1.0,-1.0,450.0,-1.0
2,Bihar,914,Dhanbad,1989,-1.0,-1.0,220.0,-1.0,-1.0,300.0,-1.0,-1.0,-1.0,-1.0,-1.0,-1.0,-1.0,-1.0,-1.0,-1.0,-1.0
2,Bihar,914,Dhanbad,1990,-1.0,250.0,320.0,-1.0,-1.0,320.0,-1.0,-1.0,775.0,845.0,-1.0,-1.0,-1.0,-1.0,-1.0,650.0,-1.0
2,Bihar,914,Dhanbad,1991,-1.0,265.0,350.0,-1.0,-1.0,325.0,-1.0,-1.0,-1.0,850.0,-1.0,-1.0,-1.0,-1.0,-1.0,-1.0,-1.0
2,Bihar,914,Dhanbad,1992,-1.0,275.0,482.2,-1.0,-1.0,413.4,-1.0,-1.0,800.0,860.0,-1.0,-1.0,-1.0,-1.0,-1.0,-1.0,-1.0
2,Bihar,914,Dhanbad,1993,-1.0,373.5,395.0,-1.0,-1.0,400.0,-1.0,-1.0,1100.0,1000.0,-1.0,-1.0,-1.0,-1.0,-1.0,-1.0,-1.0
2,Bihar,914,Dhanbad,1994,-1.0,373.8,454.0,-1.0,-1.0,-1.0,475.0,-1.0,1112.2,1075.0,-1.0,-1.0,-1.0,-1.0,-1.0,-1.0,-1.0
2,Bihar,914,Dhanbad,1995,-1.0,427.0,453.0,-1.0,-1.0,384.0,489.0,-1.0,1142.0,-1.0,-1.0,-1.0,-1.0,-1.0,-1.0,-1.0,-1.0
2,Bihar,914,Dhanbad,1998,-1.0,-1.0,639.0,-1.0,-1.0,398.0,-1.0,-1.0,1330.0,-1.0,-1.0,-1.0,-1.0,-1.0,-1.0,-1.0,-1.0
2,Bihar,914,Dhanbad,1999,-1.0,-1.0,586.0,-1.0,567.0,457.0,-1.0,-1.0,1351.0,-1.0,-1.0,-1.0,-1.0,-1.0,-1.0,913.0,-1.0
2,Bihar,915,Palamau,1966,-1.0,97.7,166.9,-1.0,-1.0,75.0,80.0,92.0,103.1,91.6,110.8,149.0,174.8,-1.0,-1.0,91.1,-1.0
2,Bihar,915,Palamau,1967,-1.0,65.8,84.3,-1.0,-1.0,74.2,87.0,72.0,111.0,86.3,115.0,135.1,131.0,-1.0,-1.0,188.8,-1.0
2,Bihar,915,Palamau,1968,-1.0,59.9,96.6,-1.0,-1.0,65.0,66.1,65.8,91.5,70.0,105.3,119.5,143.2,-1.0,-1.0,92.3,-1.0
2,Bihar,915,Palamau,1969,-1.0,63.2,99.0,-1.0,-1.0,46.8,61.9,70.0,95.0,72.0,105.5,151.3,162.0,-1.0,-1.0,67.2,-1.0
2,Bihar,915,Palamau,1970,-1.0,57.0,89.0,-1.0,-1.0,48.0,44.0,55.5,77.0,66.3,116.0,184.9,155.6,-1.0,-1.0,85.5,-1.0
2,Bihar,915,Palamau,1971,-1.0,58.0,98.0,-1.0,-1.0,62.1,44.0,61.0,86.0,62.9,104.0,180.0,136.0,-1.0,-1.0,121.0,-1.0
2,Bihar,915,Palamau,1972,-1.0,71.0,130.0,-1.0,-1.0,70.0,82.0,100.0,127.0,121.0,135.0,199.0,184.0,-1.0,-1.0,137.0,-1.0
2,Bihar,915,Palamau,1973,-1.0,102.0,190.0,-1.0,-1.0,87.0,101.0,156.0,191.0,150.0,153.0,212.0,305.0,-1.0,-1.0,192.0,-1.0
2,Bihar,915,Palamau,1974,-1.0,126.0,163.0,-1.0,-1.0,183.0,174.0,134.0,179.0,160.0,154.0,266.4,238.0,-1.0,-1.0,190.0,-1.0
2,Bihar,915,Palamau,1975,-1.0,97.6,123.9,-1.0,-1.0,123.8,174.0,100.5,142.9,160.0,141.2,242.7,175.3,-1.0,-1.0,168.5,-1.0
2,Bihar,915,Palamau,1976,-1.0,75.9,120.1,-1.0,-1.0,82.5,84.2,88.2,150.4,186.7,188.4,274.0,329.2,-1.0,-1.0,177.5,-1.0
2,Bihar,915,Palamau,1977,-1.0,115.0,150.0,-1.0,-1.0,121.0,90.0,100.0,175.0,175.0,219.0,357.0,270.0,-1.0,-1.0,177.5,-1.0
2,Bihar,915,Palamau,1978,-1.0,100.0,125.0,-1.0,-1.0,100.0,95.0,90.0,190.0,190.0,225.0,350.0,350.0,-1.0,-1.0,162.0,-1.0
2,Bihar,915,Palamau,1979,-1.0,125.0,150.0,-1.0,-1.0,125.0,100.0,140.0,300.0,250.0,281.1,375.0,450.0,-1.0,-1.0,200.0,-1.0
2,Bihar,915,Palamau,1980,-1.0,125.0,175.0,-1.0,-1.0,125.0,150.0,150.0,300.0,265.0,340.9,475.0,450.0,-1.0,-1.0,325.0,-1.0
2,Bihar,915,Palamau,1981,-1.0,125.0,200.0,-1.0,-1.0,125.0,125.0,150.0,300.0,275.0,378.0,450.0,450.0,-1.0,-1.0,300.0,-1.0
2,Bihar,915,Palamau,1982,-1.0,135.0,220.0,-1.0,-1.0,135.0,130.0,230.0,240.0,350.0,388.1,400.0,450.0,-1.0,-1.0,230.0,-1.0
2,Bihar,915,Palamau,1983,-1.0,150.0,167.8,-1.0,-1.0,175.0,150.0,135.1,313.3,328.6,445.6,600.0,479.6,-1.0,-1.0,275.0,-1.0
2,Bihar,915,Palamau,1984,-1.0,175.0,180.0,-1.0,-1.0,200.0,150.0,150.0,400.0,400.0,466.5,525.0,500.0,-1.0,-1.0,296.7,-1.0
2,Bihar,915,Palamau,1985,-1.0,150.0,170.0,-1.0,-1.0,175.0,150.0,176.0,400.0,400.0,430.6,550.0,472.1,-1.0,-1.0,375.0,-1.0
2,Bihar,915,Palamau,1986,-1.0,163.0,166.0,-1.0,-1.0,200.0,-1.0,165.0,341.0,360.0,-1.0,-1.0,535.0,-1.0,425.0,410.0,-1.0
2,Bihar,915,Palamau,1987,-1.0,225.0,-1.0,-1.0,-1.0,195.0,200.0,-1.0,-1.0,-1.0,-1.0,-1.0,-1.0,-1.0,-1.0,400.0,-1.0
2,Bihar,915,Palamau,1988,-1.0,190.6,280.0,-1.0,-1.0,210.0,-1.0,225.0,675.0,600.0,-1.0,675.0,650.0,-1.0,550.0,462.2,-1.0
2,Bihar,915,Palamu,1989,-1.0,450.0,230.0,-1.0,-1.0,250.0,-1.0,230.0,650.0,650.0,-1.0,700.0,680.0,-1.0,575.0,-1.0,-1.0
2,Bihar,915,Palamau,1990,-1.0,275.0,350.0,-1.0,-1.0,300.0,264.0,230.0,650.0,700.0,1000.0,1100.0,1200.0,-1.0,700.0,650.0,-1.0
2,Bihar,915,Palamau,1991,-1.0,260.0,375.0,-1.0,-1.0,-1.0,-1.0,350.0,-1.0,750.0,900.0,1200.0,1200.0,-1.0,600.0,650.0,-1.0
2,Bihar,915,Palamau,1992,-1.0,300.0,-1.0,-1.0,-1.0,-1.0,-1.0,350.0,890.0,750.0,1000.0,1200.0,950.0,-1.0,750.0,650.0,-1.0
2,Bihar,915,Palamau,1993,-1.0,310.0,317.0,363.0,-1.0,-1.0,270.0,302.0,936.0,906.0,1114.0,951.0,870.0,615.0,860.0,660.0,-1.0
2,Bihar,915,Palamau,1994,-1.0,296.2,398.4,-1.0,200.0,274.0,270.0,399.8,912.7,1143.0,-1.0,1040.5,872.3,-1.0,1058.7,890.0,-1.0
2,Bihar,915,Palamau,1995,-1.0,629.0,443.0,-1.0,-1.0,329.0,270.0,390.0,947.0,1213.0,-1.0,-1.0,-1.0,825.0,-1.0,831.0,-1.0
2,Bihar,915,Palamau,1998,-1.0,-1.0,772.0,-1.0,-1.0,398.0,400.0,507.0,1361.0,1414.0,-1.0,1577.0,-1.0,-1.0,1224.0,-1.0,-1.0
2,Bihar,915,Palamau,1999,-1.0,-1.0,586.0,-1.0,567.0,457.0,-1.0,500.0,1351.0,-1.0,-1.0,-1.0,-1.0,-1.0,-1.0,913.0,-1.0
2,Bihar,916,Ranchi,1966,-1.0,91.2,128.3,-1.0,-1.0,79.6,66.0,132.7,134.0,116.6,104.6,152.1,152.8,-1.0,-1.0,109.9,-1.0
2,Bihar,916,Ranchi,1967,-1.0,91.9,123.5,-1.0,-1.0,102.6,99.0,114.2,141.5,120.7,106.4,228.2,161.3,-1.0,-1.0,222.3,-1.0
2,Bihar,916,Ranchi,1968,-1.0,58.9,109.4,-1.0,-1.0,69.1,63.6,103.9,115.8,96.2,100.2,130.1,143.0,-1.0,-1.0,142.8,-1.0
2,Bihar,916,Ranchi,1969,-1.0,60.0,107.5,-1.0,-1.0,61.0,61.0,104.0,111.5,102.9,105.7,122.8,163.8,-1.0,-1.0,88.1,-1.0
2,Bihar,916,Ranchi,1970,-1.0,66.2,109.9,-1.0,-1.0,72.1,62.4,97.5,111.8,116.7,119.7,234.2,183.0,-1.0,-1.0,109.0,-1.0
2,Bihar,916,Ranchi,1971,-1.0,56.3,89.2,-1.0,-1.0,71.7,71.7,113.2,108.1,118.0,122.4,210.0,246.0,-1.0,-1.0,152.4,-1.0
2,Bihar,916,Ranchi,1972,-1.0,75.0,130.0,-1.0,-1.0,118.9,85.3,154.5,135.0,164.0,177.7,229.7,135.0,-1.0,-1.0,190.8,-1.0
2,Bihar,916,Ranchi,1973,-1.0,103.0,200.0,-1.0,-1.0,82.5,73.3,240.4,175.0,160.0,159.5,278.7,340.0,-1.0,-1.0,102.0,-1.0
2,Bihar,916,Ranchi,1974,-1.0,125.3,150.0,-1.0,-1.0,175.0,148.8,197.1,190.0,170.0,200.0,350.1,216.0,-1.0,-1.0,200.0,-1.0
2,Bihar,916,Ranchi,1975,-1.0,97.0,114.0,-1.0,-1.0,118.4,148.8,147.8,151.7,170.0,183.3,319.0,159.1,-1.0,-1.0,177.4,-1.0
2,Bihar,916,Ranchi,1976,-1.0,125.0,130.0,-1.0,-1.0,100.0,118.0,110.0,180.0,200.0,225.0,302.1,329.2,-1.0,-1.0,190.0,-1.0
2,Bihar,916,Ranchi,1977,-1.0,125.0,130.0,-1.0,-1.0,100.0,110.0,120.0,215.0,275.0,225.0,360.5,350.0,-1.0,-1.0,160.0,-1.0
2,Bihar,916,Ranchi,1978,-1.0,100.0,115.5,-1.0,-1.0,80.0,75.0,94.5,215.8,251.1,200.0,450.0,331.3,-1.0,-1.0,100.0,-1.0
2,Bihar,916,Ranchi,1979,-1.0,80.0,147.0,-1.0,-1.0,69.0,69.0,100.5,239.0,245.0,249.9,402.1,390.0,-1.0,-1.0,262.7,-1.0
2,Bihar,916,Ranchi,1980,-1.0,89.0,190.0,-1.0,-1.0,104.0,125.0,125.0,390.0,350.0,303.0,531.5,550.0,-1.0,-1.0,218.0,-1.0
2,Bihar,916,Ranchi,1981,-1.0,100.0,220.0,-1.0,-1.0,150.0,140.0,133.3,307.8,300.0,336.0,500.0,500.0,-1.0,-1.0,245.5,-1.0
2,Bihar,916,Ranchi,1982,-1.0,125.0,240.0,-1.0,-1.0,150.0,150.0,167.5,250.0,300.0,345.0,424.9,500.0,-1.0,-1.0,213.5,-1.0
2,Bihar,916,Ranchi,1983,-1.0,157.6,183.2,-1.0,-1.0,168.1,158.3,135.1,322.6,416.1,792.2,594.2,491.2,-1.0,-1.0,262.7,-1.0
2,Bihar,916,Ranchi,1984,-1.0,168.3,181.3,-1.0,-1.0,169.3,164.9,153.5,450.9,384.3,812.7,544.3,528.5,-1.0,-1.0,296.7,-1.0
2,Bihar,916,Ranchi,1985,-1.0,131.8,202.8,-1.0,-1.0,157.1,122.7,145.9,489.7,446.3,757.0,517.0,487.8,-1.0,-1.0,381.1,-1.0
2,Bihar,916,Ranchi,1986,-1.0,148.4,200.0,-1.0,-1.0,163.0,149.9,200.0,387.7,439.2,-1.0,-1.0,766.6,-1.0,515.0,450.0,-1.0
2,Bihar,916,Ranchi,1987,-1.0,169.2,209.4,-1.0,-1.0,-1.0,155.8,250.0,439.4,608.9,-1.0,-1.0,752.6,-1.0,575.5,460.7,-1.0
2,Bihar,916,Ranchi,1988,-1.0,153.3,275.7,-1.0,-1.0,209.1,193.3,253.4,749.6,644.5,-1.0,871.1,644.5,-1.0,527.8,442.0,-1.0
2,Bihar,916,Ranchi,1989,-1.0,-1.0,250.0,-1.0,-1.0,-1.0,129.3,-1.0,-1.0,-1.0,-1.0,748.3,-1.0,-1.0,-1.0,427.8,-1.0
2,Bihar,916,Ranchi,1990,-1.0,272.0,300.0,-1.0,-1.0,300.0,-1.0,-1.0,900.0,1200.0,870.0,-1.0,1000.0,-1.0,-1.0,-1.0,-1.0
2,Bihar,916,Ranchi,1991,-1.0,345.9,500.0,-1.0,-1.0,203.5,-1.0,-1.0,-1.0,800.0,-1.0,-1.0,1200.0,-1.0,-1.0,461.1,-1.0
2,Bihar,916,Ranchi,1992,-1.0,363.0,380.0,-1.0,-1.0,295.0,-1.0,-1.0,-1.0,-1.0,1200.0,800.0,-1.0,-1.0,-1.0,700.0,-1.0
2,Bihar,916,Ranchi,1993,-1.0,390.0,452.8,-1.0,-1.0,331.4,-1.0,-1.0,-1.0,-1.0,-1.0,810.0,-1.0,-1.0,-1.0,750.0,-1.0
2,Bihar,916,Ranchi,1994,-1.0,355.3,-1.0,-1.0,-1.0,377.0,268.5,-1.0,1211.7,1395.6,-1.0,-1.0,-1.0,-1.0,-1.0,-1.0,-1.0
2,Bihar,916,Ranchi,1995,-1.0,691.0,487.0,-1.0,-1.0,358.0,305.0,390.0,1163.0,-1.0,-1.0,-1.0,-1.0,-1.0,-1.0,955.0,-1.0
2,Bihar,916,Ranchi,1998,-1.0,-1.0,408.0,-1.0,-1.0,398.0,-1.0,-1.0,1330.0,1488.0,-1.0,-1.0,-1.0,-1.0,1224.0,-1.0,-1.0
2,Bihar,916,Ranchi,1999,-1.0,-1.0,535.0,-1.0,567.0,457.0,-1.0,500.0,1351.0,1287.0,-1.0,-1.0,-1.0,-1.0,-1.0,913.0,-1.0
2,Bihar,917,Singhbhum,1966,-1.0,84.5,141.5,-1.0,-1.0,87.2,49.6,119.8,139.7,111.3,176.7,178.3,125.1,-1.0,-1.0,121.9,-1.0
2,Bihar,917,Singhbhum,1967,-1.0,87.5,127.4,-1.0,-1.0,124.5,45.7,97.5,121.8,119.2,109.2,194.4,221.2,-1.0,-1.0,208.8,-1.0
2,Bihar,917,Singhbhum,1968,-1.0,71.2,109.7,-1.0,-1.0,86.5,80.4,83.0,107.0,107.5,160.9,124.8,160.5,-1.0,-1.0,107.8,-1.0
2,Bihar,917,Singhbhum,1969,-1.0,66.8,106.6,-1.0,-1.0,72.6,59.5,75.4,119.5,121.6,217.3,138.3,153.1,-1.0,-1.0,88.1,-1.0
2,Bihar,917,Singhbhum,1970,-1.0,71.5,116.2,-1.0,-1.0,79.8,60.0,100.0,105.6,135.7,143.2,223.3,160.0,-1.0,-1.0,109.0,-1.0
2,Bihar,917,Singhbhum,1971,-1.0,72.4,107.0,-1.0,-1.0,120.2,68.4,116.1,119.0,155.0,167.5,150.0,243.0,-1.0,-1.0,130.0,-1.0
2,Bihar,917,Singhbhum,1972,-1.0,78.6,134.6,-1.0,-1.0,81.9,57.5,158.4,137.9,160.2,243.1,215.0,196.0,-1.0,-1.0,190.8,-1.0
2,Bihar,917,Singhbhum,1973,-1.0,102.0,213.9,-1.0,-1.0,97.8,72.7,246.5,237.8,203.3,178.0,189.1,352.9,-1.0,-1.0,211.7,-1.0
2,Bihar,917,Singhbhum,1974,-1.0,131.0,192.2,-1.0,-1.0,171.1,131.4,200.0,236.0,216.0,305.7,285.0,225.0,-1.0,-1.0,204.4,-1.0
2,Bihar,917,Singhbhum,1975,-1.0,101.4,146.1,-1.0,-1.0,115.8,131.4,150.0,188.4,216.0,280.2,259.6,165.7,-1.0,-1.0,181.2,-1.0
2,Bihar,917,Singhbhum,1976,-1.0,131.3,160.0,-1.0,-1.0,105.0,93.4,88.2,201.8,186.7,238.8,302.1,460.0,-1.0,-1.0,250.0,-1.0
2,Bihar,917,Singhbhum,1977,-1.0,124.0,130.0,-1.0,-1.0,147.0,102.3,100.0,180.0,405.0,300.0,240.0,338.1,-1.0,-1.0,225.0,-1.0
2,Bihar,917,Singhbhum,1978,-1.0,100.0,135.0,-1.0,-1.0,131.0,145.0,120.0,200.0,405.0,350.0,250.0,275.0,-1.0,-1.0,150.0,-1.0
2,Bihar,917,Singhbhum,1979,-1.0,115.0,150.0,-1.0,-1.0,150.0,155.0,100.5,300.0,375.0,437.3,450.0,350.0,-1.0,-1.0,325.0,-1.0
2,Bihar,917,Singhbhum,1980,-1.0,118.0,181.3,-1.0,-1.0,158.0,111.3,125.8,256.3,400.0,530.3,478.0,500.0,-1.0,-1.0,218.0,-1.0
2,Bihar,917,Singhbhum,1981,-1.0,125.0,220.0,-1.0,-1.0,170.0,150.0,133.3,298.0,475.0,588.0,510.6,447.1,-1.0,-1.0,245.5,-1.0
2,Bihar,917,Singhbhum,1982,-1.0,130.0,228.0,-1.0,-1.0,180.0,156.2,167.5,312.0,450.0,603.7,600.0,660.0,-1.0,-1.0,213.5,-1.0
2,Bihar,917,Singhbhum,1983,-1.0,188.0,240.0,-1.0,-1.0,195.0,220.0,135.1,324.0,448.0,693.1,647.0,479.6,-1.0,-1.0,263.1,-1.0
2,Bihar,917,Singhbhum,1984,-1.0,160.0,198.7,-1.0,-1.0,209.4,175.0,138.1,414.9,409.6,725.7,603.3,455.7,-1.0,-1.0,296.7,-1.0
2,Bihar,917,Singhbhum,1985,-1.0,181.1,188.4,-1.0,-1.0,166.8,144.7,147.7,425.3,463.2,669.8,517.0,458.3,-1.0,-1.0,349.0,-1.0
2,Bihar,917,Singhbhum,1986,-1.0,162.8,193.6,-1.0,-1.0,209.1,-1.0,-1.0,467.2,481.5,-1.0,-1.0,447.1,-1.0,454.5,-1.0,-1.0
2,Bihar,917,Singhbhum,1987,-1.0,183.9,186.6,-1.0,-1.0,221.7,-1.0,-1.0,474.7,745.4,-1.0,-1.0,765.0,-1.0,517.3,-1.0,-1.0
2,Bihar,917,Singhbhum,1988,-1.0,194.9,275.3,-1.0,-1.0,193.9,-1.0,200.0,749.6,-1.0,-1.0,700.0,-1.0,-1.0,427.2,424.4,-1.0
2,Bihar,917,Singhbhum,1989,-1.0,315.0,250.5,-1.0,200.0,-1.0,-1.0,224.0,-1.0,-1.0,-1.0,825.0,-1.0,-1.0,525.0,-1.0,-1.0
2,Bihar,917,Singhbhum,1990,-1.0,212.2,300.0,-1.0,-1.0,-1.0,-1.0,224.0,811.1,1100.0,965.0,-1.0,1277.8,-1.0,938.9,-1.0,-1.0
2,Bihar,917,Singhbhum,1991,-1.0,324.8,402.2,-1.0,-1.0,-1.0,-1.0,-1.0,-1.0,700.0,800.0,-1.0,1016.7,-1.0,750.0,593.8,-1.0
2,Bihar,917,Singhbhum,1992,-1.0,306.1,383.4,-1.0,-1.0,-1.0,-1.0,-1.0,913.9,700.0,-1.0,-1.0,-1.0,-1.0,-1.0,575.0,-1.0
2,Bihar,917,Singhbhum,1993,-1.0,314.0,435.9,-1.0,-1.0,-1.0,-1.0,-1.0,929.2,-1.0,750.0,-1.0,1216.7,-1.0,-1.0,568.8,-1.0
2,Bihar,917,Singhbhum,1994,-1.0,326.1,426.4,-1.0,-1.0,-1.0,-1.0,-1.0,928.9,1450.0,-1.0,-1.0,1213.9,-1.0,1174.5,565.7,-1.0
2,Bihar,917,Singhbhum,1995,-1.0,697.0,425.0,-1.0,-1.0,419.0,-1.0,-1.0,1022.0,-1.0,-1.0,1018.5,1244.0,-1.0,1176.5,-1.0,-1.0
2,Bihar,917,Singhbhum,1996,-1.0,777.0,486.0,-1.0,602.0,408.3,-1.0,388.0,1127.8,1342.0,-1.0,1311.4,1133.1,950.0,1163.0,815.5,-1.0
2,Bihar,917,Singhbhum,1997,-1.0,399.5,499.0,-1.0,-1.0,395.0,358.0,429.0,1283.0,-1.0,-1.0,-1.0,1149.0,983.0,1628.0,925.0,-1.0
2,Bihar,917,Singhbhum ,1998,-1.0,-1.0,635.0,-1.0,-1.0,398.0,-1.0,-1.0,1421.0,1485.5,-1.0,1577.0,-1.0,983.0,1359.5,-1.0,-1.0
2,Bihar,917,Singhbhum,1999,-1.0,-1.0,586.0,-1.0,567.0,-1.0,-1.0,-1.0,1351.0,-1.0,-1.0,-1.0,-1.0,-1.0,-1.0,913.0,-1.0
