STCODE,STNAME,DIST,DISTNAME,YEAR,TOTGEOG,FOREST,BARREN,NONAGRI,CWASTE,PPASTUR,OTFALOW,CUFALOW
2,Bihar,901,Champaran,1966,916.10,92.10,39.60,87.50,7.90,8.70,14.40,45.70
2,Bihar,901,Champaran,1967,916.10,85.80,19.50,111.20,6.80,6.90,15.50,35.70
2,Bihar,901,Champaran,1968,916.10,88.50,19.10,108.90,5.80,6.10,15.00,34.60
2,Bihar,901,Champaran,1969,916.10,88.60,19.10,111.40,4.60,5.40,15.10,40.80
2,Bihar,901,Champaran,1970,916.10,88.60,18.80,112.90,3.50,4.30,13.70,39.00
2,Bihar,901,Champaran,1971,916.10,88.60,18.40,113.00,3.40,3.90,11.90,42.60
2,Bihar,901,Champaran,1972,916.10,82.40,16.30,116.70,2.60,3.30,7.90,25.00
2,Bihar,901,Champaran,1973,916.10,82.40,27.40,106.70,3.00,3.40,10.50,41.40
2,Bihar,901,Champaran,1974,916.10,82.40,25.60,105.80,3.20,3.60,11.10,44.70
2,Bihar,901,Champaran,1975,916.10,82.40,25.30,116.60,4.10,2.90,10.30,40.70
2,Bihar,901,Champaran,1976,916.10,82.40,25.30,114.30,3.90,3.00,11.00,49.40
2,Bihar,901,Champaran,1977,916.10,82.60,10.10,113.60,3.30,3.00,4.40,47.00
2,Bihar,901,Champaran,1978,916.10,82.40,9.50,115.20,3.40,3.00,13.90,51.50
2,Bihar,901,Champaran,1979,916.10,100.10,9.90,128.90,6.10,3.30,13.90,43.30
2,Bihar,901,Champaran,1980,916.10,91.50,9.00,129.00,5.20,3.20,12.20,44.40
2,Bihar,901,Champaran,1981,916.10,91.90,11.20,128.00,5.30,3.10,12.90,59.80
2,Bihar,901,Champaran,1982,916.10,91.90,11.20,129.70,6.40,3.10,12.80,65.50
2,Bihar,901,Champaran,1983,916.10,91.90,11.20,135.00,5.80,3.10,13.20,54.70
2,Bihar,901,Champaran,1984,916.10,91.90,11.20,139.90,5.80,3.10,12.40,45.10
2,Bihar,901,Champaran,1985,916.10,91.90,11.20,140.40,5.60,2.70,12.50,40.90
2,Bihar,901,Champaran,1986,916.10,91.90,11.20,140.40,5.50,5.60,10.30,37.50
2,Bihar,901,Champaran,1987,916.10,91.90,11.20,151.90,5.30,5.60,12.20,42.60
2,Bihar,901,Champaran,1988,916.10,91.90,11.20,151.90,5.30,5.60,12.20,42.60
2,Bihar,901,Champaran,1989,916.10,91.87,15.19,177.35,5.65,3.92,12.68,52.04
2,Bihar,901,Champaran,1990,919.60,91.80,11.20,145.30,5.50,3.80,9.70,38.10
2,Bihar,901,Champaran,1991,916.10,91.80,11.20,148.50,5.90,3.50,10.70,38.10
2,Bihar,901,Champaran,1992,916.10,91.80,11.20,149.30,5.70,3.90,8.80,55.00
2,Bihar,901,Champaran,1993,916.10,91.80,11.20,146.00,5.30,3.60,8.70,51.80
2,Bihar,901,Champaran,1994,916.10,91.80,11.20,114.70,2.80,2.00,8.20,49.50
2,Bihar,901,Champaran,1995,916.07,91.87,11.24,163.37,2.13,1.84,8.90,54.30
2,Bihar,901,Champaran,1996,1095.66,91.87,15.19,178.71,2.19,1.87,8.82,47.27
2,Bihar,901,Champaran,1997,916.00,92.00,11.00,152.00,2.00,2.00,6.00,27.00
2,Bihar,901,Champaran,1998,916.00,91.87,11.00,156.05,1.00,2.00,6.00,16.00
2,Bihar,901,Champaran,1999,916.07,91.87,11.24,156.56,1.66,1.66,6.47,15.60
2,Bihar,901,Champaran,2000,916.07,91.87,11.24,168.72,1.65,1.65,6.46,24.75
2,Bihar,901,Champaran,2001,916.07,91.87,11.23,168.84,1.65,1.65,6.46,23.75
2,Bihar,901,Champaran,2002,916.07,91.87,11.22,168.92,1.65,1.65,6.46,23.80
2,Bihar,901,Champaran,2003,916.07,91.87,11.22,169.03,1.63,1.64,6.43,32.54
2,Bihar,901,Champaran,2004,916.07,91.87,11.22,169.07,1.62,1.64,6.06,20.32
2,Bihar,901,Champaran,2005,916.07,91.86,11.21,169.16,1.62,1.63,6.04,23.39
2,Bihar,901,Champaran,2006,1095.66,91.87,15.16,199.48,1.61,1.68,6.67,31.98
2,Bihar,901,Champaran,2007,1095.66,91.87,14.95,199.83,1.61,1.68,6.63,28.30
2,Bihar,901,Champaran,2008,1095.66,91.87,14.92,201.69,1.56,1.66,6.65,51.47
2,Bihar,901,Champaran,2009,1095.66,91.87,14.92,202.60,1.56,1.64,6.63,44.60
2,Bihar,901,Champaran,2010,1095.66,91.87,14.92,203.56,1.56,1.64,6.63,66.11
2,Bihar,901,Champaran,2011,1095.66,91.87,14.92,203.57,1.56,1.64,6.60,52.66
2,Bihar,902,Muzaffarpur,1966,782.20,0.20,38.10,98.40,5.50,6.20,7.10,57.00
2,Bihar,902,Muzaffarpur,1967,782.20,0.00,21.30,103.80,1.60,4.00,12.50,56.50
2,Bihar,902,Muzaffarpur,1968,782.20,0.00,36.30,94.90,7.60,3.80,5.30,36.30
2,Bihar,902,Muzaffarpur,1969,782.20,0.00,21.90,98.80,0.40,3.80,16.30,44.10
2,Bihar,902,Muzaffarpur,1970,782.20,0.00,22.10,105.20,0.90,2.00,13.20,42.50
2,Bihar,902,Muzaffarpur,1971,782.20,0.00,22.30,111.80,0.80,1.90,6.40,56.00
2,Bihar,902,Muzaffarpur,1972,782.20,0.00,24.50,113.00,1.40,2.10,9.20,50.30
2,Bihar,902,Muzaffarpur,1973,782.30,0.00,24.50,112.20,0.20,2.00,6.10,46.80
2,Bihar,902,Muzaffarpur,1974,782.30,0.00,21.40,119.70,0.50,1.90,7.30,36.50
2,Bihar,902,Muzaffarpur,1975,782.30,0.00,19.30,122.60,0.60,1.50,6.60,38.00
2,Bihar,902,Muzaffarpur,1976,782.30,0.00,21.10,120.40,0.50,1.20,7.40,29.90
2,Bihar,902,Muzaffarpur,1977,782.30,0.00,22.00,117.40,1.30,1.00,7.00,29.60
2,Bihar,902,Muzaffarpur,1978,782.30,0.00,25.00,116.70,0.80,2.80,4.80,30.20
2,Bihar,902,Muzaffarpur,1979,782.30,0.00,29.50,123.40,1.40,2.60,8.30,47.40
2,Bihar,902,Muzaffarpur,1980,782.30,0.10,29.60,123.40,0.50,1.70,7.90,37.90
2,Bihar,902,Muzaffarpur,1981,782.30,0.00,32.80,124.30,1.00,1.40,7.90,46.50
2,Bihar,902,Muzaffarpur,1982,782.30,0.00,32.80,126.50,0.50,1.40,5.50,69.10
2,Bihar,902,Muzaffarpur,1983,782.30,0.00,32.80,133.90,0.50,1.50,9.20,60.60
2,Bihar,902,Muzaffarpur,1984,782.30,0.00,32.80,141.70,0.50,1.50,8.20,49.90
2,Bihar,902,Muzaffarpur,1985,782.30,0.00,32.80,143.90,0.70,1.20,9.60,46.40
2,Bihar,902,Muzaffarpur,1986,782.30,0.00,31.80,153.60,0.70,3.10,4.40,46.70
2,Bihar,902,Muzaffarpur,1987,782.30,0.00,31.80,153.60,0.60,0.90,5.30,60.80
2,Bihar,902,Muzaffarpur,1988,782.30,0.00,31.80,153.60,0.60,0.90,5.30,60.80
2,Bihar,902,Muzaffarpur,1989,785.10,0.00,31.81,151.08,0.89,1.04,5.18,39.31
2,Bihar,902,Muzaffarpur,1990,782.30,0.00,31.80,151.70,0.80,0.90,5.80,39.20
2,Bihar,902,Muzaffarpur,1991,782.20,0.00,31.80,146.40,0.80,2.30,5.00,40.70
2,Bihar,902,Muzaffarpur,1992,782.20,0.00,31.80,139.10,1.80,2.30,5.50,55.90
2,Bihar,902,Muzaffarpur,1993,782.20,0.00,31.80,153.60,1.10,1.90,4.10,39.70
2,Bihar,902,Muzaffarpur,1994,782.20,0.00,31.80,129.30,1.00,1.90,3.30,39.40
2,Bihar,902,Muzaffarpur,1995,782.17,0.00,31.81,152.04,0.97,1.92,3.32,45.24
2,Bihar,902,Muzaffarpur,1996,782.17,0.00,31.81,155.36,0.96,1.92,3.32,43.01
2,Bihar,902,Muzaffarpur,1997,738.00,0.00,31.00,151.00,0.00,1.00,3.00,30.00
2,Bihar,902,Muzaffarpur,1998,738.35,0.00,31.11,154.62,0.00,1.00,3.00,41.00
2,Bihar,902,Muzaffarpur,1999,738.69,0.00,31.39,154.62,0.66,1.84,2.86,40.25
2,Bihar,902,Muzaffarpur,2000,738.69,0.00,31.39,159.81,0.66,1.83,2.88,49.52
2,Bihar,902,Muzaffarpur,2001,738.69,0.00,31.39,160.11,0.66,1.82,2.88,45.83
2,Bihar,902,Muzaffarpur,2002,738.69,0.00,31.37,160.29,0.65,1.82,2.86,44.31
2,Bihar,902,Muzaffarpur,2003,738.69,0.00,31.36,160.42,0.63,1.81,2.82,46.31
2,Bihar,902,Muzaffarpur,2004,738.69,0.00,31.36,160.50,0.63,1.81,2.77,54.90
2,Bihar,902,Muzaffarpur,2005,738.69,0.00,31.35,160.60,0.62,1.79,2.77,54.62
2,Bihar,902,Muzaffarpur,2006,782.17,0.00,31.76,173.03,0.65,1.79,2.66,47.06
2,Bihar,902,Muzaffarpur,2007,782.17,0.00,31.57,173.41,0.65,1.78,2.61,54.76
2,Bihar,902,Muzaffarpur,2008,782.17,0.00,31.53,174.75,0.62,1.76,3.31,32.83
2,Bihar,902,Muzaffarpur,2009,782.17,0.00,31.53,176.75,0.62,1.74,3.27,28.29
2,Bihar,902,Muzaffarpur,2010,782.17,0.00,31.53,177.63,0.61,1.74,3.27,14.30
2,Bihar,902,Muzaffarpur,2011,782.17,0.00,31.53,177.82,0.60,1.74,3.01,14.48
2,Bihar,903,Darbhanga,1966,870.00,0.00,38.20,126.10,5.70,7.90,11.90,91.60
2,Bihar,903,Darbhanga,1967,870.00,0.00,19.40,138.70,2.50,4.60,7.30,67.50
2,Bihar,903,Darbhanga,1968,870.00,0.00,19.40,141.80,2.30,4.20,7.30,62.70
2,Bihar,903,Darbhanga,1969,870.00,0.00,17.60,146.00,4.00,4.40,9.60,51.30
2,Bihar,903,Darbhanga,1970,870.00,0.00,14.70,149.00,2.60,3.60,9.40,59.80
2,Bihar,903,Darbhanga,1971,870.00,0.00,17.30,139.10,3.70,6.70,14.00,65.40
2,Bihar,903,Darbhanga,1972,870.00,0.00,17.40,140.10,3.70,5.40,13.90,107.70
2,Bihar,903,Darbhanga,1973,870.00,0.00,16.50,143.00,2.90,4.60,10.80,91.70
2,Bihar,903,Darbhanga,1974,870.00,0.00,17.40,142.50,2.60,3.80,10.60,103.90
2,Bihar,903,Darbhanga,1975,870.00,0.00,15.80,144.00,2.20,3.90,9.60,80.00
2,Bihar,903,Darbhanga,1976,870.00,0.00,12.70,146.90,2.00,3.70,8.80,62.80
2,Bihar,903,Darbhanga,1977,870.00,0.00,11.70,146.10,1.70,3.70,6.30,62.50
2,Bihar,903,Darbhanga,1978,870.00,0.00,11.40,148.00,2.20,4.40,9.00,71.90
2,Bihar,903,Darbhanga,1979,870.00,0.00,11.40,148.30,1.40,2.40,7.60,56.20
2,Bihar,903,Darbhanga,1980,870.00,0.00,12.50,148.40,1.20,2.40,11.50,54.30
2,Bihar,903,Darbhanga,1981,870.00,0.00,8.90,147.50,0.90,2.10,9.90,72.10
2,Bihar,903,Darbhanga,1982,870.00,0.00,8.90,149.10,1.10,2.10,13.10,98.80
2,Bihar,903,Darbhanga,1983,870.00,0.00,8.90,159.70,1.10,2.30,9.00,89.30
2,Bihar,903,Darbhanga,1984,870.00,0.00,8.90,165.80,1.10,2.30,18.40,75.90
2,Bihar,903,Darbhanga,1985,870.00,0.00,8.90,165.80,1.00,2.70,12.30,70.40
2,Bihar,903,Darbhanga,1986,870.00,0.00,8.90,170.00,1.00,3.10,10.40,58.40
2,Bihar,903,Darbhanga,1987,870.00,0.00,8.90,189.10,1.00,3.10,8.80,326.70
2,Bihar,903,Darbhanga,1988,870.00,0.00,8.90,189.10,1.00,3.10,8.80,326.70
2,Bihar,903,Darbhanga,1989,871.80,0.00,8.88,178.42,1.43,2.46,6.99,60.85
2,Bihar,903,Darbhanga,1990,870.00,0.00,8.90,179.80,1.40,2.30,6.50,58.40
2,Bihar,903,Darbhanga,1991,870.00,0.00,8.90,195.20,1.30,3.60,11.30,47.50
2,Bihar,903,Darbhanga,1992,870.00,0.00,8.50,200.00,1.10,3.10,11.30,95.30
2,Bihar,903,Darbhanga,1993,870.00,0.00,7.80,195.80,0.70,1.90,9.60,72.80
2,Bihar,903,Darbhanga,1994,870.00,0.00,7.80,159.40,0.70,1.90,8.40,72.90
2,Bihar,903,Darbhanga,1995,869.97,0.00,7.67,207.86,0.66,1.75,9.45,72.48
2,Bihar,903,Darbhanga,1996,869.97,0.00,7.67,207.65,0.66,1.74,9.26,64.46
2,Bihar,903,Darbhanga,1997,869.00,0.00,7.00,212.00,1.00,1.00,9.00,56.00
2,Bihar,903,Darbhanga,1998,869.08,0.00,7.64,208.98,1.18,1.16,9.00,38.00
2,Bihar,903,Darbhanga,1999,869.97,0.00,7.67,211.15,0.70,1.70,8.77,40.03
2,Bihar,903,Darbhanga,2000,869.97,0.00,7.67,207.02,0.69,1.69,6.93,19.91
2,Bihar,903,Darbhanga,2001,869.97,0.00,7.67,207.34,0.69,1.69,6.93,20.99
2,Bihar,903,Darbhanga,2002,869.97,0.00,7.67,207.47,0.68,1.68,6.88,18.16
2,Bihar,903,Darbhanga,2003,869.97,0.00,7.65,207.60,0.68,1.68,6.85,20.02
2,Bihar,903,Darbhanga,2004,869.97,0.00,7.64,207.69,0.68,1.66,6.82,20.89
2,Bihar,903,Darbhanga,2005,869.97,0.00,7.64,207.77,0.67,1.66,6.76,31.02
2,Bihar,903,Darbhanga,2006,869.97,0.00,7.63,207.78,0.67,1.66,6.21,37.14
2,Bihar,903,Darbhanga,2007,869.97,0.00,7.37,208.26,0.66,1.65,6.18,16.85
2,Bihar,903,Darbhanga,2008,869.97,0.00,7.35,209.29,0.65,1.52,6.14,18.59
2,Bihar,903,Darbhanga,2009,869.97,0.00,7.35,210.51,0.65,1.50,6.11,26.42
2,Bihar,903,Darbhanga,2010,869.97,0.00,7.35,211.49,0.65,1.50,6.10,37.84
2,Bihar,903,Darbhanga,2011,869.97,0.00,7.35,211.54,0.65,1.50,6.03,42.23
2,Bihar,904,Saharsa,1966,536.20,0.00,36.00,56.90,24.60,4.30,34.20,93.80
2,Bihar,904,Saharsa,1967,536.20,0.00,33.20,54.50,18.80,3.20,22.60,78.10
2,Bihar,904,Saharsa,1968,536.20,0.00,33.60,54.10,14.50,3.10,25.70,75.40
2,Bihar,904,Saharsa,1969,532.80,0.00,33.50,59.30,15.50,3.40,28.20,73.70
2,Bihar,904,Saharsa,1970,582.80,0.00,34.90,62.70,14.70,3.80,28.10,68.70
2,Bihar,904,Saharsa,1971,582.80,0.00,32.60,65.50,13.50,3.20,28.80,90.00
2,Bihar,904,Saharsa,1972,582.80,0.00,42.40,66.90,13.50,2.60,27.10,82.60
2,Bihar,904,Saharsa,1973,582.80,0.00,43.70,68.70,10.90,2.30,26.70,82.30
2,Bihar,904,Saharsa,1974,582.80,0.50,39.80,65.50,10.90,2.90,28.60,68.60
2,Bihar,904,Saharsa,1975,582.80,0.30,46.40,67.40,9.60,2.50,30.00,58.70
2,Bihar,904,Saharsa,1976,582.80,0.40,45.40,65.90,8.90,2.50,23.90,56.00
2,Bihar,904,Saharsa,1977,582.80,0.50,37.40,66.90,8.30,2.20,23.80,60.10
2,Bihar,904,Saharsa,1978,582.80,0.30,36.90,70.10,7.40,1.90,24.50,63.90
2,Bihar,904,Saharsa,1979,582.80,0.00,36.40,90.60,7.60,2.50,24.10,73.00
2,Bihar,904,Saharsa,1980,582.80,0.00,36.40,90.60,6.50,2.20,19.60,42.90
2,Bihar,904,Saharsa,1981,582.80,0.00,38.00,90.40,6.90,3.50,19.30,70.90
2,Bihar,904,Saharsa,1982,582.80,0.00,38.10,90.50,6.50,3.40,23.50,75.90
2,Bihar,904,Saharsa,1983,582.80,0.00,38.10,92.10,6.50,3.50,26.70,71.20
2,Bihar,904,Saharsa,1984,582.80,0.00,38.10,96.10,5.70,3.50,21.10,73.20
2,Bihar,904,Saharsa,1985,582.80,0.00,38.10,98.20,5.20,1.70,23.70,64.70
2,Bihar,904,Saharsa,1986,582.80,0.00,38.10,98.90,5.10,1.80,25.20,64.50
2,Bihar,904,Saharsa,1987,582.80,0.00,38.10,98.90,5.10,1.60,25.70,77.10
2,Bihar,904,Saharsa,1988,582.80,0.00,38.10,98.90,5.10,1.60,25.70,77.10
2,Bihar,904,Saharsa,1989,590.00,0.00,34.06,73.40,4.62,1.55,17.15,19.35
2,Bihar,904,Saharsa,1990,582.80,0.00,38.10,98.90,4.60,1.50,17.60,32.40
2,Bihar,904,Saharsa,1991,582.80,0.00,37.90,106.40,4.50,2.60,17.70,27.20
2,Bihar,904,Saharsa,1992,582.80,0.00,37.00,104.30,4.50,2.60,17.10,30.80
2,Bihar,904,Saharsa,1993,582.80,0.00,37.00,107.90,4.40,2.60,13.50,26.70
2,Bihar,904,Saharsa,1994,582.80,0.00,37.00,78.20,4.10,2.40,12.30,20.80
2,Bihar,904,Saharsa,1995,582.75,0.00,35.24,110.89,4.07,2.15,12.00,18.28
2,Bihar,904,Saharsa,1996,403.16,0.00,31.29,78.90,2.10,1.48,6.73,8.20
2,Bihar,904,Saharsa,1997,584.00,0.00,35.00,121.00,2.00,1.00,9.00,8.00
2,Bihar,904,Saharsa,1998,583.56,0.00,35.00,93.00,2.00,1.00,8.00,8.00
2,Bihar,904,Saharsa,1999,582.75,0.00,35.24,113.29,2.07,1.53,8.02,7.66
2,Bihar,904,Saharsa,2000,582.75,0.00,35.24,108.20,2.07,1.53,6.69,10.71
2,Bihar,904,Saharsa,2001,582.75,0.00,35.24,108.52,2.07,1.53,6.68,16.86
2,Bihar,904,Saharsa,2002,582.75,0.00,35.24,108.64,2.07,1.52,6.64,15.19
2,Bihar,904,Saharsa,2003,582.75,0.00,35.24,108.75,2.04,1.51,6.60,17.97
2,Bihar,904,Saharsa,2004,582.75,0.00,35.22,108.85,2.04,1.51,6.56,33.54
2,Bihar,904,Saharsa,2005,582.75,0.00,35.22,108.85,2.03,1.50,6.54,34.46
2,Bihar,904,Saharsa,2006,403.22,0.00,31.27,78.57,2.04,1.44,5.46,24.65
2,Bihar,904,Saharsa,2007,403.16,0.00,31.02,78.79,2.03,1.43,5.42,21.43
2,Bihar,904,Saharsa,2008,403.16,0.00,31.02,79.58,1.96,1.41,13.38,47.81
2,Bihar,904,Saharsa,2009,403.16,0.00,31.02,80.42,1.96,1.41,13.36,10.45
2,Bihar,904,Saharsa,2010,403.16,0.00,31.02,80.96,1.95,1.41,13.35,8.57
2,Bihar,904,Saharsa,2011,403.16,0.00,31.02,80.95,1.92,1.40,13.30,7.30
2,Bihar,905,Purnea,1966,1066.00,1.50,57.40,111.80,17.90,8.20,41.20,136.90
2,Bihar,905,Purnea,1967,1066.00,2.80,52.90,116.60,16.40,7.60,44.30,125.30
2,Bihar,905,Purnea,1968,1066.00,2.90,54.20,112.90,16.80,6.60,38.40,121.30
2,Bihar,905,Purnea,1969,1066.00,2.40,52.70,114.80,13.50,6.60,35.20,115.60
2,Bihar,905,Purnea,1970,1066.00,1.50,53.20,116.40,11.80,6.90,32.40,116.90
2,Bihar,905,Purnea,1971,1066.00,1.80,58.30,106.40,13.90,6.40,29.80,157.00
2,Bihar,905,Purnea,1972,1066.00,1.60,60.20,116.70,12.90,6.40,33.60,126.90
2,Bihar,905,Purnea,1973,1066.10,1.50,62.50,115.00,13.50,6.20,35.40,129.10
2,Bihar,905,Purnea,1974,1066.10,1.30,64.30,120.20,13.20,5.90,38.90,138.00
2,Bihar,905,Purnea,1975,1066.10,1.60,57.80,130.30,12.30,5.90,36.10,124.50
2,Bihar,905,Purnea,1976,1066.10,1.50,55.30,129.70,13.80,5.70,37.00,114.80
2,Bihar,905,Purnea,1977,1066.10,1.70,53.30,128.80,12.80,5.00,31.00,100.40
2,Bihar,905,Purnea,1978,1066.10,1.60,52.00,125.00,11.80,5.10,27.50,98.40
2,Bihar,905,Purnea,1979,1066.10,1.60,54.60,124.50,12.50,5.10,32.20,125.70
2,Bihar,905,Purnea,1980,1066.10,1.70,54.40,124.60,12.00,5.20,29.00,116.60
2,Bihar,905,Purnea,1981,1066.10,3.50,51.20,124.80,13.40,4.30,28.70,135.90
2,Bihar,905,Purnea,1982,1066.10,3.50,51.20,126.80,8.90,4.30,29.80,166.10
2,Bihar,905,Purnea,1983,1066.10,3.50,51.20,136.60,7.00,4.30,28.90,134.40
2,Bihar,905,Purnea,1984,1066.10,3.50,51.20,152.80,7.00,4.30,28.30,133.50
2,Bihar,905,Purnea,1985,1066.10,3.50,51.20,152.80,6.90,2.40,30.30,124.40
2,Bihar,905,Purnea,1986,1066.10,3.50,51.20,157.80,6.20,2.40,29.30,127.30
2,Bihar,905,Purnea,1987,1066.10,3.50,51.20,169.40,6.20,2.30,28.70,133.70
2,Bihar,905,Purnea,1988,1066.10,3.50,51.20,169.40,6.20,2.30,28.70,133.70
2,Bihar,905,Purnea,1989,1100.00,3.48,51.21,178.21,5.40,2.12,28.27,118.25
2,Bihar,905,Purnea,1990,1066.00,3.10,51.20,173.80,5.30,2.10,28.00,110.90
2,Bihar,905,Purnea,1991,1066.00,3.10,51.20,173.00,4.40,2.10,25.40,107.30
2,Bihar,905,Purnea,1992,1066.00,3.10,51.20,180.50,4.40,1.80,23.60,116.30
2,Bihar,905,Purnea,1993,1066.00,3.10,51.20,191.90,4.20,1.50,21.10,117.30
2,Bihar,905,Purnea,1994,1066.00,3.10,51.20,141.30,3.90,1.20,19.90,110.40
2,Bihar,905,Purnea,1995,1066.02,3.09,51.22,183.42,3.89,1.29,24.39,113.94
2,Bihar,905,Purnea,1996,1066.02,3.09,51.22,191.45,3.87,1.13,22.88,111.85
2,Bihar,905,Purnea,1997,1066.00,3.00,50.00,191.00,5.00,0.00,23.00,97.00
2,Bihar,905,Purnea,1998,1066.88,3.00,50.00,191.00,6.00,0.00,22.00,113.00
2,Bihar,905,Purnea,1999,1066.02,3.09,51.22,187.21,3.85,1.13,19.84,91.74
2,Bihar,905,Purnea,2000,1066.02,3.09,51.22,184.34,3.84,1.13,19.83,86.38
2,Bihar,905,Purnea,2001,1066.02,3.09,51.20,184.76,3.84,1.13,19.82,83.58
2,Bihar,905,Purnea,2002,1066.02,3.09,51.19,184.90,3.82,1.12,19.78,62.68
2,Bihar,905,Purnea,2003,1066.02,3.09,51.19,185.05,3.78,1.11,17.04,60.83
2,Bihar,905,Purnea,2004,1066.02,3.09,51.19,185.14,3.76,1.09,17.01,77.93
2,Bihar,905,Purnea,2005,1066.02,3.09,51.17,185.16,3.76,1.09,16.99,76.30
2,Bihar,905,Purnea,2006,1066.02,3.09,51.15,185.18,3.75,1.08,16.96,74.67
2,Bihar,905,Purnea,2007,1066.02,3.09,50.65,185.95,3.65,0.87,16.85,82.27
2,Bihar,905,Purnea,2008,1066.02,3.09,50.65,188.10,3.51,0.83,16.73,98.37
2,Bihar,905,Purnea,2009,1066.02,3.09,50.65,189.48,3.51,0.83,16.70,72.14
2,Bihar,905,Purnea,2010,1066.02,3.09,50.65,191.02,3.51,0.83,16.68,106.26
2,Bihar,905,Purnea,2011,1066.02,3.09,50.65,191.32,3.50,0.83,16.74,106.18
2,Bihar,906,Saran,1966,693.10,0.00,38.70,65.10,4.10,2.20,11.00,74.40
2,Bihar,906,Saran,1967,693.10,0.00,27.70,73.50,6.90,2.00,13.50,61.00
2,Bihar,906,Saran,1968,693.10,0.00,32.70,65.50,7.50,2.30,15.10,63.40
2,Bihar,906,Saran,1969,693.10,0.00,34.80,65.30,6.50,2.30,13.10,64.70
2,Bihar,906,Saran,1970,693.10,0.00,31.80,73.60,6.40,2.10,11.70,57.30
2,Bihar,906,Saran,1971,693.10,0.00,33.70,70.20,4.80,2.00,22.40,77.90
2,Bihar,906,Saran,1972,693.10,0.10,36.00,71.50,5.60,2.70,13.30,58.30
2,Bihar,906,Saran,1973,693.10,0.10,34.40,72.70,4.30,1.90,12.10,52.60
2,Bihar,906,Saran,1974,693.10,0.10,26.50,77.50,3.90,1.90,14.70,48.50
2,Bihar,906,Saran,1975,693.10,0.00,28.00,73.40,4.20,1.60,13.70,42.80
2,Bihar,906,Saran,1976,693.10,0.10,25.10,72.30,6.10,1.50,14.80,42.60
2,Bihar,906,Saran,1977,693.10,0.20,31.30,71.10,4.10,1.50,10.40,40.10
2,Bihar,906,Saran,1978,693.10,0.00,34.40,65.00,3.80,1.70,9.60,39.50
2,Bihar,906,Saran,1979,693.10,0.10,32.10,77.70,2.70,1.60,11.50,49.00
2,Bihar,906,Saran,1980,693.10,0.10,33.20,77.70,5.10,1.70,8.70,38.80
2,Bihar,906,Saran,1981,693.10,0.10,32.60,76.10,4.60,1.20,8.90,57.20
2,Bihar,906,Saran,1982,693.10,0.10,32.60,77.80,6.80,1.20,10.50,44.50
2,Bihar,906,Saran,1983,693.10,0.10,32.60,81.00,3.40,1.00,10.60,42.50
2,Bihar,906,Saran,1984,693.10,0.10,32.60,88.50,3.40,1.00,8.90,45.40
2,Bihar,906,Saran,1985,693.10,0.10,32.60,88.50,3.40,0.70,13.70,38.70
2,Bihar,906,Saran,1986,693.10,0.00,32.60,88.60,3.40,1.00,15.80,41.30
2,Bihar,906,Saran,1987,693.10,0.00,32.60,88.60,2.80,0.50,17.00,44.10
2,Bihar,906,Saran,1988,693.10,0.00,32.60,88.60,2.80,0.50,17.00,44.10
2,Bihar,906,Saran,1989,692.60,0.00,32.55,88.37,2.19,0.63,13.97,26.94
2,Bihar,906,Saran,1990,689.30,0.00,32.60,88.90,2.00,0.60,13.70,25.20
2,Bihar,906,Saran,1991,693.10,0.00,32.60,61.60,2.50,0.90,12.20,26.20
2,Bihar,906,Saran,1992,693.10,0.00,32.60,76.00,2.40,0.70,12.10,40.20
2,Bihar,906,Saran,1993,693.10,0.00,32.60,80.20,2.40,0.70,11.80,30.40
2,Bihar,906,Saran,1994,693.10,0.00,32.60,74.70,2.30,0.70,11.30,23.20
2,Bihar,906,Saran,1995,693.07,0.00,32.55,92.00,2.01,0.68,12.49,26.93
2,Bihar,906,Saran,1996,693.07,0.00,32.55,93.40,2.01,0.68,9.86,20.36
2,Bihar,906,Saran,1997,693.00,0.00,33.00,94.00,1.00,0.00,10.00,16.00
2,Bihar,906,Saran,1998,693.89,0.00,32.55,95.51,2.00,0.00,8.00,18.00
2,Bihar,906,Saran,1999,693.07,0.00,32.55,95.68,2.42,0.66,7.90,17.92
2,Bihar,906,Saran,2000,693.07,0.00,32.55,95.64,2.42,0.66,7.82,15.11
2,Bihar,906,Saran,2001,693.07,0.00,32.55,95.98,2.41,0.65,7.82,14.17
2,Bihar,906,Saran,2002,693.07,0.00,32.55,96.20,2.39,0.65,7.81,14.21
2,Bihar,906,Saran,2003,693.07,0.00,32.53,96.31,2.38,0.63,7.77,22.87
2,Bihar,906,Saran,2004,693.07,0.00,32.52,96.41,2.38,0.62,7.86,23.61
2,Bihar,906,Saran,2005,693.07,0.00,32.52,96.49,2.36,0.62,7.76,25.36
2,Bihar,906,Saran,2006,693.07,0.00,32.51,96.51,2.35,0.61,7.73,27.69
2,Bihar,906,Saran,2007,693.07,0.00,32.24,96.94,2.35,0.61,7.68,27.49
2,Bihar,906,Saran,2008,693.07,0.00,32.18,98.44,2.32,0.59,7.60,29.65
2,Bihar,906,Saran,2009,693.07,0.00,32.18,99.44,2.31,0.58,7.58,36.69
2,Bihar,906,Saran,2010,693.07,0.00,32.18,100.59,2.31,0.58,7.58,42.09
2,Bihar,906,Saran,2011,693.07,0.00,32.18,100.71,2.31,0.56,7.56,39.42
2,Bihar,907,Patna,1966,551.10,4.40,10.10,83.80,2.10,0.60,2.90,183.20
2,Bihar,907,Patna,1967,551.10,4.70,12.20,84.00,1.60,0.40,3.70,26.30
2,Bihar,907,Patna,1968,551.20,4.70,13.20,86.80,1.90,0.50,5.70,18.80
2,Bihar,907,Patna,1969,551.10,4.10,13.20,86.00,1.80,0.40,5.10,17.60
2,Bihar,907,Patna,1970,551.10,4.30,16.80,76.90,2.00,0.50,3.50,18.50
2,Bihar,907,Patna,1971,551.10,4.30,16.40,82.20,1.80,0.50,3.20,37.50
2,Bihar,907,Patna,1972,551.10,4.40,17.20,78.80,2.10,0.80,2.30,31.50
2,Bihar,907,Patna,1973,551.10,4.20,19.50,79.40,6.40,0.10,3.90,16.70
2,Bihar,907,Patna,1974,551.10,4.10,18.70,84.00,3.00,0.30,4.30,25.60
2,Bihar,907,Patna,1975,551.10,4.10,18.00,86.20,2.80,0.40,3.70,33.00
2,Bihar,907,Patna,1976,551.10,4.00,18.20,85.60,5.00,3.00,2.60,26.90
2,Bihar,907,Patna,1977,551.10,4.00,20.40,83.20,2.60,3.90,2.90,28.30
2,Bihar,907,Patna,1978,551.10,4.00,15.80,92.50,1.60,0.30,5.50,40.50
2,Bihar,907,Patna,1979,551.10,4.10,15.40,86.80,1.90,1.40,7.30,48.40
2,Bihar,907,Patna,1980,551.10,4.10,15.40,86.90,2.80,2.30,5.30,27.00
2,Bihar,907,Patna,1981,551.10,4.60,14.70,90.10,3.00,2.40,4.70,35.20
2,Bihar,907,Patna,1982,551.20,4.60,14.70,91.10,2.20,2.40,3.10,75.60
2,Bihar,907,Patna,1983,551.10,4.60,14.70,94.40,2.20,2.20,2.40,48.40
2,Bihar,907,Patna,1984,551.10,4.60,14.70,94.50,1.10,2.20,2.40,51.10
2,Bihar,907,Patna,1985,551.10,4.60,14.70,103.80,1.10,1.20,1.50,33.20
2,Bihar,907,Patna,1986,551.10,4.60,14.70,104.40,1.10,1.80,2.30,41.80
2,Bihar,907,Patna,1987,551.10,4.60,14.70,104.40,2.00,0.80,3.40,33.30
2,Bihar,907,Patna,1988,551.10,4.60,14.70,104.40,2.00,0.80,3.40,33.30
2,Bihar,907,Patna,1989,553.94,4.64,14.70,103.15,1.79,0.70,2.69,30.71
2,Bihar,907,Patna,1990,551.10,4.70,14.70,104.70,1.70,0.60,2.70,31.30
2,Bihar,907,Patna,1991,551.10,4.70,14.70,104.70,2.00,0.80,2.80,37.20
2,Bihar,907,Patna,1992,551.10,4.70,14.70,105.00,1.50,0.70,4.20,47.40
2,Bihar,907,Patna,1993,551.10,4.70,14.30,108.80,1.50,0.70,2.40,67.30
2,Bihar,907,Patna,1994,551.10,4.70,14.30,85.40,1.40,0.50,2.40,47.50
2,Bihar,907,Patna,1995,551.15,4.70,14.34,110.23,1.52,0.51,2.43,49.63
2,Bihar,907,Patna,1996,551.15,4.70,14.34,115.27,1.43,0.51,2.43,41.33
2,Bihar,907,Patna,1997,551.00,5.00,14.00,116.00,1.00,0.00,2.00,38.00
2,Bihar,907,Patna,1998,551.15,5.00,14.00,116.00,1.00,1.00,2.00,16.00
2,Bihar,907,Patna,1999,551.15,4.70,14.34,115.22,1.02,0.14,2.24,14.58
2,Bihar,907,Patna,2000,549.97,4.70,14.34,114.46,1.01,0.14,2.24,18.86
2,Bihar,907,Patna,2001,549.97,4.70,14.34,115.02,1.01,0.14,2.23,23.13
2,Bihar,907,Patna,2002,549.97,4.70,14.34,115.15,1.00,0.14,2.19,23.17
2,Bihar,907,Patna,2003,549.97,4.70,14.34,115.35,0.99,0.13,2.15,23.12
2,Bihar,907,Patna,2004,549.97,4.70,14.34,115.48,0.99,0.12,2.09,24.21
2,Bihar,907,Patna,2005,549.97,4.70,14.33,115.67,0.98,0.12,1.82,19.96
2,Bihar,907,Patna,2006,551.15,4.70,14.33,115.70,0.98,0.12,1.77,25.73
2,Bihar,907,Patna,2007,549.97,4.70,13.62,116.52,0.98,0.12,1.76,35.24
2,Bihar,907,Patna,2008,549.97,4.70,13.53,119.26,0.97,0.11,1.76,32.37
2,Bihar,907,Patna,2009,549.97,4.70,13.53,122.29,0.97,0.11,1.76,102.72
2,Bihar,907,Patna,2010,549.97,4.70,13.53,123.28,0.97,0.11,1.76,95.63
2,Bihar,907,Patna,2011,549.97,4.70,13.53,124.18,0.97,0.11,1.75,92.94
2,Bihar,908,Monghyr,1966,1018.40,91.00,129.70,85.60,30.40,6.70,38.10,223.00
2,Bihar,908,Monghyr,1967,1018.40,112.60,91.30,91.00,42.00,5.90,41.30,106.40
2,Bihar,908,Monghyr,1968,1018.40,140.90,84.80,96.40,32.30,4.90,43.20,92.40
2,Bihar,908,Monghyr,1969,971.80,134.40,121.00,87.80,25.20,5.20,34.20,87.60
2,Bihar,908,Monghyr,1970,971.80,134.40,80.90,92.60,25.00,5.70,40.20,114.60
2,Bihar,908,Monghyr,1971,971.80,134.40,81.10,92.80,25.00,5.70,40.10,124.50
2,Bihar,908,Monghyr,1972,971.80,134.90,83.30,95.00,25.30,6.00,41.00,147.40
2,Bihar,908,Monghyr,1973,971.70,134.90,77.30,91.50,23.70,5.40,45.90,98.40
2,Bihar,908,Monghyr,1974,971.70,135.30,73.30,96.10,26.40,4.80,42.50,104.20
2,Bihar,908,Monghyr,1975,971.70,137.40,72.00,103.60,24.90,5.10,42.90,106.30
2,Bihar,908,Monghyr,1976,971.70,126.60,67.80,100.30,25.20,5.20,41.20,105.40
2,Bihar,908,Monghyr,1977,971.70,126.30,79.30,98.50,23.30,3.10,37.00,87.00
2,Bihar,908,Monghyr,1978,971.70,129.30,75.90,99.60,23.70,3.10,37.80,95.90
2,Bihar,908,Monghyr,1979,971.70,131.70,81.70,101.20,24.30,3.30,33.30,124.90
2,Bihar,908,Monghyr,1980,971.70,129.10,80.00,101.30,23.20,3.50,33.90,87.60
2,Bihar,908,Monghyr,1981,971.70,135.50,81.60,101.70,23.30,3.10,34.00,131.50
2,Bihar,908,Monghyr,1982,971.70,135.50,81.60,103.00,19.60,3.20,39.90,133.60
2,Bihar,908,Monghyr,1983,971.70,135.50,81.60,110.20,19.10,3.40,39.00,112.90
2,Bihar,908,Monghyr,1984,971.70,135.50,81.60,119.30,18.00,3.40,38.60,115.90
2,Bihar,908,Monghyr,1985,971.70,135.50,81.60,123.40,17.20,3.10,39.00,112.10
2,Bihar,908,Monghyr,1986,971.70,134.80,81.60,123.40,16.30,2.60,41.40,125.30
2,Bihar,908,Monghyr,1987,971.70,134.80,76.60,134.70,16.30,1.90,45.60,110.00
2,Bihar,908,Monghyr,1988,971.70,134.80,76.60,134.70,16.30,1.90,45.60,110.00
2,Bihar,908,Mungair,1989,1131.94,134.82,81.64,136.77,15.73,1.85,46.33,93.15
2,Bihar,908,Monghyr,1990,971.70,134.80,81.60,139.90,15.30,1.70,45.00,84.40
2,Bihar,908,Monghyr,1991,971.70,134.80,81.60,140.60,14.20,2.30,39.00,76.90
2,Bihar,908,Monghyr,1992,971.70,134.90,80.40,142.70,14.60,2.20,46.30,105.80
2,Bihar,908,Monghyr,1993,971.70,134.90,80.40,143.70,13.90,2.20,45.30,92.70
2,Bihar,908,Monghyr,1994,971.70,134.90,80.40,113.80,13.60,2.20,49.30,91.90
2,Bihar,908,Munger,1995,891.77,134.83,80.43,161.38,13.64,2.29,44.87,114.31
2,Bihar,908,Munger,1996,971.76,134.83,80.43,163.65,13.21,2.29,43.64,111.66
2,Bihar,908,Munger,1997,972.00,135.00,81.00,163.00,14.00,2.00,41.00,109.00
2,Bihar,908,Munger,1998,971.30,134.83,80.88,166.00,14.00,2.07,36.00,107.00
2,Bihar,908,Monghyr,1999,971.76,134.83,80.43,167.37,13.15,2.29,37.19,117.68
2,Bihar,908,Monghyr,2000,972.93,134.83,80.43,164.20,13.15,2.29,37.16,100.42
2,Bihar,908,Monghyr,2001,972.93,134.83,80.43,164.66,13.15,2.28,37.15,106.41
2,Bihar,908,Monghyr,2002,972.93,134.83,80.42,164.86,13.13,2.27,37.05,93.36
2,Bihar,908,Monghyr,2003,972.93,134.83,80.41,165.08,13.07,2.25,36.99,87.70
2,Bihar,908,Monghyr,2004,972.93,134.83,80.41,165.21,13.06,2.25,36.92,117.16
2,Bihar,908,Monghyr,2005,972.94,134.82,80.39,165.31,13.06,2.24,36.80,127.95
2,Bihar,908,Mungair,2006,971.76,134.83,80.38,165.34,13.05,2.24,34.93,111.73
2,Bihar,908,Mungair,2007,972.93,134.83,79.59,165.87,13.03,2.23,34.79,105.29
2,Bihar,908,Mungair,2008,972.94,134.83,79.59,167.61,12.88,2.18,29.27,120.18
2,Bihar,908,Mungair,2009,972.93,134.83,79.59,173.01,12.87,2.15,29.18,143.30
2,Bihar,908,Monghyr,2010,972.93,134.83,79.59,174.07,12.86,2.15,29.17,148.04
2,Bihar,908,Monghyr,2011,972.93,134.83,79.59,174.25,12.86,2.15,29.01,122.21
2,Bihar,909,Bhagalpur,1966,559.90,51.20,63.60,57.90,19.60,7.60,20.70,71.70
2,Bihar,909,Bhagalpur,1967,559.90,49.40,67.60,59.10,19.20,5.70,20.40,58.50
2,Bihar,909,Bhagalpur,1968,559.90,49.40,71.90,54.40,21.10,5.60,24.40,52.60
2,Bihar,909,Bhagalpur,1969,559.90,49.10,81.10,53.00,18.00,4.90,21.60,47.10
2,Bihar,909,Bhagalpur,1970,559.90,45.50,72.10,49.40,17.60,4.90,17.30,48.20
2,Bihar,909,Bhagalpur,1971,559.90,46.90,76.80,46.70,16.70,4.00,19.30,51.50
2,Bihar,909,Bhagalpur,1972,559.90,45.70,70.50,50.00,15.60,5.30,21.80,65.30
2,Bihar,909,Bhagalpur,1973,559.90,40.70,71.20,53.70,17.70,6.80,21.40,46.90
2,Bihar,909,Bhagalpur,1974,559.90,43.30,67.30,51.40,14.70,3.10,21.70,42.20
2,Bihar,909,Bhagalpur,1975,559.90,49.20,66.10,57.40,20.50,3.10,20.40,44.70
2,Bihar,909,Bhagalpur,1976,559.90,50.10,64.90,54.90,19.60,3.60,21.50,53.90
2,Bihar,909,Bhagalpur,1977,559.90,56.10,67.60,53.60,21.70,3.80,19.40,42.60
2,Bihar,909,Bhagalpur,1978,559.90,47.30,69.70,56.50,20.80,3.80,18.90,41.60
2,Bihar,909,Bhagalpur,1979,559.90,49.20,69.00,56.40,20.70,3.60,20.20,53.10
2,Bihar,909,Bhagalpur,1980,559.90,49.30,69.20,56.40,20.40,5.10,21.50,45.00
2,Bihar,909,Bhagalpur,1981,559.90,48.80,65.80,56.70,20.10,5.10,21.30,59.50
2,Bihar,909,Bhagalpur,1982,559.90,48.80,65.80,57.80,15.50,5.00,23.50,63.60
2,Bihar,909,Bhagalpur,1983,559.90,48.80,65.80,78.30,15.50,5.10,23.20,64.90
2,Bihar,909,Bhagalpur,1984,559.90,48.80,65.80,78.30,15.20,5.10,22.90,52.00
2,Bihar,909,Bhagalpur,1985,559.90,48.80,65.80,88.90,15.20,4.90,24.90,46.80
2,Bihar,909,Bhagalpur,1986,559.90,48.80,65.80,88.90,15.20,5.80,24.40,47.60
2,Bihar,909,Bhagalpur,1987,559.90,48.80,65.80,88.80,15.20,4.00,25.30,53.60
2,Bihar,909,Bhagalpur,1988,559.90,48.80,65.80,88.80,15.20,4.00,25.30,53.60
2,Bihar,909,Bhagalpur,1989,558.90,48.84,65.81,90.20,15.11,3.95,22.76,38.61
2,Bihar,909,Bhagalpur,1990,559.90,46.90,65.80,90.40,14.40,3.40,20.30,46.30
2,Bihar,909,Bhagalpur,1991,559.90,46.40,65.80,93.20,11.30,3.40,20.20,41.50
2,Bihar,909,Bhagalpur,1992,559.90,46.40,65.80,90.40,14.30,3.30,19.90,54.90
2,Bihar,909,Bhagalpur,1993,559.90,46.40,65.70,90.50,14.00,3.00,18.70,51.10
2,Bihar,909,Bhagalpur,1994,559.90,46.40,65.70,81.10,11.50,2.90,9.10,38.60
2,Bihar,909,Bhagalpur,1995,559.92,46.38,65.71,99.35,11.48,2.79,7.14,36.13
2,Bihar,909,Bhagalpur,1996,559.92,46.39,65.71,104.95,11.48,2.67,7.02,25.95
2,Bihar,909,Bhagalpur,1997,560.00,46.00,66.00,105.00,11.00,3.00,7.00,24.00
2,Bihar,909,Bhagalpur,1998,560.30,46.00,65.62,109.19,10.00,3.00,7.00,14.00
2,Bihar,909,Bhagalpur,1999,559.92,46.39,65.71,109.42,10.34,2.37,6.80,14.28
2,Bihar,909,Bhagalpur,2000,559.92,46.39,65.71,108.39,10.34,2.36,5.69,7.81
2,Bihar,909,Bhagalpur,2001,559.92,46.39,65.71,108.56,10.34,2.36,5.68,5.50
2,Bihar,909,Bhagalpur,2002,559.92,46.39,65.70,108.62,10.33,2.36,5.65,4.95
2,Bihar,909,Bhagalpur,2003,559.92,46.39,65.69,108.71,10.31,2.35,5.63,7.52
2,Bihar,909,Bhagalpur,2004,559.92,46.39,65.69,108.77,10.30,2.34,5.59,16.02
2,Bihar,909,Bhagalpur,2005,559.92,46.39,65.69,108.77,10.30,2.34,5.58,14.39
2,Bihar,909,Bhagalpur,2006,559.92,46.39,65.69,108.79,10.29,2.34,4.41,9.55
2,Bihar,909,Bhagalpur,2007,559.92,46.39,65.36,109.27,10.29,1.72,4.39,7.21
2,Bihar,909,Bhagalpur,2008,559.92,46.39,65.36,111.24,10.20,1.71,16.14,26.76
2,Bihar,909,Bhagalpur,2009,559.92,46.39,65.36,112.38,10.19,1.71,16.10,39.26
2,Bihar,909,Bhagalpur,2010,559.92,46.39,65.36,112.81,10.19,1.70,16.10,66.77
2,Bihar,909,Bhagalpur,2011,559.92,46.39,65.36,113.04,10.19,1.70,16.16,51.51
2,Bihar,910,Santhal Paragana,1966,1421.60,144.50,120.10,109.80,126.50,58.70,125.00,185.20
2,Bihar,910,Santhal Paragana,1967,1421.60,146.90,97.30,109.00,101.30,59.80,152.00,211.70
2,Bihar,910,Santhal Paragana,1968,1421.70,139.60,96.90,111.80,100.20,61.40,140.20,181.70
2,Bihar,910,Santhal Paragana,1969,1421.60,145.80,95.90,118.30,100.20,62.00,131.70,170.80
2,Bihar,910,Santhal Paragana,1970,1421.60,145.90,95.70,113.00,97.30,63.20,130.20,188.90
2,Bihar,910,Santhal Paragana,1971,1421.60,138.40,86.60,116.60,95.70,59.60,136.40,225.70
2,Bihar,910,Santhal Paragana,1972,1421.60,140.30,88.90,112.90,97.90,59.80,151.80,308.30
2,Bihar,910,Santhal Paragana,1973,1421.60,134.10,89.40,110.60,94.30,60.50,134.50,173.80
2,Bihar,910,Santhal Paragana,1974,1421.60,143.50,84.90,108.20,93.50,59.90,145.00,183.90
2,Bihar,910,Santhal Paragana,1975,1421.60,143.50,84.90,108.20,94.70,59.90,143.40,131.40
2,Bihar,910,Santhal Paragana,1976,1421.60,142.70,87.10,108.20,94.70,59.90,157.10,188.80
2,Bihar,910,Santhal Paragana,1977,1421.60,142.30,82.90,103.20,90.80,57.60,130.70,158.60
2,Bihar,910,Santhal Paragana,1978,1421.60,140.40,83.20,109.40,87.60,58.90,141.00,201.50
2,Bihar,910,Santhal Paragana,1979,1421.60,140.30,83.10,111.10,85.20,58.90,141.70,246.00
2,Bihar,910,Santhal Paragana,1980,1421.60,140.90,82.50,111.10,83.60,58.90,145.10,176.90
2,Bihar,910,Santhal Paragana,1981,1421.60,152.40,82.50,112.80,83.10,58.90,148.10,237.90
2,Bihar,910,Santhal Paragana,1982,1421.60,152.40,82.50,113.30,82.30,58.90,147.40,296.40
2,Bihar,910,Santhal Paragana,1983,1421.60,152.30,82.60,117.10,81.90,58.90,147.20,285.80
2,Bihar,910,Santhal Paragana,1984,1421.60,152.30,127.60,117.60,81.20,58.90,147.30,266.20
2,Bihar,910,Santhal Paragana,1985,1421.60,152.30,82.60,120.00,81.30,59.30,164.70,246.90
2,Bihar,910,Santhal Paragana,1986,1421.60,153.10,83.20,124.50,80.60,58.50,169.70,250.20
2,Bihar,910,Santhal Paragana,1987,1421.60,153.10,83.20,126.70,79.90,58.20,179.40,242.70
2,Bihar,910,Santhal Paragana,1988,1421.60,153.10,83.20,126.70,79.90,58.20,179.40,242.70
2,Bihar,910,Dumka,1989,1484.94,153.13,83.22,128.62,78.38,57.95,194.52,242.23
2,Bihar,910,Santhal Paragana,1990,1421.60,192.30,83.20,128.20,77.70,57.40,194.90,209.10
2,Bihar,910,Santhal Paragana,1991,1421.60,192.30,83.20,128.30,78.10,55.80,191.10,210.10
2,Bihar,910,Santhal Paragana,1992,1421.60,192.30,83.20,125.30,78.80,56.90,163.10,280.60
2,Bihar,910,Santhal Paragana,1993,1421.60,192.30,83.20,129.80,75.30,55.50,184.90,225.50
2,Bihar,910,Santhal Paragana,1994,1421.60,192.30,83.20,114.20,75.20,54.90,186.80,232.40
2,Bihar,910,Dumka,1995,1421.62,192.39,83.22,142.90,74.88,53.91,182.70,240.93
2,Bihar,910,Dumka,1996,1421.62,192.39,83.22,152.36,69.09,52.57,175.54,250.08
2,Bihar,910,Santhal Paragana,1997,1239.92,171.60,71.71,135.00,59.27,46.65,160.16,223.12
2,Bihar,910,Santhal Paragana,1998,1239.92,171.60,71.71,135.00,59.27,46.65,160.16,223.12
2,Bihar,910,Santhal Paragana,1999,1239.92,171.60,71.71,134.84,59.25,46.56,159.97,228.93
2,Bihar,911,Shahabad,1966,1137.50,150.60,34.20,110.30,5.20,1.20,12.20,94.20
2,Bihar,911,Shahabad,1967,1137.50,177.40,40.50,107.30,6.30,0.80,11.10,40.50
2,Bihar,911,Shahabad,1968,1137.50,186.50,41.80,106.70,5.90,1.10,9.70,46.90
2,Bihar,911,Shahabad,1969,1137.50,188.40,40.40,106.20,5.40,0.90,8.90,37.90
2,Bihar,911,Shahabad,1970,1137.50,177.20,42.90,100.20,6.40,0.90,8.40,27.40
2,Bihar,911,Shahabad,1971,1137.50,184.80,40.10,106.10,6.90,0.80,10.10,36.30
2,Bihar,911,Shahabad,1972,1137.50,179.90,44.10,112.40,7.80,0.90,12.00,47.40
2,Bihar,911,Shahabad,1973,1137.50,180.00,42.60,108.40,8.70,0.90,12.00,49.20
2,Bihar,911,Shahabad,1974,1137.50,178.60,42.90,105.40,12.00,0.80,10.20,54.60
2,Bihar,911,Shahabad,1975,1137.50,178.30,42.00,108.70,7.70,1.00,13.20,46.20
2,Bihar,911,Shahabad,1976,1137.50,168.80,43.90,110.60,13.10,1.80,15.00,44.40
2,Bihar,911,Shahabad,1977,1137.50,169.10,45.90,109.40,14.50,2.20,11.70,40.70
2,Bihar,911,Shahabad,1978,1137.50,160.20,46.10,107.50,19.40,1.00,10.60,40.40
2,Bihar,911,Shahabad,1979,1137.50,158.90,41.30,103.50,14.40,0.50,11.90,72.10
2,Bihar,911,Shahabad,1980,1137.50,174.20,41.10,103.50,13.20,0.60,11.30,60.00
2,Bihar,911,Shahabad,1981,1137.50,179.80,45.40,116.60,11.20,0.80,11.50,67.90
2,Bihar,911,Shahabad,1982,1137.50,179.80,45.40,117.00,3.80,0.80,10.60,73.70
2,Bihar,911,Shahabad,1983,1137.50,179.80,45.40,117.60,3.80,0.70,13.20,85.40
2,Bihar,911,Shahabad,1984,1137.50,179.80,45.40,122.50,3.80,0.70,12.90,73.10
2,Bihar,911,Shahabad,1985,1137.50,179.80,45.40,122.50,3.80,0.80,13.70,65.70
2,Bihar,911,Shahabad,1986,1137.50,179.80,45.40,122.50,3.80,1.10,11.80,64.00
2,Bihar,911,Shahabad,1987,1137.50,179.80,45.40,122.50,3.80,0.90,10.70,57.30
2,Bihar,911,Shahabad,1988,1137.50,179.80,45.40,122.50,3.80,0.90,10.70,57.30
2,Bihar,911,Shahabad,1989,1131.10,179.76,45.42,119.92,3.74,0.79,12.14,51.28
2,Bihar,911,Shahabad,1990,1137.50,179.80,45.40,119.60,3.60,0.70,11.90,57.90
2,Bihar,911,Shahabad,1991,1137.50,179.80,45.40,120.90,10.40,1.10,13.50,47.60
2,Bihar,911,Shahabad,1992,628.00,66.70,23.90,85.20,8.20,0.20,7.70,22.80
2,Bihar,911,Shahabad,1993,628.00,66.70,23.90,73.40,7.60,0.20,6.20,22.70
2,Bihar,911,Shahabad,1994,628.00,66.70,23.90,62.00,7.50,0.20,6.60,17.70
2,Bihar,911,Shahabad,1995,628.06,66.72,23.86,77.29,4.57,0.22,5.72,12.23
2,Bihar,911,Shahabad,1996,1137.51,179.76,45.43,126.73,6.63,0.43,14.15,40.70
2,Bihar,911,Shahabad,1997,628.00,67.00,24.00,79.00,4.00,0.00,5.00,5.00
2,Bihar,911,Shahabad,1998,628.06,66.72,23.96,80.00,2.16,3.00,3.91,10.94
2,Bihar,911,Shahabad,1999,628.06,66.72,23.86,79.33,1.77,0.21,3.85,10.89
2,Bihar,911,Shahabad,2000,628.06,66.72,23.86,79.40,1.77,0.21,3.84,11.03
2,Bihar,911,Shahabad,2001,628.06,66.72,23.86,79.82,1.77,0.21,3.83,6.99
2,Bihar,911,Shahabad,2002,628.06,66.72,23.85,79.97,1.76,0.19,3.81,7.01
2,Bihar,911,Shahabad,2003,628.06,66.72,23.84,80.05,1.75,0.19,3.78,7.34
2,Bihar,911,Shahabad,2004,628.06,66.72,23.83,80.12,1.75,0.19,3.76,11.05
2,Bihar,911,Shahabad,2005,628.06,66.72,23.83,80.19,1.74,0.18,3.40,10.65
2,Bihar,911,Shahabad,2006,1137.51,179.76,45.35,130.62,3.71,0.34,9.10,18.92
2,Bihar,911,Shahabad,2007,1137.51,179.76,45.07,131.33,3.81,0.33,9.05,21.31
2,Bihar,911,Shahabad,2008,1137.51,179.76,45.03,132.54,4.27,0.33,4.15,25.36
2,Bihar,911,Shahabad,2009,1137.51,179.76,44.97,133.77,4.24,0.33,4.15,66.76
2,Bihar,911,Shahabad,2010,1137.51,179.76,44.97,134.34,4.24,0.33,4.15,37.84
2,Bihar,911,Shahabad,2011,1137.51,179.76,44.97,134.73,4.23,0.33,4.00,34.28
2,Bihar,912,Gaya,1966,1229.20,138.40,73.90,98.90,22.30,13.60,26.40,385.50
2,Bihar,912,Gaya,1967,1229.20,148.60,72.40,83.80,20.30,12.40,36.10,149.60
2,Bihar,912,Gaya,1968,1229.20,150.30,70.30,110.40,20.60,13.70,36.50,132.10
2,Bihar,912,Gaya,1969,1229.20,151.90,67.00,108.60,22.20,11.70,26.50,110.70
2,Bihar,912,Gaya,1970,1229.20,148.60,65.40,114.60,16.70,11.80,26.50,122.40
2,Bihar,912,Gaya,1971,1229.20,151.20,66.90,114.00,15.80,10.30,25.50,113.70
2,Bihar,912,Gaya,1972,1229.20,135.80,62.40,114.00,13.70,9.80,29.20,220.30
2,Bihar,912,Gaya,1973,1229.10,149.70,69.10,121.70,15.40,10.50,35.60,169.70
2,Bihar,912,Gaya,1974,1229.20,138.20,60.90,119.90,17.90,13.80,34.60,146.00
2,Bihar,912,Gaya,1975,1229.20,149.60,65.50,124.60,15.60,12.20,29.50,189.00
2,Bihar,912,Gaya,1976,1229.20,151.50,62.70,125.30,16.20,10.10,26.10,171.70
2,Bihar,912,Gaya,1977,1229.20,155.90,61.10,140.70,14.80,10.80,26.70,160.00
2,Bihar,912,Gaya,1978,1229.20,142.60,57.70,124.90,13.60,8.40,26.20,128.30
2,Bihar,912,Gaya,1979,1229.20,145.20,59.10,127.10,13.20,8.20,29.40,238.70
2,Bihar,912,Gaya,1980,1229.20,140.50,59.60,127.30,13.30,8.10,27.00,165.90
2,Bihar,912,Gaya,1981,1229.20,146.00,60.90,128.80,13.90,7.70,26.50,229.70
2,Bihar,912,Gaya,1982,1229.20,146.10,60.90,130.50,13.40,7.70,32.30,269.30
2,Bihar,912,Gaya,1983,1229.20,146.10,60.90,143.80,12.80,8.00,33.20,243.20
2,Bihar,912,Gaya,1984,1229.20,146.10,60.90,151.40,12.30,8.00,30.30,199.30
2,Bihar,912,Gaya,1985,1229.20,146.10,60.90,155.40,10.40,5.90,28.70,170.30
2,Bihar,912,Gaya,1986,1229.20,146.00,60.90,157.80,10.20,6.20,32.00,170.60
2,Bihar,912,Gaya,1987,1229.20,146.00,60.90,158.50,9.50,5.60,30.00,170.90
2,Bihar,912,Gaya,1988,1229.20,146.00,60.90,158.50,9.50,5.60,30.00,170.90
2,Bihar,912,Gaya,1989,1391.07,146.09,60.89,153.01,8.80,4.22,32.40,164.47
2,Bihar,912,Gaya,1990,1234.40,155.80,60.90,156.20,8.30,4.10,31.40,135.80
2,Bihar,912,Gaya,1991,1229.20,155.80,60.90,158.70,8.10,5.30,26.80,148.30
2,Bihar,912,Gaya,1992,1229.20,155.80,60.90,162.10,8.10,5.50,28.40,254.30
2,Bihar,912,Gaya,1993,1229.20,155.80,60.90,164.70,7.50,5.40,26.10,256.10
2,Bihar,912,Gaya,1994,1229.20,155.80,60.90,144.60,7.00,5.30,25.40,184.50
2,Bihar,912,Gaya,1995,1229.18,155.84,60.89,169.72,6.76,4.85,28.21,187.45
2,Bihar,912,Gaya,1996,1229.18,155.84,60.89,179.75,6.74,4.66,29.01,199.92
2,Bihar,912,Gaya,1997,1230.00,157.00,60.00,180.00,6.00,5.00,29.00,195.00
2,Bihar,912,Gaya,1998,1229.51,156.58,60.44,186.00,6.00,4.00,29.00,194.00
2,Bihar,912,Gaya,1999,1229.18,155.84,60.89,185.78,6.68,4.17,28.22,174.35
2,Bihar,912,Gaya,2000,1229.18,155.84,60.89,185.87,6.67,4.17,28.32,202.55
2,Bihar,912,Gaya,2001,1229.18,161.02,60.89,186.15,6.67,4.16,28.32,189.47
2,Bihar,912,Gaya,2002,1229.18,161.02,60.89,185.42,6.64,4.12,27.27,166.52
2,Bihar,912,Gaya,2003,1166.55,161.02,58.67,175.84,6.52,3.94,26.22,155.84
2,Bihar,912,Gaya,2004,1166.55,161.02,58.67,175.94,6.49,3.93,28.53,215.11
2,Bihar,912,Gaya,2005,1166.56,161.01,58.65,176.05,6.49,3.92,27.31,218.40
2,Bihar,912,Gaya,2006,1291.81,161.02,60.84,185.88,6.58,4.05,24.08,157.24
2,Bihar,912,Gaya,2007,1229.18,161.02,60.66,186.52,6.58,4.05,23.99,168.47
2,Bihar,912,Gaya,2008,1229.18,161.02,60.64,187.97,6.51,3.78,17.17,171.77
2,Bihar,912,Gaya,2009,1229.18,161.02,60.64,189.06,6.50,3.78,17.15,287.03
2,Bihar,912,Gaya,2010,1229.18,161.02,60.64,190.02,6.49,3.78,17.15,296.83
2,Bihar,912,Gaya,2011,1229.18,161.02,60.64,190.47,6.48,3.76,17.06,218.05
2,Bihar,913,Hazaribagh,1966,1809.30,779.40,147.20,96.00,94.50,35.80,130.10,221.90
2,Bihar,913,Hazaribagh,1967,1809.30,787.90,140.40,93.80,96.00,33.70,126.70,157.10
2,Bihar,913,Hazaribagh,1968,1809.40,772.80,141.10,95.10,94.40,34.10,129.70,168.10
2,Bihar,913,Hazaribagh,1969,1798.10,775.90,139.30,92.50,88.70,33.20,127.70,168.20
2,Bihar,913,Hazaribagh,1970,1798.10,722.30,180.60,90.80,87.10,37.90,120.30,182.20
2,Bihar,913,Hazaribagh,1971,1798.10,714.30,175.70,89.60,87.10,37.90,119.50,239.20
2,Bihar,913,Hazaribagh,1972,1798.10,725.80,176.30,90.10,85.30,38.00,121.50,198.10
2,Bihar,913,Hazaribagh,1973,1798.10,780.90,134.70,92.40,76.20,33.60,121.30,167.10
2,Bihar,913,Hazaribagh,1974,1798.10,743.90,166.60,92.30,74.30,33.60,131.90,178.60
2,Bihar,913,Hazaribagh,1975,1798.10,741.00,162.00,95.90,57.70,32.00,121.50,166.50
2,Bihar,913,Hazaribagh,1976,1798.10,744.70,165.50,94.30,74.60,30.80,129.20,195.80
2,Bihar,913,Hazaribagh,1977,1798.10,737.20,152.00,95.20,68.80,28.50,137.20,191.40
2,Bihar,913,Hazaribagh,1978,1798.10,739.60,153.70,100.80,68.20,27.60,145.90,189.60
2,Bihar,913,Hazaribagh,1979,1798.10,744.70,150.40,102.70,68.50,28.50,157.60,229.20
2,Bihar,913,Hazaribagh,1980,1798.10,744.90,150.10,102.80,66.40,27.80,152.90,202.10
2,Bihar,913,Hazaribagh,1981,1798.10,766.10,141.90,103.60,63.60,27.00,174.40,219.60
2,Bihar,913,Hazaribagh,1982,1798.10,771.00,141.90,104.30,60.40,27.00,163.30,204.10
2,Bihar,913,Hazaribagh,1983,1798.10,771.00,141.90,113.20,59.80,28.80,161.70,185.50
2,Bihar,913,Hazaribagh,1984,1798.10,771.00,141.90,114.50,59.80,28.80,156.60,217.70
2,Bihar,913,Hazaribagh,1985,1798.10,771.00,141.90,117.20,58.40,47.90,162.80,196.60
2,Bihar,913,Hazaribagh,1986,1798.10,771.00,141.90,117.20,57.30,30.40,170.70,204.20
2,Bihar,913,Hazaribagh,1987,1798.10,771.00,141.90,120.90,57.80,30.40,173.70,207.40
2,Bihar,913,Hazaribagh,1988,1798.10,771.00,141.90,120.90,57.80,30.40,173.70,207.40
2,Bihar,913,Hazaribagh,1989,1805.70,771.03,141.96,120.30,50.70,28.33,178.09,177.01
2,Bihar,913,Hazaribagh,1990,1805.70,773.90,141.90,119.70,48.20,27.30,173.10,174.10
2,Bihar,913,Hazaribagh,1991,1798.10,773.90,141.90,118.90,47.10,27.20,167.80,179.80
2,Bihar,913,Hazaribagh,1992,1603.50,706.10,127.50,101.40,39.30,24.20,155.00,185.20
2,Bihar,913,Hazaribagh,1993,1603.50,706.10,127.50,103.80,36.70,22.30,153.00,212.30
2,Bihar,913,Hazaribagh,1994,1603.50,706.10,127.50,84.40,35.30,22.00,156.50,208.20
2,Bihar,913,Hazaribagh,1995,743.52,206.13,127.44,105.89,34.81,21.42,155.70,186.94
2,Bihar,913,Hazaribag,1996,1797.19,754.52,144.20,143.47,40.33,19.32,180.50,221.18
2,Bihar,913,Hazaribagh,1997,1603.57,706.13,127.44,109.43,31.64,17.97,150.08,195.16
2,Bihar,913,Hazaribagh,1998,1603.57,706.13,127.44,109.43,31.64,17.97,150.08,195.16
2,Bihar,913,Hazaribagh,1999,1603.57,706.13,127.44,109.32,31.58,17.95,150.03,194.78
2,Bihar,914,Dhanbad,1966,287.40,22.80,31.80,46.90,26.00,2.30,26.50,47.40
2,Bihar,914,Dhanbad,1967,287.40,22.90,31.50,46.50,22.50,2.30,26.30,37.60
2,Bihar,914,Dhanbad,1968,287.40,24.90,33.00,50.10,25.30,2.40,27.00,34.10
2,Bihar,914,Dhanbad,1969,298.70,24.70,40.10,53.60,25.30,2.80,26.70,31.90
2,Bihar,914,Dhanbad,1970,298.70,25.00,35.40,60.70,23.50,3.10,26.20,36.70
2,Bihar,914,Dhanbad,1971,298.70,25.20,42.40,52.20,23.70,3.30,26.90,34.70
2,Bihar,914,Dhanbad,1972,298.70,25.20,36.70,58.80,23.90,3.10,30.20,43.90
2,Bihar,914,Dhanbad,1973,299.60,25.20,35.60,58.50,22.80,2.40,28.00,39.00
2,Bihar,914,Dhanbad,1974,298.60,25.20,36.10,59.50,22.00,2.50,31.90,36.00
2,Bihar,914,Dhanbad,1975,298.70,25.20,34.10,59.50,21.30,2.50,27.50,30.20
2,Bihar,914,Dhanbad,1976,298.70,25.50,34.10,60.60,21.70,2.50,34.80,48.50
2,Bihar,914,Dhanbad,1977,298.70,24.80,31.90,60.90,18.70,1.80,29.90,41.00
2,Bihar,914,Dhanbad,1978,298.70,24.70,31.70,69.70,19.20,1.70,31.80,37.00
2,Bihar,914,Dhanbad,1979,298.70,23.60,39.70,67.90,20.40,2.70,31.40,55.60
2,Bihar,914,Dhanbad,1980,298.70,23.60,40.00,68.00,19.30,2.20,30.10,38.10
2,Bihar,914,Dhanbad,1981,298.70,23.60,37.80,68.00,19.90,2.70,29.60,47.20
2,Bihar,914,Dhanbad,1982,298.70,23.60,37.80,71.60,18.60,2.70,35.60,50.80
2,Bihar,914,Dhanbad,1983,298.70,32.60,40.80,71.80,18.60,2.50,35.70,37.70
2,Bihar,914,Dhanbad,1984,298.70,23.60,40.80,71.80,18.60,2.50,37.10,35.50
2,Bihar,914,Dhanbad,1985,298.70,23.60,40.80,71.80,18.60,2.90,27.90,45.30
2,Bihar,914,Dhanbad,1986,298.70,23.60,42.80,71.80,20.90,2.20,28.30,48.60
2,Bihar,914,Dhanbad,1987,298.70,23.60,42.80,74.10,18.70,2.20,32.20,35.30
2,Bihar,914,Dhanbad,1988,298.70,23.60,42.80,74.10,18.70,2.20,32.20,35.30
2,Bihar,914,Dhanbad,1989,299.60,23.57,42.84,76.37,17.50,1.24,31.23,36.77
2,Bihar,914,Dhanbad,1990,299.60,23.40,42.80,76.40,17.50,1.20,31.60,35.80
2,Bihar,914,Dhanbad,1991,298.60,23.40,42.80,76.40,17.40,1.20,31.60,45.90
2,Bihar,914,Dhanbad,1992,299.60,42.70,40.90,64.10,15.40,1.40,33.70,41.70
2,Bihar,914,Dhanbad,1993,299.60,42.70,40.90,64.50,15.20,1.40,32.80,43.30
2,Bihar,914,Dhanbad,1994,299.60,42.70,40.90,56.80,15.20,1.30,32.20,40.80
2,Bihar,914,Dhanbad,1995,299.52,42.77,40.84,64.97,15.11,1.31,31.53,40.45
2,Bihar,914,Dhanbad,1996,299.52,42.77,40.84,65.67,15.11,1.24,32.33,48.71
2,Bihar,914,Dhanbad,1997,299.52,42.77,40.84,66.22,14.85,1.30,31.72,48.63
2,Bihar,914,Dhanbad,1998,299.52,42.77,40.84,66.22,14.85,1.30,31.72,48.63
2,Bihar,914,Dhanbad,1999,299.52,42.77,40.84,66.24,14.83,1.30,31.71,58.43
2,Bihar,915,Palamau,1966,1272.70,582.30,91.80,37.80,35.40,11.30,95.60,247.40
2,Bihar,915,Palamau,1967,1272.70,571.30,83.40,45.00,36.50,10.40,103.80,173.70
2,Bihar,915,Palamau,1968,1272.70,616.20,80.40,38.90,30.20,9.80,95.50,161.20
2,Bihar,915,Palamau,1969,1272.70,611.70,81.90,36.30,30.30,9.40,95.00,153.80
2,Bihar,915,Palamau,1970,1272.70,611.50,76.80,40.00,28.10,9.70,88.30,143.60
2,Bihar,915,Palamau,1971,1272.70,568.90,86.80,41.50,30.60,9.00,92.20,158.50
2,Bihar,915,Palamau,1972,1272.70,565.40,86.40,34.60,30.30,7.80,90.90,156.80
2,Bihar,915,Palamau,1973,1272.70,559.30,84.00,36.20,28.60,7.70,97.10,156.30
2,Bihar,915,Palamau,1974,1272.70,561.00,85.70,36.70,27.50,7.20,94.80,153.60
2,Bihar,915,Palamau,1975,1272.70,558.20,82.60,38.90,27.80,7.10,94.90,147.80
2,Bihar,915,Palamau,1976,1272.70,558.60,84.90,37.50,26.80,6.50,99.50,170.80
2,Bihar,915,Palamau,1977,1272.70,558.50,85.10,37.80,26.50,6.10,100.70,164.50
2,Bihar,915,Palamau,1978,1272.70,558.40,86.20,38.80,26.00,6.20,100.20,160.80
2,Bihar,915,Palamau,1979,1272.70,599.60,78.80,41.80,23.00,6.20,104.20,234.10
2,Bihar,915,Palamau,1980,1272.70,599.60,79.20,41.80,24.20,6.10,111.50,212.10
2,Bihar,915,Palamau,1981,1272.70,556.00,83.60,42.80,24.30,5.90,117.00,221.30
2,Bihar,915,Palamau,1982,1272.70,556.00,83.60,44.50,24.80,5.90,124.00,207.10
2,Bihar,915,Palamau,1983,1272.70,556.00,83.60,45.30,31.30,5.90,127.80,206.60
2,Bihar,915,Palamau,1984,1272.70,556.00,83.60,45.30,28.10,5.90,128.80,203.80
2,Bihar,915,Palamau,1985,1272.70,556.00,83.60,45.30,28.10,6.20,121.20,202.60
2,Bihar,915,Palamau,1986,1272.70,556.00,83.60,45.30,28.10,6.30,128.30,196.20
2,Bihar,915,Palamau,1987,1272.70,556.00,83.60,45.60,28.10,6.10,134.40,205.90
2,Bihar,915,Palamau,1988,1272.70,556.00,83.60,45.60,28.10,6.10,134.40,205.90
2,Bihar,915,Palamu,1989,1274.90,555.96,83.63,49.50,27.94,6.28,129.90,186.89
2,Bihar,915,Palamau,1990,1274.90,556.00,83.60,51.70,27.90,6.10,132.00,190.20
2,Bihar,915,Palamau,1991,1272.70,556.00,83.60,52.60,29.10,6.20,131.00,190.10
2,Bihar,915,Palamau,1992,1272.70,556.00,83.60,52.40,25.00,5.40,124.50,268.80
2,Bihar,915,Palamau,1993,1272.70,556.00,82.00,53.60,24.80,5.30,122.60,245.60
2,Bihar,915,Palamau,1994,1272.70,556.00,82.80,43.00,24.70,5.30,120.10,236.70
2,Bihar,915,Palamau,1995,1272.70,555.97,75.56,53.68,24.70,5.22,126.35,216.28
2,Bihar,915,Palamu,1996,1272.70,555.97,75.56,58.12,24.25,5.22,123.11,210.05
2,Bihar,915,Palamau,1997,1272.70,555.97,75.56,58.62,22.62,5.05,118.11,205.52
2,Bihar,915,Palamau,1998,1272.70,555.97,75.56,58.62,22.62,5.05,118.11,205.52
2,Bihar,915,Palamu,1999,1272.70,555.97,75.56,58.55,22.52,5.01,118.33,205.31
2,Bihar,916,Ranchi,1966,1822.40,431.40,101.80,85.20,90.70,8.90,207.50,194.30
2,Bihar,916,Ranchi,1967,1822.40,444.00,100.70,82.60,88.00,8.50,196.60,175.10
2,Bihar,916,Ranchi,1968,1822.50,428.70,99.90,86.50,89.70,7.80,119.10,187.40
2,Bihar,916,Ranchi,1969,1822.40,437.90,100.60,85.20,90.30,6.70,193.70,187.30
2,Bihar,916,Ranchi,1970,1822.40,429.00,103.30,86.40,85.40,6.40,195.80,190.60
2,Bihar,916,Ranchi,1971,1822.40,403.60,104.90,92.80,85.20,6.20,188.50,189.10
2,Bihar,916,Ranchi,1972,1822.40,439.20,104.30,88.10,81.40,4.50,183.30,200.10
2,Bihar,916,Ranchi,1973,1822.40,429.60,106.70,88.80,78.30,4.40,182.80,191.40
2,Bihar,916,Ranchi,1974,1822.40,428.40,110.40,93.50,80.30,4.00,186.70,201.50
2,Bihar,916,Ranchi,1975,1822.40,424.00,108.20,92.80,76.50,4.00,170.40,171.90
2,Bihar,916,Ranchi,1976,1822.40,399.50,107.20,98.20,74.40,3.60,192.80,196.80
2,Bihar,916,Ranchi,1977,1822.40,399.50,107.10,98.30,75.10,3.60,181.10,182.30
2,Bihar,916,Ranchi,1978,1822.40,399.50,107.10,98.40,74.30,3.60,184.90,192.90
2,Bihar,916,Ranchi,1979,1822.40,399.50,107.10,98.40,74.30,3.60,186.60,231.10
2,Bihar,916,Ranchi,1980,1822.40,399.50,107.10,98.40,74.30,3.40,186.20,211.00
2,Bihar,916,Ranchi,1981,1822.40,399.50,108.40,98.60,73.60,2.90,184.90,213.70
2,Bihar,916,Ranchi,1982,1822.40,429.90,108.40,100.50,71.50,2.90,202.00,251.40
2,Bihar,916,Ranchi,1983,1822.50,429.80,108.40,100.50,68.90,2.50,261.40,216.50
2,Bihar,916,Ranchi,1984,1822.50,429.80,108.40,104.80,67.10,2.50,210.20,220.30
2,Bihar,916,Ranchi,1985,1822.50,429.80,108.40,106.20,62.80,5.00,199.20,280.50
2,Bihar,916,Ranchi,1986,1822.50,429.80,108.40,106.20,62.80,5.50,205.10,272.20
2,Bihar,916,Ranchi,1987,1822.50,429.80,108.40,106.30,62.80,4.70,208.30,263.30
2,Bihar,916,Ranchi,1988,1822.50,429.80,108.40,106.30,62.80,4.70,208.30,263.30
2,Bihar,916,Ranchi,1989,1057.42,429.88,104.39,108.18,70.07,3.99,204.52,260.86
2,Bihar,916,Ranchi,1990,1826.60,340.60,108.40,109.80,69.70,3.20,221.90,364.90
2,Bihar,916,Ranchi,1991,1822.40,340.60,108.40,118.10,79.50,3.20,238.10,331.60
2,Bihar,916,Ranchi,1992,1822.40,340.60,108.90,116.60,79.10,3.20,224.00,391.10
2,Bihar,916,Ranchi,1993,1822.40,340.60,108.40,151.10,78.90,2.60,197.30,351.70
2,Bihar,916,Ranchi,1994,1822.40,340.60,99.90,139.70,78.60,2.50,195.70,340.80
2,Bihar,916,Ranchi,1995,1822.42,340.58,116.04,155.67,78.53,2.52,196.07,340.94
2,Bihar,916,Ranchi,1996,1822.42,340.58,116.04,156.14,77.71,2.52,198.87,345.78
2,Bihar,916,Ranchi,1997,1822.42,340.58,116.04,157.34,77.02,2.52,189.19,340.11
2,Bihar,916,Ranchi,1998,1822.42,340.58,116.04,157.34,77.02,2.52,189.19,340.11
2,Bihar,916,Ranchi,1999,1822.42,340.58,116.04,157.54,76.93,2.52,189.22,346.25
2,Bihar,917,Singhbhum,1966,1356.60,401.90,106.60,91.80,76.30,21.90,114.50,142.20
2,Bihar,917,Singhbhum,1967,1356.60,402.10,108.50,93.60,79.10,15.30,115.60,123.00
2,Bihar,917,Singhbhum,1968,1356.60,402.90,106.00,101.30,83.50,14.60,114.90,120.90
2,Bihar,917,Singhbhum,1969,1356.60,402.70,110.80,94.50,82.10,12.10,118.20,129.30
2,Bihar,917,Singhbhum,1970,1356.60,394.30,114.70,100.10,83.50,13.90,113.60,116.20
2,Bihar,917,Singhbhum,1971,1356.60,334.30,119.90,103.20,80.90,11.90,128.00,147.00
2,Bihar,917,Singhbhum,1972,1356.60,330.00,119.50,109.90,82.70,11.80,127.70,145.80
2,Bihar,917,Singhbhum,1973,1356.60,329.60,123.10,113.60,81.30,11.40,127.60,145.10
2,Bihar,917,Singhbhum,1974,1356.60,327.90,119.30,119.80,80.80,11.20,127.90,142.00
2,Bihar,917,Singhbhum,1975,1356.60,327.90,113.30,119.80,83.30,10.20,128.30,149.60
2,Bihar,917,Singhbhum,1976,1356.60,327.90,113.30,119.40,81.30,10.20,131.80,146.80
2,Bihar,917,Singhbhum,1977,1356.60,327.90,112.50,121.80,80.10,10.60,130.70,145.70
2,Bihar,917,Singhbhum,1978,1356.60,327.90,112.40,121.60,84.50,11.00,131.80,134.70
2,Bihar,917,Singhbhum,1979,1356.60,327.10,111.90,125.20,84.50,11.10,131.40,174.50
2,Bihar,917,Singhbhum,1980,1356.60,327.10,112.10,125.30,76.50,9.30,125.50,159.40
2,Bihar,917,Singhbhum,1981,1356.60,380.10,113.50,125.30,78.10,8.10,123.20,155.30
2,Bihar,917,Singhbhum,1982,1356.60,380.10,113.50,125.70,80.50,8.10,131.10,162.90
2,Bihar,917,Singhbhum,1983,1356.60,380.10,113.50,125.70,80.20,8.10,132.50,150.10
2,Bihar,917,Singhbhum,1984,1356.60,380.10,113.50,125.70,80.20,8.10,134.50,144.20
2,Bihar,917,Singhbhum,1985,1356.60,380.10,113.50,125.70,78.20,9.30,129.90,132.90
2,Bihar,917,Singhbhum,1986,1356.60,380.10,113.50,125.70,78.20,8.70,132.70,146.20
2,Bihar,917,Singhbhum,1987,1356.60,380.10,113.50,125.70,78.20,8.60,141.30,153.70
2,Bihar,917,Singhbhum,1988,1356.60,380.10,113.50,125.70,78.20,8.60,141.30,153.70
2,Bihar,917,Singhbhum,1989,1344.00,380.12,113.52,126.85,83.46,8.49,136.92,139.72
2,Bihar,917,Singhbhum,1990,1344.00,446.30,113.50,174.90,67.70,8.50,52.60,130.90
2,Bihar,917,Singhbhum,1991,1356.60,446.30,113.50,182.40,78.30,7.20,87.40,93.30
2,Bihar,917,Singhbhum,1992,1356.60,446.30,113.50,185.90,49.00,6.30,87.10,142.80
2,Bihar,917,Singhbhum,1993,1356.60,446.30,113.20,189.10,76.30,7.20,92.60,112.00
2,Bihar,917,Singhbhum,1994,1356.60,446.30,113.20,182.70,76.10,7.20,88.90,103.90
2,Bihar,917,Singhbhum,1995,1356.62,446.31,113.25,200.45,76.09,7.09,90.11,95.50
2,Bihar,917,Singhbhum,1996,1356.62,446.31,113.25,208.27,74.87,7.15,94.40,104.51
2,Bihar,917,Singhbhum,1997,1356.62,446.31,113.25,211.53,54.87,7.16,92.17,137.68
2,Bihar,917,Singhbhum,1998,1356.62,446.31,113.25,211.53,54.87,7.16,92.17,137.68
2,Bihar,917,Singhbhum,1999,1356.62,446.31,113.25,211.16,54.87,7.15,90.85,126.33
