STCODE,STNAME,DIST,DISTNAME,YEAR,CANALS,TANKS,TUBEWELL,OTHWELL,TOTWELL,OTHSOUR
2,Bihar,901,Champaran,1966,81.39,0.47,3.39,0.83,4.22,7.96
2,Bihar,901,Champaran,1967,83.79,0.67,5.33,0.84,6.17,9.93
2,Bihar,901,Champaran,1968,90.76,2.96,13.82,2.15,15.97,13.73
2,Bihar,901,Champaran,1969,102.98,4.51,25.64,1.28,26.92,14.27
2,Bihar,901,Champaran,1970,108.50,4.53,35.34,2.32,37.66,13.59
2,Bihar,901,Champaran,1971,111.32,4.98,36.69,2.32,39.01,13.47
2,Bihar,901,Champaran,1972,124.86,2.63,51.30,0.97,52.27,14.73
2,Bihar,901,Champaran,1973,99.54,2.91,43.85,0.76,44.61,12.83
2,Bihar,901,Champaran,1974,102.96,3.55,39.41,0.47,39.88,11.23
2,Bihar,901,Champaran,1975,97.55,1.64,54.01,1.31,55.32,14.87
2,Bihar,901,Champaran,1976,152.49,1.80,53.54,0.65,54.19,12.03
2,Bihar,901,Champaran,1977,144.22,1.18,52.71,0.49,53.20,10.23
2,Bihar,901,Champaran,1978,145.12,1.63,61.14,1.43,62.57,11.45
2,Bihar,901,Champaran,1979,137.60,1.39,58.25,1.11,59.36,12.99
2,Bihar,901,Champaran,1980,139.66,2.80,60.77,0.85,61.62,13.15
2,Bihar,901,Champaran,1981,165.53,4.45,55.16,3.70,58.86,8.79
2,Bihar,901,Champaran,1982,121.78,1.84,29.54,1.34,30.88,2.77
2,Bihar,901,Champaran,1983,137.97,2.78,33.02,4.87,37.89,6.69
2,Bihar,901,Champaran,1984,119.40,2.44,38.72,5.71,44.43,5.88
2,Bihar,901,Champaran,1985,112.20,2.50,48.12,2.09,50.21,12.90
2,Bihar,901,Champaran,1986,126.58,6.05,31.27,7.62,38.89,31.70
2,Bihar,901,Champaran,1987,128.50,1.65,65.12,0.85,65.97,13.16
2,Bihar,901,Champaran,1988,152.69,5.84,44.69,8.46,53.15,38.41
2,Bihar,901,Champaran,1989,62.31,2.67,65.96,7.66,73.62,39.58
2,Bihar,901,Champaran,1990,78.04,4.28,115.02,4.04,119.06,27.96
2,Bihar,901,Champaran,1991,73.73,3.15,72.83,18.35,91.18,14.52
2,Bihar,901,Champaran,1992,86.72,1.27,163.56,5.75,169.31,9.33
2,Bihar,901,Champaran,1993,109.13,0.40,127.55,4.82,132.37,20.89
2,Bihar,901,Champaran,1994,85.34,0.40,99.03,2.23,101.26,16.08
2,Bihar,901,Champaran,1995,156.22,0.00,153.62,0.00,153.62,23.98
2,Bihar,901,Champaran,1996,41.89,1.18,97.17,5.69,102.86,30.85
2,Bihar,901,Champaran,1997,98.00,0.00,120.00,0.00,120.00,4.00
2,Bihar,901,Champaran,1998,104.47,0.15,155.98,0.00,155.98,18.48
2,Bihar,901,Champaran,1999,100.18,0.00,151.15,0.00,151.15,12.64
2,Bihar,901,Champaran,2000,138.73,0.00,190.91,0.00,190.91,25.79
2,Bihar,901,Champaran,2001,104.87,0.08,240.64,0.00,240.64,10.94
2,Bihar,901,Champaran,2002,96.32,0.10,203.84,0.00,203.84,14.44
2,Bihar,901,Champaran,2003,91.73,0.48,193.36,0.85,194.21,8.01
2,Bihar,901,Champaran,2004,81.51,0.00,217.45,0.00,217.45,8.98
2,Bihar,901,Champaran,2005,79.53,0.00,168.10,0.00,248.10,11.74
2,Bihar,901,Champaran,2006,66.88,0.00,255.91,0.00,255.91,0.38
2,Bihar,901,Champaran,2007,75.38,0.00,262.60,0.00,262.60,0.38
2,Bihar,901,Champaran,2008,63.01,0.00,271.60,0.00,271.60,3.42
2,Bihar,901,Champaran,2009,68.84,0.01,215.78,0.00,215.78,1.03
2,Bihar,901,Champaran,2010,93.22,0.01,184.19,0.00,184.19,3.49
2,Bihar,901,Champaran,2011,124.38,0.01,192.81,0.00,192.81,3.70
2,Bihar,902,Muzaffarpur,1966,0.00,1.51,9.04,4.99,14.03,5.14
2,Bihar,902,Muzaffarpur,1967,0.75,1.78,5.60,4.13,9.73,2.70
2,Bihar,902,Muzaffarpur,1968,0.90,0.92,11.20,2.83,14.03,1.80
2,Bihar,902,Muzaffarpur,1969,0.72,1.43,16.49,3.82,20.31,6.34
2,Bihar,902,Muzaffarpur,1970,0.55,4.54,19.62,6.03,25.65,7.97
2,Bihar,902,Muzaffarpur,1971,0.14,1.92,26.16,4.07,30.23,8.03
2,Bihar,902,Muzaffarpur,1972,0.15,2.76,34.28,3.68,37.96,5.80
2,Bihar,902,Muzaffarpur,1973,0.06,3.49,46.63,3.43,50.06,5.74
2,Bihar,902,Muzaffarpur,1974,0.32,4.34,63.01,3.76,66.77,9.88
2,Bihar,902,Muzaffarpur,1975,0.10,3.14,102.53,8.98,111.51,14.45
2,Bihar,902,Muzaffarpur,1976,1.72,7.43,120.37,4.73,125.10,12.59
2,Bihar,902,Muzaffarpur,1977,1.05,4.79,106.46,4.46,110.92,10.53
2,Bihar,902,Muzaffarpur,1978,2.13,5.44,95.44,8.26,103.70,8.77
2,Bihar,902,Muzaffarpur,1979,4.53,3.91,100.95,10.21,111.16,19.09
2,Bihar,902,Muzaffarpur,1980,14.00,9.75,79.32,15.09,94.41,13.72
2,Bihar,902,Muzaffarpur,1981,8.36,7.66,61.13,21.63,82.76,13.34
2,Bihar,902,Muzaffarpur,1982,25.12,5.73,74.11,8.40,82.51,14.70
2,Bihar,902,Muzaffarpur,1983,24.60,3.11,90.68,2.56,93.24,14.32
2,Bihar,902,Muzaffarpur,1984,5.84,16.14,101.82,0.86,102.68,36.90
2,Bihar,902,Muzaffarpur,1985,2.22,21.12,78.91,1.42,80.33,54.31
2,Bihar,902,Muzaffarpur,1986,1.70,6.43,94.95,6.06,101.01,53.91
2,Bihar,902,Muzaffarpur,1987,2.78,7.14,114.88,10.75,125.63,54.11
2,Bihar,902,Muzaffarpur,1988,2.88,19.88,148.82,0.17,148.99,22.29
2,Bihar,902,Muzaffarpur,1989,2.70,4.16,168.57,18.22,186.79,12.51
2,Bihar,902,Muzzafarpur,1990,8.75,3.41,155.74,0.08,155.82,23.63
2,Bihar,902,Muzzafarpur,1991,3.90,4.16,157.16,1.20,158.36,23.42
2,Bihar,902,Muzzafarpur,1992,2.49,3.80,156.93,4.56,161.49,18.94
2,Bihar,902,Muzzafarpur,1993,2.14,4.03,179.29,6.04,185.33,22.46
2,Bihar,902,Muzzafarpur,1994,2.82,2.31,153.65,8.80,162.45,40.20
2,Bihar,902,Muzaffarpur,1995,2.29,3.19,178.05,6.17,184.22,28.65
2,Bihar,902,Muzaffarpur,1996,153.70,3.06,142.20,1.46,143.67,55.86
2,Bihar,902,Muzaffarpur,1997,3.00,7.00,175.00,5.00,180.00,26.00
2,Bihar,902,Muzaffarpur,1998,3.08,7.58,209.39,6.79,216.18,11.45
2,Bihar,902,Muzaffarpur,1999,3.03,6.95,201.18,6.70,207.88,10.72
2,Bihar,902,Muzaffarpur,2000,1.94,4.54,206.07,6.39,212.45,7.27
2,Bihar,902,Muzaffarpur,2001,2.16,7.26,229.39,7.66,237.05,9.91
2,Bihar,902,Muzaffarpur,2002,2.17,7.46,227.87,7.09,234.96,10.02
2,Bihar,902,Muzaffarpur,2003,1.49,4.73,220.19,6.76,226.95,5.18
2,Bihar,902,Muzaffarpur,2004,0.00,1.42,234.54,1.37,235.91,3.72
2,Bihar,902,Muzaffarpur,2005,2.84,1.87,219.03,0.00,219.03,6.34
2,Bihar,902,Muzaffarpur,2006,20.01,42.63,179.50,0.00,179.50,11.28
2,Bihar,902,Muzaffarpur,2007,19.70,38.56,192.18,0.00,192.18,8.75
2,Bihar,902,Muzaffarpur,2008,18.09,25.42,190.22,0.00,190.22,18.63
2,Bihar,902,Muzaffarpur,2009,22.79,1.37,232.51,0.00,232.51,10.07
2,Bihar,902,Muzaffarpur,2010,31.49,1.86,238.03,0.00,238.03,12.32
2,Bihar,902,Muzaffarpur,2011,28.69,2.21,232.31,0.00,232.31,10.99
2,Bihar,903,Darbhanga,1966,9.44,6.80,4.05,2.11,6.16,2.76
2,Bihar,903,Darbhanga,1967,11.94,4.69,6.77,0.76,7.53,4.66
2,Bihar,903,Darbhanga,1968,11.55,7.93,12.51,1.19,13.70,11.55
2,Bihar,903,Darbhanga,1969,16.76,12.07,15.40,1.18,16.58,11.47
2,Bihar,903,Darbhanga,1970,13.30,13.81,13.24,2.18,15.42,21.64
2,Bihar,903,Darbhanga,1971,5.55,13.69,26.33,0.86,27.19,15.66
2,Bihar,903,Darbhanga,1972,9.09,8.16,24.19,1.25,25.44,13.52
2,Bihar,903,Darbhanga,1973,13.23,8.15,41.50,1.93,43.43,6.19
2,Bihar,903,Darbhanga,1974,9.39,9.49,44.62,3.56,48.18,21.89
2,Bihar,903,Darbhanga,1975,5.59,21.74,62.15,3.35,65.50,36.31
2,Bihar,903,Darbhanga,1976,12.27,24.36,78.35,3.03,81.38,24.53
2,Bihar,903,Darbhanga,1977,7.97,14.30,71.14,4.88,76.02,20.90
2,Bihar,903,Darbhanga,1978,6.58,15.77,61.87,4.34,66.21,17.27
2,Bihar,903,Darbhanga,1979,7.71,15.37,67.80,1.06,68.86,14.66
2,Bihar,903,Darbhanga,1980,9.32,15.09,62.27,2.77,65.04,23.66
2,Bihar,903,Darbhanga,1981,10.42,13.03,71.79,2.97,74.76,16.85
2,Bihar,903,Darbhanga,1982,11.59,9.58,52.58,6.54,59.12,9.12
2,Bihar,903,Darbhanga,1983,4.92,13.37,77.86,1.17,79.03,12.19
2,Bihar,903,Darbhanga,1984,2.19,20.19,86.16,1.28,87.44,25.24
2,Bihar,903,Darbhanga,1985,3.24,11.31,88.66,0.78,89.44,20.04
2,Bihar,903,Darbhanga,1986,3.84,14.88,97.27,0.91,98.18,15.10
2,Bihar,903,Darbhanga,1987,12.61,13.32,107.70,0.07,107.77,18.16
2,Bihar,903,Darbhanga,1988,4.68,15.10,124.24,0.48,124.72,40.84
2,Bihar,903,Darbhanga,1989,2.50,17.22,133.60,1.84,135.44,27.95
2,Bihar,903,Darbhanga,1990,3.12,25.69,137.49,0.81,138.30,31.63
2,Bihar,903,Darbhanga,1991,0.69,32.56,150.14,1.16,151.30,30.04
2,Bihar,903,Darbhanga,1992,0.31,5.71,163.38,2.35,165.73,27.30
2,Bihar,903,Darbhanga,1993,2.68,45.07,195.33,8.68,204.01,14.51
2,Bihar,903,Darbhanga,1994,8.71,33.25,191.93,0.02,191.95,25.34
2,Bihar,903,Darbhanga,1995,16.42,28.18,174.20,0.00,174.20,26.94
2,Bihar,903,Darbhanga,1996,6.57,35.18,171.51,0.00,171.51,24.13
2,Bihar,903,Darbhanga,1997,6.00,48.00,129.00,0.00,129.00,34.00
2,Bihar,903,Darbhanga,1998,6.48,49.87,124.85,0.00,124.85,42.56
2,Bihar,903,Darbhanga,1999,6.27,62.07,146.61,0.00,146.61,25.46
2,Bihar,903,Darbhanga,2000,4.05,57.83,168.07,0.00,168.07,13.27
2,Bihar,903,Darbhanga,2001,0.00,47.47,202.02,0.00,202.02,5.99
2,Bihar,903,Darbhanga,2002,0.00,60.81,195.09,0.00,195.09,4.16
2,Bihar,903,Darbhanga,2003,0.00,68.99,203.04,0.00,203.04,2.94
2,Bihar,903,Darbhanga,2004,0.00,50.55,227.53,0.00,227.53,3.85
2,Bihar,903,Darbhanga,2005,0.00,51.23,212.11,0.00,212.11,0.00
2,Bihar,903,Darbhanga,2006,0.00,54.43,193.31,0.00,193.31,11.79
2,Bihar,903,Darbhanga,2007,0.00,57.35,210.39,0.00,210.39,16.30
2,Bihar,903,Darbhanga,2008,0.00,53.63,261.07,0.00,261.07,0.00
2,Bihar,903,Darbhanga,2009,37.96,60.72,215.45,0.00,215.45,10.48
2,Bihar,903,Darbhanga,2010,55.70,53.72,192.99,0.00,192.99,7.93
2,Bihar,903,Darbhanga,2011,53.40,46.72,171.43,0.00,171.43,6.95
2,Bihar,904,Saharsa,1966,18.67,0.32,0.86,0.59,1.45,0.47
2,Bihar,904,Saharsa,1967,30.72,1.01,2.70,0.49,3.19,0.28
2,Bihar,904,Saharsa,1968,31.62,0.61,6.07,1.90,7.97,1.03
2,Bihar,904,Saharsa,1969,38.86,0.19,3.93,0.83,4.76,1.24
2,Bihar,904,Saharsa,1970,39.54,0.21,6.45,0.16,6.61,2.69
2,Bihar,904,Saharsa,1971,47.28,0.46,9.74,0.29,10.03,2.76
2,Bihar,904,Saharsa,1972,47.61,1.02,16.43,0.28,16.71,4.69
2,Bihar,904,Saharsa,1973,33.30,0.77,19.37,0.38,19.75,1.58
2,Bihar,904,Saharsa,1974,49.51,0.32,28.88,0.23,29.11,9.20
2,Bihar,904,Saharsa,1975,59.27,0.89,50.45,0.82,51.27,9.14
2,Bihar,904,Saharsa,1976,60.29,1.88,52.53,3.52,56.05,9.81
2,Bihar,904,Saharsa,1977,52.20,1.87,32.65,1.42,34.07,7.55
2,Bihar,904,Saharsa,1978,50.49,3.79,39.04,2.88,41.92,10.90
2,Bihar,904,Saharsa,1979,67.17,2.38,41.29,1.28,42.57,19.47
2,Bihar,904,Saharsa,1980,62.14,5.42,34.24,4.26,38.50,17.63
2,Bihar,904,Saharsa,1981,65.85,6.12,33.13,2.82,35.95,14.31
2,Bihar,904,Saharsa,1982,36.00,8.95,21.49,0.30,21.79,8.64
2,Bihar,904,Saharsa,1983,44.27,0.40,34.17,0.33,34.50,12.64
2,Bihar,904,Saharsa,1984,41.17,1.13,29.98,1.48,31.46,11.36
2,Bihar,904,Saharsa,1985,68.10,0.80,20.58,1.58,22.16,9.30
2,Bihar,904,Saharsa,1986,52.24,3.87,37.21,0.31,37.52,9.14
2,Bihar,904,Saharsa,1987,64.16,3.47,37.85,0.45,38.30,12.37
2,Bihar,904,Saharsa,1988,81.94,1.67,53.98,2.20,56.18,19.71
2,Bihar,904,Saharsa,1989,59.21,0.06,63.97,1.47,65.44,12.24
2,Bihar,904,Saharsa,1990,73.93,3.82,71.79,8.58,80.37,5.26
2,Bihar,904,Saharsa,1991,73.15,1.39,75.21,5.70,80.91,18.25
2,Bihar,904,Saharsa,1992,73.85,1.08,74.28,7.31,81.59,20.53
2,Bihar,904,Saharsa,1993,54.90,1.44,69.92,11.12,81.04,60.38
2,Bihar,904,Saharsa,1994,68.69,6.24,82.41,9.45,91.86,42.89
2,Bihar,904,Saharsa,1995,47.67,4.25,54.33,0.00,54.33,26.72
2,Bihar,904,Saharsa,1996,65.18,6.13,58.23,1.73,59.96,36.94
2,Bihar,904,Saharsa,1997,88.00,1.00,148.00,0.00,148.00,6.00
2,Bihar,904,Saharsa,1998,92.13,1.93,144.69,0.43,145.12,10.86
2,Bihar,904,Saharsa,1999,79.88,1.16,133.01,1.54,134.55,11.46
2,Bihar,904,Saharsa,2000,35.55,0.00,116.01,0.00,116.02,5.86
2,Bihar,904,Saharsa,2001,42.01,0.47,101.68,1.69,103.38,3.74
2,Bihar,904,Saharsa,2002,46.02,1.12,99.92,0.34,100.26,6.03
2,Bihar,904,Saharsa,2003,56.16,0.58,98.83,0.00,98.83,3.87
2,Bihar,904,Saharsa,2004,39.26,0.00,93.19,0.00,93.19,2.58
2,Bihar,904,Saharsa,2005,45.87,1.44,174.97,0.00,174.97,5.98
2,Bihar,904,Saharsa,2006,27.59,0.37,88.33,0.00,88.33,5.28
2,Bihar,904,Saharsa,2007,23.96,0.03,85.02,0.00,85.02,12.94
2,Bihar,904,Saharsa,2008,27.40,0.06,109.70,0.00,109.70,12.41
2,Bihar,904,Saharsa,2009,19.67,0.00,135.01,0.00,135.01,9.40
2,Bihar,904,Saharsa,2010,20.50,0.00,107.78,0.00,107.78,4.05
2,Bihar,904,Saharsa,2011,16.29,0.00,94.83,0.00,94.83,3.61
2,Bihar,905,Purnea,1966,17.80,0.00,0.28,0.44,0.72,0.93
2,Bihar,905,Purnea,1967,35.34,0.04,0.35,0.21,0.56,1.33
2,Bihar,905,Purnea,1968,51.40,0.11,2.50,0.05,2.55,2.15
2,Bihar,905,Purnea,1969,47.14,0.16,4.45,0.18,4.63,1.74
2,Bihar,905,Purnea,1970,49.73,0.12,10.00,0.11,10.11,4.58
2,Bihar,905,Purnea,1971,49.98,0.16,8.65,0.35,9.00,6.76
2,Bihar,905,Purnea,1972,47.47,0.45,18.33,2.14,20.47,6.81
2,Bihar,905,Purnea,1973,33.96,0.08,15.56,0.19,15.75,7.31
2,Bihar,905,Purnea,1974,33.86,0.09,23.69,1.75,25.44,8.28
2,Bihar,905,Purnea,1975,30.30,0.14,32.14,1.42,33.56,11.28
2,Bihar,905,Purnea,1976,36.04,0.27,47.78,1.04,48.82,6.21
2,Bihar,905,Purnea,1977,41.58,0.38,41.99,0.67,42.66,3.91
2,Bihar,905,Purnea,1978,48.92,1.76,35.33,0.21,35.54,8.83
2,Bihar,905,Purnea,1979,45.71,1.02,31.60,1.99,33.59,9.31
2,Bihar,905,Purnea,1980,46.19,0.80,38.25,3.27,41.52,7.62
2,Bihar,905,Purnea,1981,51.16,1.16,35.99,5.44,41.43,8.96
2,Bihar,905,Purnea,1982,44.19,3.07,44.94,3.62,48.56,15.91
2,Bihar,905,Purnea,1983,67.85,0.72,52.19,1.74,53.93,13.20
2,Bihar,905,Purnea,1984,55.55,0.31,54.73,0.18,54.91,12.81
2,Bihar,905,Purnea,1985,42.01,1.91,80.52,1.09,81.61,17.44
2,Bihar,905,Purnea,1986,48.45,0.44,58.64,0.00,58.64,15.94
2,Bihar,905,Purnea,1987,68.42,0.27,68.67,0.00,68.67,44.65
2,Bihar,905,Purnea,1988,86.05,0.45,84.87,1.07,85.94,18.80
2,Bihar,905,Purnea,1989,59.60,1.55,84.68,0.00,84.68,11.19
2,Bihar,905,Purnea,1990,41.06,0.57,104.21,1.77,105.98,21.47
2,Bihar,905,Purnea,1991,45.50,0.59,181.70,1.60,183.30,19.55
2,Bihar,905,Purnea,1992,37.85,2.89,178.52,5.89,184.41,16.39
2,Bihar,905,Purnea,1993,49.99,1.06,180.15,5.71,185.86,22.65
2,Bihar,905,Purnea,1994,48.00,1.48,202.30,7.06,209.36,14.82
2,Bihar,905,Purnia,1995,41.70,1.32,182.32,0.00,182.32,58.98
2,Bihar,905,Purnia,1996,35.48,2.45,191.65,0.00,191.65,25.89
2,Bihar,905,Purnea,1997,31.00,3.00,193.00,0.00,193.00,25.00
2,Bihar,905,Purnea,1998,35.54,2.76,207.12,0.00,207.12,12.57
2,Bihar,905,Purnea,1999,27.62,1.62,241.41,0.00,241.41,6.71
2,Bihar,905,Purnea,2000,14.42,0.05,245.93,0.00,245.93,5.22
2,Bihar,905,Purnea,2001,10.80,0.00,276.33,0.00,276.33,0.00
2,Bihar,905,Purnea,2002,11.26,0.05,272.87,0.00,272.87,0.00
2,Bihar,905,Purnea,2003,11.73,0.00,271.15,0.00,271.15,0.00
2,Bihar,905,Purnea,2004,14.67,0.00,236.88,0.00,236.88,0.00
2,Bihar,905,Purnea,2005,44.41,0.72,195.95,0.00,195.95,0.32
2,Bihar,905,Purnea,2006,26.80,4.54,227.20,0.00,227.20,15.93
2,Bihar,905,Purnea,2007,23.70,0.00,244.62,0.00,244.62,21.63
2,Bihar,905,Purnea,2008,0.00,0.00,336.21,0.00,336.21,2.81
2,Bihar,905,Purnea,2009,0.00,0.00,323.56,0.00,323.56,0.23
2,Bihar,905,Purnea,2010,46.97,0.00,260.64,0.09,260.73,3.08
2,Bihar,905,Purnea,2011,40.02,0.00,207.30,0.06,207.36,2.45
2,Bihar,906,Saran,1966,0.15,8.68,9.73,90.66,100.39,6.69
2,Bihar,906,Saran,1967,0.15,10.16,9.39,93.86,103.25,10.36
2,Bihar,906,Saran,1968,1.23,12.05,26.63,72.74,99.37,17.45
2,Bihar,906,Saran,1969,0.01,11.69,26.51,77.60,104.11,18.70
2,Bihar,906,Saran,1970,0.18,12.00,32.56,74.58,107.14,12.50
2,Bihar,906,Saran,1971,0.00,7.90,46.93,82.89,129.82,17.78
2,Bihar,906,Saran,1972,0.71,5.64,62.18,70.97,133.15,14.62
2,Bihar,906,Saran,1973,3.57,7.59,85.42,61.05,146.47,17.26
2,Bihar,906,Saran,1974,7.90,16.01,119.85,51.83,171.68,21.83
2,Bihar,906,Saran,1975,24.56,13.06,140.95,66.28,207.23,31.55
2,Bihar,906,Saran,1976,36.72,13.58,142.44,63.86,206.30,38.42
2,Bihar,906,Saran,1977,59.42,9.22,129.10,71.52,200.62,26.61
2,Bihar,906,Saran,1978,67.94,9.09,113.20,68.97,182.17,28.71
2,Bihar,906,Saran,1979,70.44,14.64,104.73,56.90,161.63,40.27
2,Bihar,906,Saran,1980,76.90,8.73,109.42,42.48,151.90,49.15
2,Bihar,906,Saran,1981,110.11,12.27,103.13,43.48,146.61,22.48
2,Bihar,906,Saran,1982,93.78,15.92,109.55,33.59,143.14,28.49
2,Bihar,906,Saran,1983,75.44,20.62,98.46,46.83,145.29,27.36
2,Bihar,906,Saran,1984,81.98,10.89,122.16,37.43,159.59,26.41
2,Bihar,906,Saran,1985,60.03,7.92,172.22,13.52,185.74,14.35
2,Bihar,906,Saran,1986,83.69,6.83,169.33,6.47,175.80,13.56
2,Bihar,906,Saran,1987,68.25,6.33,217.06,7.40,224.46,16.51
2,Bihar,906,Saran,1988,49.43,6.47,253.65,10.88,264.53,22.44
2,Bihar,906,Saran,1989,77.81,10.72,200.70,13.11,213.81,33.92
2,Bihar,906,Saran,1990,57.49,5.83,229.55,30.26,259.81,32.89
2,Bihar,906,Saran,1991,169.83,1.64,136.09,1.27,137.36,37.24
2,Bihar,906,Saran,1992,77.10,16.09,201.69,17.11,218.80,23.63
2,Bihar,906,Saran,1993,75.29,17.64,225.49,6.98,232.47,8.77
2,Bihar,906,Saran,1994,101.82,3.74,224.50,1.07,225.57,7.49
2,Bihar,906,Saran,1995,98.26,28.24,196.06,4.69,200.75,8.98
2,Bihar,906,Saran,1996,106.54,18.05,199.41,0.36,199.76,6.31
2,Bihar,906,Saran,1997,95.00,21.00,201.00,0.00,201.00,12.00
2,Bihar,906,Saran,1998,82.92,19.99,224.18,0.24,224.42,4.98
2,Bihar,906,Saran,1999,67.31,21.16,215.32,0.10,215.42,8.58
2,Bihar,906,Saran,2000,65.16,18.61,218.49,0.19,218.68,16.15
2,Bihar,906,Saran,2001,70.30,21.32,224.99,0.19,225.17,3.33
2,Bihar,906,Saran,2002,76.96,22.13,228.65,0.19,228.83,7.24
2,Bihar,906,Saran,2003,56.79,2.51,241.59,0.08,241.67,7.11
2,Bihar,906,Saran,2004,69.08,9.72,220.78,0.19,220.97,1.80
2,Bihar,906,Saran,2005,67.92,8.20,228.27,0.16,228.43,1.67
2,Bihar,906,Saran,2006,42.81,7.12,259.35,0.00,259.35,0.08
2,Bihar,906,Saran,2007,56.15,7.47,250.97,0.00,250.97,0.05
2,Bihar,906,Saran,2008,69.46,8.01,235.90,0.00,235.90,0.12
2,Bihar,906,Saran,2009,81.20,3.35,230.81,0.00,230.81,2.19
2,Bihar,906,Saran,2010,87.12,2.83,211.99,0.00,211.99,3.51
2,Bihar,906,Saran,2011,83.50,2.58,206.57,0.00,206.57,3.34
2,Bihar,907,Patna,1966,44.11,1.01,35.13,31.06,66.19,40.38
2,Bihar,907,Patna,1967,47.65,3.55,69.76,18.64,88.40,89.13
2,Bihar,907,Patna,1968,58.10,6.00,73.72,13.86,87.58,114.03
2,Bihar,907,Patna,1969,60.35,8.12,80.94,16.99,97.93,116.64
2,Bihar,907,Patna,1970,57.56,3.45,97.99,13.97,111.96,89.02
2,Bihar,907,Patna,1971,59.72,4.31,87.87,9.28,97.15,79.36
2,Bihar,907,Patna,1972,57.77,0.39,91.75,19.98,111.73,90.13
2,Bihar,907,Patna,1973,54.59,0.29,104.44,7.05,111.49,100.00
2,Bihar,907,Patna,1974,63.11,2.38,121.11,4.90,126.01,106.49
2,Bihar,907,Patna,1975,46.86,2.69,132.35,10.38,142.73,94.14
2,Bihar,907,Patna,1976,51.53,1.03,145.15,18.68,163.83,94.03
2,Bihar,907,Patna,1977,67.28,5.95,143.42,27.25,170.67,87.98
2,Bihar,907,Patna,1978,64.70,4.82,112.97,46.44,159.41,80.36
2,Bihar,907,Patna,1979,48.02,12.20,157.75,22.19,179.94,66.35
2,Bihar,907,Patna,1980,51.54,0.66,151.11,19.89,171.00,109.57
2,Bihar,907,Patna,1981,50.12,1.63,147.17,19.95,167.12,119.95
2,Bihar,907,Patna,1982,40.33,3.69,83.24,23.99,107.23,20.69
2,Bihar,907,Patna,1983,54.19,0.89,125.72,15.06,140.78,48.01
2,Bihar,907,Patna,1984,38.61,14.62,123.48,11.38,134.86,77.41
2,Bihar,907,Patna,1985,41.22,5.79,113.90,11.52,125.42,89.50
2,Bihar,907,Patna,1986,40.69,10.49,110.94,6.49,117.43,110.97
2,Bihar,907,Patna,1987,50.35,6.24,113.67,16.36,130.03,142.75
2,Bihar,907,Patna,1988,47.96,0.09,139.77,6.53,146.30,150.65
2,Bihar,907,Patna,1989,43.61,8.99,147.06,4.00,151.06,105.30
2,Bihar,907,Patna,1990,45.26,12.43,174.47,3.97,178.44,51.51
2,Bihar,907,Patna,1991,40.49,8.96,168.47,2.88,171.35,37.52
2,Bihar,907,Patna,1992,64.67,6.97,201.05,6.65,207.70,37.27
2,Bihar,907,Patna,1993,38.69,7.72,147.96,6.45,154.41,35.80
2,Bihar,907,Patna,1994,16.01,7.89,186.47,6.82,193.29,85.00
2,Bihar,907,Patna,1995,16.13,17.07,220.73,3.05,223.78,64.13
2,Bihar,907,Patna,1996,6.02,3.65,269.08,2.99,272.07,56.02
2,Bihar,907,Patna,1997,7.00,3.00,212.00,1.00,213.00,36.00
2,Bihar,907,Patna,1998,5.45,1.82,241.02,0.89,241.91,30.01
2,Bihar,907,Patna,1999,5.47,1.75,273.96,0.61,274.57,9.65
2,Bihar,907,Patna,2000,23.85,3.06,219.33,2.38,221.72,34.09
2,Bihar,907,Patna,2001,33.68,1.48,176.61,0.54,177.15,22.68
2,Bihar,907,Patna,2002,44.15,1.65,198.98,0.54,199.52,16.04
2,Bihar,907,Patna,2003,46.36,1.16,178.43,0.83,179.26,15.43
2,Bihar,907,Patna,2004,34.79,1.20,180.81,0.00,180.81,16.98
2,Bihar,907,Patna,2005,43.44,4.22,169.15,7.06,176.21,17.50
2,Bihar,907,Patna,2006,44.07,5.55,178.29,4.23,182.52,18.39
2,Bihar,907,Patna,2007,36.82,5.03,181.93,1.29,183.22,22.33
2,Bihar,907,Patna,2008,40.25,3.99,203.02,0.00,203.02,13.12
2,Bihar,907,Patna,2009,20.97,2.01,155.67,0.00,155.67,6.32
2,Bihar,907,Patna,2010,38.18,0.00,137.54,11.89,149.43,1.82
2,Bihar,907,Patna,2011,38.10,0.00,154.96,10.09,165.04,2.13
2,Bihar,908,Monghyr,1966,33.22,6.34,2.86,6.02,8.88,42.17
2,Bihar,908,Monghyr,1967,33.47,0.83,2.88,2.03,4.91,75.59
2,Bihar,908,Monghyr,1968,61.05,4.09,9.14,12.46,21.60,49.45
2,Bihar,908,Monghyr,1969,58.70,16.95,11.25,6.63,17.88,46.16
2,Bihar,908,Mungher,1970,49.95,4.81,17.34,8.84,26.18,25.75
2,Bihar,908,Mungher,1971,57.15,4.83,32.18,8.38,40.56,46.44
2,Bihar,908,Mungher,1972,51.21,2.27,42.73,5.31,48.04,28.54
2,Bihar,908,Mungher,1973,67.12,0.44,61.60,9.14,70.74,38.57
2,Bihar,908,Mungher,1974,56.08,1.96,72.60,8.80,81.40,37.59
2,Bihar,908,Mungher,1975,54.82,1.56,72.47,15.11,87.58,38.85
2,Bihar,908,Mungher,1976,39.57,2.53,92.35,19.52,111.87,32.02
2,Bihar,908,Mungher,1977,40.15,5.59,98.01,8.96,106.97,31.58
2,Bihar,908,Mungher,1978,58.10,2.92,92.93,11.89,104.82,29.55
2,Bihar,908,Mungher,1979,49.12,3.56,93.50,15.39,108.89,35.68
2,Bihar,908,Mungher,1980,79.15,2.56,66.06,34.59,100.65,30.35
2,Bihar,908,Mungher,1981,82.71,4.19,102.49,6.50,108.99,18.62
2,Bihar,908,Mungher,1982,57.47,2.71,115.17,11.44,126.61,10.01
2,Bihar,908,Mungher,1983,56.84,4.20,115.79,9.94,125.73,20.03
2,Bihar,908,Mungher,1984,60.30,4.72,112.61,8.39,121.00,38.60
2,Bihar,908,Mungher,1985,54.27,8.56,124.78,6.25,131.03,32.38
2,Bihar,908,Mungher,1986,48.82,4.75,123.92,13.87,137.79,31.06
2,Bihar,908,Mungher,1987,60.18,3.98,135.96,2.37,138.33,46.97
2,Bihar,908,Mungher,1988,82.22,6.01,150.43,16.39,166.82,22.63
2,Bihar,908,Mungher,1989,54.80,4.33,153.43,2.05,155.48,23.34
2,Bihar,908,Mungher,1990,68.65,11.30,159.79,4.57,164.36,25.22
2,Bihar,908,Mungher,1991,45.37,5.73,153.31,25.27,178.58,28.06
2,Bihar,908,Mungher,1992,46.35,3.02,183.46,27.44,210.90,58.32
2,Bihar,908,Mungher,1993,35.20,10.08,180.43,28.02,208.45,76.20
2,Bihar,908,Mungher,1994,26.19,3.33,185.98,32.34,218.32,77.67
2,Bihar,908,Mungher,1995,50.12,3.11,194.28,3.15,197.43,17.49
2,Bihar,908,Mungher,1996,68.58,8.77,224.98,13.47,238.44,31.70
2,Bihar,908,Mungher,1997,43.00,5.00,175.00,4.00,179.00,50.00
2,Bihar,908,Mungher,1998,39.68,3.06,145.65,2.73,148.38,86.13
2,Bihar,908,Monghyr,1999,35.04,5.32,207.01,3.56,210.57,51.08
2,Bihar,908,Monghyr,2000,23.51,8.99,221.59,0.80,222.38,31.13
2,Bihar,908,Monghyr,2001,6.66,3.24,235.74,1.28,237.01,20.44
2,Bihar,908,Monghyr,2002,28.51,4.89,235.80,1.28,237.08,26.48
2,Bihar,908,Monghyr,2003,39.62,2.29,246.85,2.03,248.88,18.68
2,Bihar,908,Monghyr,2004,22.94,5.74,215.17,0.13,215.31,7.31
2,Bihar,908,Monghyr,2005,40.08,1.44,204.31,0.06,204.37,5.52
2,Bihar,908,Monghyr,2006,54.20,13.18,205.70,1.22,206.92,10.22
2,Bihar,908,Mungair,2007,50.66,16.37,204.18,0.96,205.14,14.08
2,Bihar,908,Mungair,2008,45.59,12.87,209.19,0.85,210.04,6.45
2,Bihar,908,Mungair,2009,39.70,6.42,225.29,0.00,225.29,3.58
2,Bihar,908,Monghyr,2010,33.64,6.29,239.26,0.00,239.26,3.72
2,Bihar,908,Monghyr,2011,32.17,7.29,236.31,0.00,236.31,5.24
2,Bihar,909,Bhagalpur,1966,24.78,13.78,0.26,7.86,8.12,74.45
2,Bihar,909,Bhagalpur,1967,51.43,13.57,3.46,5.69,9.15,60.99
2,Bihar,909,Bhagalpur,1968,33.39,5.94,3.97,4.02,7.99,84.90
2,Bihar,909,Bhagalpur,1969,41.06,10.65,5.91,5.70,11.61,80.04
2,Bihar,909,Bhagalpur,1970,10.34,3.38,3.03,2.18,5.21,27.04
2,Bihar,909,Bhagalpur,1971,35.56,10.46,7.18,5.17,12.35,76.22
2,Bihar,909,Bhagalpur,1972,49.40,5.47,9.00,2.58,11.58,64.14
2,Bihar,909,Bhagalpur,1973,58.92,3.22,9.35,3.72,13.07,63.19
2,Bihar,909,Bhagalpur,1974,47.79,2.49,10.60,3.02,13.62,74.04
2,Bihar,909,Bhagalpur,1975,27.80,4.89,11.88,6.04,17.92,93.17
2,Bihar,909,Bhagalpur,1976,46.08,3.20,17.39,8.74,26.13,47.86
2,Bihar,909,Bhagalpur,1977,37.51,10.75,19.27,8.40,27.67,57.71
2,Bihar,909,Bhagalpur,1978,64.74,6.28,7.21,6.46,13.67,41.73
2,Bihar,909,Bhagalpur,1979,68.66,6.16,11.18,8.35,19.53,33.86
2,Bihar,909,Bhagalpur,1980,62.81,9.46,17.22,4.29,21.51,37.24
2,Bihar,909,Bhagalpur,1981,78.75,8.30,16.95,10.58,27.53,18.58
2,Bihar,909,Bhagalpur,1982,59.09,13.25,18.89,9.75,28.64,17.50
2,Bihar,909,Bhagalpur,1983,48.35,10.86,19.10,4.53,23.63,39.25
2,Bihar,909,Bhagalpur,1984,56.29,17.99,30.28,3.92,34.20,34.66
2,Bihar,909,Bhagalpur,1985,63.12,10.86,27.18,3.86,31.04,26.22
2,Bihar,909,Bhagalpur,1986,57.77,12.06,26.59,3.16,29.75,44.06
2,Bihar,909,Bhagalpur,1987,58.03,8.26,25.82,3.43,29.25,37.36
2,Bihar,909,Bhagalpur,1988,75.77,9.20,33.70,2.95,36.65,24.25
2,Bihar,909,Bhagalpur,1989,78.32,6.50,24.26,10.73,34.99,12.52
2,Bihar,909,Bhagalpur,1990,63.85,7.79,25.09,8.56,29.80,31.01
2,Bihar,909,Bhagalpur,1991,61.95,15.17,27.65,15.74,43.39,16.69
2,Bihar,909,Bhagalpur,1992,59.73,10.86,21.37,18.69,40.06,22.09
2,Bihar,909,Bhagalpur,1993,65.69,11.67,26.87,4.64,31.51,26.68
2,Bihar,909,Bhagalpur,1994,54.16,8.95,26.42,5.02,31.44,36.31
2,Bihar,909,Bhagalpur,1995,65.92,7.63,36.88,11.72,48.61,41.82
2,Bihar,909,Bhagalpur,1996,25.10,1.81,16.66,0.45,17.10,15.66
2,Bihar,909,Bhagalpur,1997,11.00,11.00,54.00,28.00,82.00,45.00
2,Bihar,909,Bhagalpur,1998,30.61,22.64,54.72,4.92,59.64,37.29
2,Bihar,909,Bhagalpur,1999,62.61,19.66,57.32,3.06,60.38,5.87
2,Bihar,909,Bhagalpur,2000,50.44,11.12,66.22,0.60,66.82,28.04
2,Bihar,909,Bhagalpur,2001,53.62,2.79,75.71,1.78,77.49,12.62
2,Bihar,909,Bhagalpur,2002,51.72,3.12,81.62,2.22,83.84,12.76
2,Bihar,909,Bhagalpur,2003,85.99,9.31,56.64,1.23,57.87,3.37
2,Bihar,909,Bhagalpur,2004,38.84,8.01,88.13,0.00,88.13,0.32
2,Bihar,909,Bhagalpur,2005,34.22,11.17,102.98,0.00,102.98,0.00
2,Bihar,909,Bhagalpur,2006,33.27,5.33,95.06,0.07,95.13,2.05
2,Bihar,909,Bhagalpur,2007,35.78,3.63,104.54,0.09,104.63,1.80
2,Bihar,909,Bhagalpur,2008,34.71,3.53,110.04,0.00,110.04,0.00
2,Bihar,909,Bhagalpur,2009,53.58,0.34,77.56,0.56,78.11,2.82
2,Bihar,909,Bhagalpur,2010,37.39,0.20,80.97,1.11,82.08,0.72
2,Bihar,909,Bhagalpur,2011,46.02,0.26,92.65,1.44,94.09,1.12
2,Bihar,910,Santhal Paragana,1966,6.40,38.86,0.80,6.01,6.81,13.17
2,Bihar,910,Santhal Paragana,1967,4.51,36.28,0.64,5.82,6.46,14.29
2,Bihar,910,Santhal Paragana,1968,5.46,43.22,0.38,3.36,3.74,13.69
2,Bihar,910,Santhal Paragana,1969,6.77,30.71,0.56,2.31,2.87,10.52
2,Bihar,910,Santhal Paragana,1970,5.91,33.52,0.19,3.11,3.30,12.01
2,Bihar,910,Santhal Paragana,1971,5.17,27.30,0.24,3.70,3.94,23.71
2,Bihar,910,Santhal Paragana,1972,5.35,20.57,0.22,4.52,4.74,11.57
2,Bihar,910,Santhal Paragana,1973,6.99,16.41,0.57,5.81,6.38,11.13
2,Bihar,910,Santhal Paragana,1974,2.52,17.86,0.86,7.40,8.26,25.84
2,Bihar,910,Santhal Paragana,1975,7.13,14.89,1.43,10.34,11.77,14.24
2,Bihar,910,Santhal Paragana,1976,9.14,16.05,2.09,9.69,11.78,9.68
2,Bihar,910,Santhal Paragana,1977,12.06,16.06,1.90,9.16,11.06,9.86
2,Bihar,910,Santhal Paragana,1978,9.24,13.75,1.56,9.71,11.27,7.99
2,Bihar,910,Santhal Paragana,1979,7.86,15.06,0.13,11.05,11.18,11.10
2,Bihar,910,Santhal Paragana,1980,28.36,8.24,6.15,3.58,9.73,8.05
2,Bihar,910,Santhal Paragana,1981,19.22,9.54,1.37,3.81,5.18,8.73
2,Bihar,910,Santhal Paragana,1982,10.09,9.47,1.01,4.84,5.85,15.16
2,Bihar,910,Santhal Paragana,1983,2.94,9.92,1.26,3.16,4.42,14.22
2,Bihar,910,Santhal Paragana,1984,3.79,11.50,1.30,3.45,4.75,11.45
2,Bihar,910,Santhal Paragana,1985,12.29,11.40,1.21,3.44,4.65,11.21
2,Bihar,910,Santhal Paragana,1986,12.79,9.51,1.43,3.99,5.42,11.12
2,Bihar,910,Santhal Paragana,1987,9.76,10.52,0.92,4.27,5.19,8.32
2,Bihar,910,Santhal Paragana,1988,10.58,10.61,1.13,3.99,5.12,7.93
2,Bihar,910,Santhal Paragana,1989,2.73,13.17,0.99,4.75,5.74,8.96
2,Bihar,910,Santhal Paragana,1990,2.25,10.73,1.48,5.31,6.79,8.80
2,Bihar,910,Santhal Paragana,1991,2.52,12.07,0.37,8.20,8.57,7.74
2,Bihar,910,Santhal Paragana,1992,2.88,12.82,1.35,9.82,11.17,7.43
2,Bihar,910,Santhal Paragana,1993,4.56,12.86,0.77,8.74,9.51,6.43
2,Bihar,910,Santhal Paragana,1994,2.27,12.58,1.00,8.76,9.76,6.36
2,Bihar,910,Santhal Paragana,1997,-1.00,-1.00,-1.00,-1.00,-1.00,-1.00
2,Bihar,910,Santhal Paragana,1998,0.13,11.91,0.09,13.85,13.94,4.09
2,Bihar,910,Santhal Paragana,1999,0.13,10.27,0.00,15.28,15.28,12.73
2,Bihar,911,Shahabad,1966,303.02,22.77,28.57,25.45,54.02,27.57
2,Bihar,911,Shahabad,1967,309.47,40.92,51.24,20.12,71.36,38.65
2,Bihar,911,Shahabad,1968,322.03,34.31,56.00,19.48,75.48,36.60
2,Bihar,911,Shahabad,1969,318.57,36.22,60.69,18.20,78.89,43.77
2,Bihar,911,Shahabad,1970,333.98,33.48,70.48,17.19,87.67,46.19
2,Bihar,911,Shahabad,1971,370.71,40.70,72.80,11.99,84.79,50.49
2,Bihar,911,Shahabad,1972,397.74,40.60,78.52,14.12,92.64,48.56
2,Bihar,911,Shahabad,1973,365.34,16.83,73.79,8.95,82.74,47.64
2,Bihar,911,Shahabad,1974,364.33,25.81,89.63,7.88,97.51,36.54
2,Bihar,911,Shahabad,1975,378.82,23.29,93.07,7.94,101.01,37.71
2,Bihar,911,Shahabad,1976,360.50,24.55,87.21,8.77,95.98,33.84
2,Bihar,911,Shahabad,1977,378.10,25.66,69.23,6.00,75.23,19.59
2,Bihar,911,Shahabad,1978,398.25,23.15,66.49,7.96,74.45,72.50
2,Bihar,911,Shahabad,1979,290.47,12.69,74.36,8.28,82.64,112.77
2,Bihar,911,Shahabad,1980,363.43,12.76,67.67,5.06,72.73,91.33
2,Bihar,911,Shahabad,1981,346.90,9.18,68.25,5.22,73.47,126.74
2,Bihar,911,Shahabad,1982,293.63,3.70,55.86,2.19,58.05,90.61
2,Bihar,911,Shahabad,1983,331.54,14.36,92.60,5.16,97.76,31.87
2,Bihar,911,Shahabad,1984,366.92,8.76,106.44,17.02,123.46,48.02
2,Bihar,911,Shahabad,1985,347.06,18.36,79.29,2.34,81.63,93.49
2,Bihar,911,Shahabad,1986,458.92,20.31,76.48,5.99,82.47,50.05
2,Bihar,911,Shahabad,1987,439.74,12.83,73.15,1.44,74.59,67.56
2,Bihar,911,Shahabad,1988,495.22,14.36,104.67,1.98,106.65,65.40
2,Bihar,911,Shahabad,1989,447.26,6.30,90.55,2.23,92.78,61.21
2,Bihar,911,Shahabad,1990,461.72,15.86,87.81,6.01,93.82,42.41
2,Bihar,911,Shahabad,1991,524.80,2.13,119.76,5.16,124.92,60.06
2,Bihar,911,Shahabad,1992,231.99,11.80,93.55,5.89,99.44,65.95
2,Bihar,911,Shahabad,1993,283.10,10.73,78.52,0.16,78.68,46.16
2,Bihar,911,Shahabad,1994,263.08,14.79,92.22,0.01,92.23,14.41
2,Bihar,911,Shahabad,1995,398.63,3.99,173.30,0.54,173.84,32.92
2,Bihar,911,Shahabad,1996,379.57,2.47,190.28,1.01,191.26,92.16
2,Bihar,911,Shahabad,1997,289.00,0.00,62.00,0.00,62.00,49.00
2,Bihar,911,Shahabad,1998,283.45,0.19,63.67,0.00,63.67,49.97
2,Bihar,911,Shahabad,1999,286.14,0.25,68.05,0.00,68.05,24.99
2,Bihar,911,Shahabad,2000,235.39,26.75,110.81,0.00,110.81,15.55
2,Bihar,911,Shahabad,2001,212.18,24.35,121.39,0.00,121.39,30.15
2,Bihar,911,Shahabad,2002,199.92,6.50,160.76,0.00,171.77,23.13
2,Bihar,911,Shahabad,2003,153.62,18.13,188.84,0.89,188.84,24.32
2,Bihar,911,Shahabad,2004,191.01,8.69,138.20,0.00,138.20,21.20
2,Bihar,911,Shahabad,2005,229.71,23.92,116.24,0.00,116.24,8.60
2,Bihar,911,Shahabad,2006,236.45,26.47,147.97,2.58,147.97,10.53
2,Bihar,911,Shahabad,2007,227.41,26.27,153.15,1.50,154.66,8.45
2,Bihar,911,Shahabad,2008,205.20,24.44,161.28,1.53,162.81,4.23
2,Bihar,911,Shahabad,2009,209.76,5.27,141.68,3.86,145.54,9.71
2,Bihar,911,Shahabad,2010,280.77,0.24,133.71,5.86,139.55,35.87
2,Bihar,911,Shahabad,2011,290.94,0.20,139.45,5.98,145.45,37.53
2,Bihar,912,Gaya,1966,82.73,14.23,22.46,58.76,81.22,199.88
2,Bihar,912,Gaya,1967,105.17,46.04,25.82,36.90,62.72,322.09
2,Bihar,912,Gaya,1968,108.10,27.16,38.89,34.72,73.61,343.10
2,Bihar,912,Gaya,1969,97.13,13.75,35.75,33.72,69.47,393.54
2,Bihar,912,Gaya,1970,115.48,23.66,48.07,29.76,77.83,320.04
2,Bihar,912,Gaya,1971,109.17,7.81,35.85,29.51,65.36,382.67
2,Bihar,912,Gaya,1972,113.91,3.87,53.75,22.87,76.62,205.99
2,Bihar,912,Gaya,1973,131.97,2.76,61.65,22.95,84.60,256.05
2,Bihar,912,Gaya,1974,119.17,4.75,80.76,24.97,105.73,261.46
2,Bihar,912,Gaya,1975,134.30,3.00,83.91,35.65,119.56,218.20
2,Bihar,912,Gaya,1976,118.86,4.98,108.22,29.71,137.93,246.34
2,Bihar,912,Gaya,1977,128.36,8.21,98.67,33.88,132.55,343.85
2,Bihar,912,Gaya,1978,127.79,3.04,85.50,22.62,108.12,387.17
2,Bihar,912,Gaya,1979,101.95,2.99,112.95,20.67,133.62,286.42
2,Bihar,912,Gaya,1980,133.20,5.10,88.86,27.15,116.01,326.02
2,Bihar,912,Gaya,1981,131.21,8.34,97.17,16.38,113.55,323.03
2,Bihar,912,Gaya,1982,104.49,2.62,76.39,28.20,104.59,178.13
2,Bihar,912,Gaya,1983,131.30,5.02,65.33,9.39,74.72,176.53
2,Bihar,912,Gaya,1984,133.65,8.07,107.87,19.12,126.99,219.33
2,Bihar,912,Gaya,1985,143.36,7.88,90.21,18.41,108.62,258.68
2,Bihar,912,Gaya,1986,144.20,8.77,93.43,15.64,109.07,269.13
2,Bihar,912,Gaya,1987,142.74,9.93,114.17,16.09,130.26,282.23
2,Bihar,912,Gaya,1988,172.47,3.20,162.20,23.25,185.45,244.80
2,Bihar,912,Gaya,1989,145.57,4.27,114.53,20.39,134.92,221.06
2,Bihar,912,Gaya,1990,188.09,3.11,116.20,11.09,127.29,258.45
2,Bihar,912,Gaya,1991,160.71,3.02,130.15,22.42,152.57,186.02
2,Bihar,912,Gaya,1992,141.21,2.86,97.75,6.66,104.41,211.42
2,Bihar,912,Gaya,1993,145.35,3.64,138.20,7.44,145.64,175.89
2,Bihar,912,Gaya,1994,166.62,3.19,107.57,7.18,114.75,267.88
2,Bihar,912,Gaya,1995,177.27,11.79,149.97,5.66,155.63,244.03
2,Bihar,912,Gaya,1996,159.50,2.07,125.25,4.51,129.75,228.67
2,Bihar,912,Gaya,1997,220.00,2.00,141.00,5.00,141.00,116.00
2,Bihar,912,Gaya,1998,174.75,4.20,151.57,5.90,151.47,184.25
2,Bihar,912,Gaya,1999,284.04,5.27,229.24,4.31,233.55,11.95
2,Bihar,912,Gaya,2000,146.81,9.74,323.72,4.41,328.13,24.81
2,Bihar,912,Gaya,2001,238.37,3.77,297.38,1.09,298.47,13.31
2,Bihar,912,Gaya,2002,209.09,2.81,319.77,3.22,322.99,14.02
2,Bihar,912,Gaya,2003,160.55,3.49,379.31,4.74,384.05,22.94
2,Bihar,912,Gaya,2004,106.14,3.38,200.36,4.92,205.27,20.46
2,Bihar,912,Gaya,2005,102.52,3.46,176.16,4.34,180.50,48.34
2,Bihar,912,Gaya,2006,138.68,0.35,375.72,3.76,379.48,38.95
2,Bihar,912,Gaya,2007,136.72,0.18,374.02,3.14,377.16,25.61
2,Bihar,912,Gaya,2008,123.58,0.12,348.14,2.99,351.14,13.42
2,Bihar,912,Gaya,2009,115.17,0.25,170.53,3.49,174.02,56.94
2,Bihar,912,Gaya,2010,166.18,0.24,159.09,1.99,161.08,30.32
2,Bihar,912,Gaya,2011,193.11,0.31,180.99,2.64,183.63,38.64
2,Bihar,913,Hazaribagh,1966,0.37,2.22,0.28,7.90,8.18,0.93
2,Bihar,913,Hazaribagh,1967,0.41,8.72,1.09,11.87,12.96,2.38
2,Bihar,913,Hazaribagh,1968,0.16,8.29,1.17,13.64,14.81,3.64
2,Bihar,913,Hazaribagh,1969,0.42,3.53,2.09,17.53,15.62,1.77
2,Bihar,913,Hazaribagh,1970,0.77,4.64,0.98,11.88,12.86,1.64
2,Bihar,913,Hazaribagh,1971,0.08,3.86,0.66,13.16,13.82,1.40
2,Bihar,913,Hazaribagh,1972,0.54,2.98,1.81,15.28,17.09,1.69
2,Bihar,913,Hazaribagh,1973,1.13,2.94,1.49,12.11,13.60,3.85
2,Bihar,913,Hazaribagh,1974,1.22,2.43,0.64,15.88,16.52,2.89
2,Bihar,913,Hazaribagh,1975,2.05,5.47,0.46,18.25,18.71,2.70
2,Bihar,913,Hazaribagh,1976,2.11,4.41,0.77,19.92,20.69,3.12
2,Bihar,913,Hazaribagh,1977,2.88,5.49,1.74,15.30,17.04,3.26
2,Bihar,913,Hazaribagh,1978,2.01,6.70,1.88,13.61,15.49,4.98
2,Bihar,913,Hazaribagh,1979,0.93,4.42,1.06,14.21,15.27,2.12
2,Bihar,913,Hazaribagh,1980,1.17,4.40,4.33,15.01,19.34,2.58
2,Bihar,913,Hazaribagh,1981,1.48,3.36,2.12,14.10,16.22,2.22
2,Bihar,913,Hazaribagh,1982,2.64,4.16,0.84,12.07,12.91,3.83
2,Bihar,913,Hazaribagh,1983,1.94,3.94,2.22,10.92,13.14,4.93
2,Bihar,913,Hazaribagh,1984,3.69,2.56,3.07,11.80,14.87,2.90
2,Bihar,913,Hazaribagh,1985,4.29,5.73,1.76,11.62,13.38,5.98
2,Bihar,913,Hazaribagh,1986,3.49,4.80,2.30,10.62,12.92,6.34
2,Bihar,913,Hazaribagh,1987,3.14,5.29,1.59,8.69,10.28,7.18
2,Bihar,913,Hazaribagh,1988,2.88,5.45,2.81,7.77,10.58,5.86
2,Bihar,913,Hazaribagh,1989,2.24,4.59,2.69,6.87,9.56,5.27
2,Bihar,913,Hazaribagh,1990,3.64,4.89,3.18,11.85,15.03,5.19
2,Bihar,913,Hazaribagh,1991,2.69,5.55,8.21,9.52,17.73,3.20
2,Bihar,913,Hazaribagh,1992,1.31,5.04,3.46,6.26,9.72,2.40
2,Bihar,913,Hazaribagh,1993,1.21,3.59,4.60,12.83,17.43,3.18
2,Bihar,913,Hazaribagh,1994,1.49,3.80,5.31,12.22,17.53,2.82
2,Bihar,913,Hazaribagh,1997,-1.00,-1.00,-1.00,-1.00,-1.00,-1.00
2,Bihar,913,Hazaribagh,1998,1.40,3.63,4.43,13.76,18.19,3.55
2,Bihar,913,Hazaribagh,1999,1.29,4.24,4.58,17.57,22.15,3.68
2,Bihar,914,Dhanbad,1966,0.22,8.62,0.10,1.51,1.61,1.16
2,Bihar,914,Dhanbad,1967,0.34,4.44,0.03,0.91,0.94,0.42
2,Bihar,914,Dhanbad,1968,0.08,4.49,0.25,0.62,0.87,0.65
2,Bihar,914,Dhanbad,1969,0.07,2.83,0.04,0.53,0.57,0.34
2,Bihar,914,Dhanbad,1970,0.09,2.19,0.07,0.45,0.52,0.28
2,Bihar,914,Dhanbad,1971,0.02,0.64,0.01,0.23,0.24,0.39
2,Bihar,914,Dhanbad,1972,0.19,1.44,0.04,0.74,0.78,0.74
2,Bihar,914,Dhanbad,1973,0.25,1.07,0.08,0.45,0.53,0.61
2,Bihar,914,Dhanbad,1974,0.18,1.29,0.00,0.59,0.59,0.65
2,Bihar,914,Dhanbad,1975,0.38,2.34,0.00,1.51,1.51,3.00
2,Bihar,914,Dhanbad,1976,0.32,2.01,0.19,0.53,0.72,1.02
2,Bihar,914,Dhanbad,1977,0.37,2.20,0.08,1.79,1.87,0.75
2,Bihar,914,Dhanbad,1978,0.33,1.85,0.00,0.59,0.59,0.27
2,Bihar,914,Dhanbad,1979,0.32,1.54,0.00,0.54,0.54,0.81
2,Bihar,914,Dhanbad,1980,0.00,0.47,0.00,0.54,0.54,0.41
2,Bihar,914,Dhanbad,1981,0.00,0.86,0.00,0.43,0.43,0.56
2,Bihar,914,Dhanbad,1982,0.00,0.19,0.01,0.45,0.46,0.89
2,Bihar,914,Dhanbad,1983,0.00,0.59,0.00,0.40,0.40,0.44
2,Bihar,914,Dhanbad,1984,0.00,0.91,0.00,0.78,0.78,0.42
2,Bihar,914,Dhanbad,1985,0.00,0.37,0.00,0.37,0.37,0.28
2,Bihar,914,Dhanbad,1986,0.00,0.38,0.00,0.48,0.48,0.27
2,Bihar,914,Dhanbad,1987,0.01,0.55,0.01,0.21,0.22,0.37
2,Bihar,914,Dhanbad,1988,0.00,0.34,0.00,0.25,0.25,0.25
2,Bihar,914,Dhanbad,1989,0.00,0.29,0.00,0.14,0.14,0.24
2,Bihar,914,Dhanbad,1990,0.00,0.22,0.00,0.31,0.31,0.31
2,Bihar,914,Dhanbad,1991,0.00,0.40,0.01,0.34,0.35,0.34
2,Bihar,914,Dhanbad,1992,0.04,0.52,0.01,0.97,0.98,0.26
2,Bihar,914,Dhanbad,1993,0.01,0.55,0.01,1.10,1.11,0.20
2,Bihar,914,Dhanbad,1994,0.02,0.56,0.00,1.14,1.14,0.13
2,Bihar,914,Dhanbad,1997,-1.00,-1.00,-1.00,-1.00,-1.00,-1.00
2,Bihar,914,Dhanbad,1998,0.01,0.40,0.05,1.12,1.17,0.49
2,Bihar,914,Dhanbad,1999,0.00,0.30,0.25,1.08,1.33,0.42
2,Bihar,915,Palamau,1966,1.94,4.03,2.25,12.41,14.66,15.10
2,Bihar,915,Palamau,1967,1.64,0.64,0.87,11.36,12.23,54.13
2,Bihar,915,Palamau,1968,3.81,14.69,3.86,9.63,13.49,30.13
2,Bihar,915,Palamau,1969,4.76,17.80,3.01,8.95,11.96,34.00
2,Bihar,915,Palamau,1970,3.85,19.42,1.52,8.10,9.62,37.12
2,Bihar,915,Palamau,1971,4.14,7.12,2.39,7.59,9.98,51.74
2,Bihar,915,Palamau,1972,4.08,4.93,5.39,8.64,14.03,43.06
2,Bihar,915,Palamau,1973,6.83,5.01,4.15,7.14,11.29,39.05
2,Bihar,915,Palamau,1974,7.45,5.29,5.23,7.65,12.88,33.89
2,Bihar,915,Palamau,1975,8.03,8.54,3.68,10.81,14.49,37.70
2,Bihar,915,Palamau,1976,7.19,8.99,3.76,12.55,16.31,33.09
2,Bihar,915,Palamau,1977,9.02,9.15,3.56,12.88,16.44,34.60
2,Bihar,915,Palamau,1978,9.49,9.44,3.73,12.57,16.30,35.12
2,Bihar,915,Palamau,1979,4.31,2.87,2.43,9.38,11.81,15.10
2,Bihar,915,Palamau,1980,8.03,4.85,2.67,10.25,12.92,27.53
2,Bihar,915,Palamau,1981,9.86,5.41,2.21,9.39,11.60,23.96
2,Bihar,915,Palamau,1982,4.83,3.28,2.17,9.52,11.69,27.33
2,Bihar,915,Palamau,1983,7.94,1.85,4.69,9.99,14.68,21.47
2,Bihar,915,Palamau,1984,8.35,3.52,7.59,9.11,16.70,26.08
2,Bihar,915,Palamau,1985,5.47,2.31,4.20,7.22,11.42,28.87
2,Bihar,915,Palamau,1986,5.82,2.36,6.84,6.39,13.23,27.72
2,Bihar,915,Palamau,1987,3.01,0.31,4.91,6.57,11.48,37.39
2,Bihar,915,Palamau,1988,8.82,1.72,8.19,4.02,12.21,19.85
2,Bihar,915,Palamau,1989,10.30,0.60,2.71,8.31,11.02,23.97
2,Bihar,915,Palamau,1990,11.16,0.75,5.16,9.64,14.80,25.60
2,Bihar,915,Palamau,1991,11.06,0.66,6.26,9.99,16.25,24.02
2,Bihar,915,Palamau,1992,11.15,3.82,6.56,11.94,18.50,7.42
2,Bihar,915,Palamau,1993,16.20,9.57,7.93,11.91,19.84,13.91
2,Bihar,915,Palamau,1994,17.25,9.58,7.78,19.13,26.91,15.79
2,Bihar,915,Palamau,1997,-1.00,-1.00,-1.00,-1.00,-1.00,-1.00
2,Bihar,915,Palamau,1998,17.66,6.71,3.05,16.21,19.26,19.64
2,Bihar,915,Palamau,1999,7.25,7.54,5.51,14.88,20.39,14.45
2,Bihar,916,Ranchi,1966,3.85,1.38,0.22,6.06,6.28,1.71
2,Bihar,916,Ranchi,1967,6.58,1.20,0.13,5.30,5.43,2.94
2,Bihar,916,Ranchi,1968,6.52,7.22,0.12,5.72,5.84,5.23
2,Bihar,916,Ranchi,1969,8.68,0.74,0.30,5.88,6.18,2.80
2,Bihar,916,Ranchi,1970,12.91,0.45,0.33,4.52,4.85,5.70
2,Bihar,916,Ranchi,1971,9.32,0.73,0.52,7.52,8.04,3.53
2,Bihar,916,Ranchi,1972,1.58,1.35,1.25,7.44,8.69,15.80
2,Bihar,916,Ranchi,1973,12.08,0.94,1.91,11.27,13.18,4.18
2,Bihar,916,Ranchi,1974,12.24,0.79,2.02,11.51,13.53,6.78
2,Bihar,916,Ranchi,1975,9.05,4.27,4.34,25.86,30.20,12.78
2,Bihar,916,Ranchi,1976,7.31,3.97,3.31,22.16,25.47,10.86
2,Bihar,916,Ranchi,1977,8.26,2.75,1.23,22.62,23.85,9.72
2,Bihar,916,Ranchi,1978,7.43,1.13,2.49,17.42,19.91,7.57
2,Bihar,916,Ranchi,1979,7.92,2.57,1.13,15.12,16.25,6.30
2,Bihar,916,Ranchi,1980,8.91,1.03,5.10,12.80,17.90,6.96
2,Bihar,916,Ranchi,1981,7.85,1.89,2.70,12.22,14.92,6.25
2,Bihar,916,Ranchi,1982,1.24,2.47,2.98,9.14,12.12,10.92
2,Bihar,916,Ranchi,1983,8.60,2.86,0.68,11.55,12.23,9.01
2,Bihar,916,Ranchi,1984,6.90,3.63,0.81,12.38,13.19,7.26
2,Bihar,916,Ranchi,1985,5.16,1.39,1.30,8.55,9.85,9.41
2,Bihar,916,Ranchi,1986,7.71,1.35,2.45,11.86,14.31,8.23
2,Bihar,916,Ranchi,1987,4.98,0.57,3.35,7.12,7.14,7.05
2,Bihar,916,Ranchi,1988,5.89,0.88,2.69,11.14,13.83,7.94
2,Bihar,916,Ranchi,1989,6.31,0.71,1.16,10.50,11.66,7.88
2,Bihar,916,Ranchi,1990,5.38,1.46,0.51,10.68,11.19,11.09
2,Bihar,916,Ranchi,1991,2.00,2.07,1.36,8.50,9.86,14.84
2,Bihar,916,Ranchi,1992,1.68,1.29,0.21,7.73,7.94,17.39
2,Bihar,916,Ranchi,1993,5.77,1.23,0.47,11.59,12.06,10.36
2,Bihar,916,Ranchi,1994,5.66,1.41,0.31,14.24,14.55,11.06
2,Bihar,916,Ranchi,1997,-1.00,-1.00,-1.00,-1.00,-1.00,-1.00
2,Bihar,916,Ranchi,1998,3.77,2.73,0.79,12.93,13.72,9.65
2,Bihar,916,Ranchi,1999,3.54,1.09,0.34,14.03,14.37,9.88
2,Bihar,917,Singhbhum,1966,5.96,6.44,0.02,1.85,1.87,4.93
2,Bihar,917,Singhbhum,1967,5.04,5.83,0.00,2.72,2.72,4.88
2,Bihar,917,Singhbhum,1968,6.15,7.30,0.03,0.29,0.32,6.28
2,Bihar,917,Singhbhum,1969,11.84,10.62,0.01,0.21,0.22,3.33
2,Bihar,917,Singhbhum,1970,11.48,7.55,0.03,0.29,0.32,3.70
2,Bihar,917,Singhbhum,1971,11.79,7.09,0.00,0.41,0.41,3.66
2,Bihar,917,Singhbhum,1972,9.94,6.24,0.02,0.94,0.96,2.07
2,Bihar,917,Singhbhum,1973,8.98,6.54,0.10,1.04,1.14,2.43
2,Bihar,917,Singhbhum,1974,9.53,6.82,0.02,0.64,0.66,1.55
2,Bihar,917,Singhbhum,1975,9.04,6.81,0.20,1.37,1.57,2.58
2,Bihar,917,Singhbhum,1976,9.76,5.38,0.00,2.66,2.66,3.37
2,Bihar,917,Singhbhum,1977,5.11,8.75,0.01,1.24,1.25,4.13
2,Bihar,917,Singhbhum,1978,10.71,4.97,0.00,0.38,0.38,2.43
2,Bihar,917,Singhbhum,1979,7.61,5.64,0.01,0.64,0.65,2.02
2,Bihar,917,Singhbhum,1980,6.52,4.02,0.03,0.63,0.66,1.96
2,Bihar,917,Singhbhum,1981,10.53,2.72,1.25,0.60,1.85,1.90
2,Bihar,917,Singhbhum,1982,22.73,3.90,0.25,0.41,0.66,1.31
2,Bihar,917,Singhbhum,1983,9.01,1.99,0.22,0.16,0.38,1.90
2,Bihar,917,Singhbhum,1984,10.89,2.44,0.17,0.22,0.39,2.27
2,Bihar,917,Singhbhum,1985,10.82,2.41,0.03,0.19,0.22,2.76
2,Bihar,917,Singhbhum,1986,9.01,2.59,0.02,0.52,1.54,2.48
2,Bihar,917,Singhbhum,1987,9.92,2.11,0.61,0.45,1.06,2.40
2,Bihar,917,Singhbhum,1988,8.20,2.17,0.39,0.32,0.71,2.38
2,Bihar,917,Singhbhum,1989,5.99,0.62,0.52,0.25,0.77,2.14
2,Bihar,917,Singhbhum,1990,4.58,2.93,0.12,1.03,1.15,1.30
2,Bihar,917,Singhbhum,1991,4.77,2.12,0.32,0.24,0.56,1.57
2,Bihar,917,Singhbhum,1992,5.28,2.16,0.36,0.51,0.87,2.04
2,Bihar,917,Singhbhum,1993,4.53,1.05,0.24,0.08,0.32,5.52
2,Bihar,917,Singhbhum,1994,5.96,4.92,0.09,0.79,0.88,4.17
2,Bihar,917,Singhbhum,1997,-1.00,-1.00,-1.00,-1.00,-1.00,-1.00
2,Bihar,917,Singhbhum,1998,3.71,0.66,0.08,0.15,0.23,3.23
